Unnamed: 0,Name,Location,Year,Kilometers_Driven,Owner_Type,Mileage,Engine,Power,Seats,New_Price,Price,New_price,Fuel_Type_Electric,Fuel_Type_Petrol,Transmission_Manual,Age,Cost_Efficiency
1,Hyundai Creta 1.6 CRDi SX Option,Pune,2015,41000,First,19.67,1582.0,126.2,5.0,4.78 Lakh,12.5,4.78,False,False,True,10,0.6354855109303508
2,Honda Jazz V,Chennai,2011,46000,First,13.0,1199.0,88.7,5.0,8.61 Lakh,4.5,8.61,False,True,True,14,0.34615384615384615
3,Maruti Ertiga VDI,Chennai,2012,87000,First,20.77,1248.0,88.76,7.0,4.78 Lakh,6.0,4.78,False,False,True,13,0.2888781896966779
4,Audi A4 New 2.0 TDI Multitronic,Coimbatore,2013,40670,Second,15.2,1968.0,140.8,5.0,4.78 Lakh,17.74,4.78,False,False,False,12,1.1671052631578946
6,Nissan Micra Diesel XV,Jaipur,2013,86999,First,23.08,1461.0,63.1,5.0,4.78 Lakh,3.5,4.78,False,False,True,12,0.1516464471403813
7,Toyota Innova Crysta 2.8 GX AT 8S,Mumbai,2016,36000,First,11.36,2755.0,171.5,8.0,21 Lakh,17.5,21.0,False,False,False,9,1.540492957746479
8,Volkswagen Vento Diesel Comfortline,Pune,2013,64430,First,20.54,1598.0,103.6,5.0,4.78 Lakh,5.2,4.78,False,False,True,12,0.25316455696202533
9,Tata Indica Vista Quadrajet LS,Chennai,2012,65932,Second,22.3,1248.0,74.0,5.0,4.78 Lakh,1.95,4.78,False,False,True,13,0.0874439461883408
10,Maruti Ciaz Zeta,Kochi,2018,25692,First,21.56,1462.0,103.25,5.0,10.65 Lakh,9.95,10.65,False,True,True,7,0.4615027829313543
11,Honda City 1.5 V AT Sunroof,Kolkata,2012,60000,First,16.8,1497.0,116.3,5.0,4.78 Lakh,4.49,4.78,False,True,False,13,0.26726190476190476
12,Maruti Swift VDI BSIV,Jaipur,2015,64424,First,25.2,1248.0,74.0,5.0,4.78 Lakh,5.6,4.78,False,False,True,10,0.2222222222222222
13,Land Rover Range Rover 2.2L Pure,Delhi,2014,72000,First,12.7,2179.0,187.7,5.0,4.78 Lakh,27.0,4.78,False,False,False,11,2.125984251968504
14,Land Rover Freelander 2 TD4 SE,Pune,2012,85000,Second,0.0,2179.0,115.0,5.0,4.78 Lakh,17.5,4.78,False,False,False,13,
15,Mitsubishi Pajero Sport 4X4,Delhi,2014,110000,First,13.5,2477.0,175.56,7.0,32.01 Lakh,15.0,32.01,False,False,True,11,1.1111111111111112
16,Honda Amaze S i-Dtech,Kochi,2016,58950,First,25.8,1498.0,98.6,5.0,4.78 Lakh,5.4,4.78,False,False,True,9,0.20930232558139536
17,Maruti Swift DDiS VDI,Jaipur,2017,25000,First,28.4,1248.0,74.0,5.0,4.78 Lakh,5.99,4.78,False,False,True,8,0.2109154929577465
18,Renault Duster 85PS Diesel RxL Plus,Kochi,2014,77469,First,20.45,1461.0,83.8,5.0,4.78 Lakh,6.34,4.78,False,False,True,11,0.31002444987775063
19,Mercedes-Benz New C-Class C 220 CDI BE Avantgare,Bangalore,2014,78500,First,14.84,2143.0,167.62,5.0,4.78 Lakh,28.0,4.78,False,False,False,11,1.8867924528301887
20,BMW 3 Series 320d,Kochi,2014,32982,First,22.69,1995.0,190.0,5.0,47.87 Lakh,18.55,47.87,False,False,False,11,0.8175407668576465
21,Maruti S Cross DDiS 200 Alpha,Bangalore,2015,55392,Second,23.65,1248.0,88.5,5.0,4.78 Lakh,8.25,4.78,False,False,True,10,0.3488372093023256
22,Audi A6 2011-2015 35 TFSI Technology,Mumbai,2015,55985,First,13.53,1984.0,177.01,5.0,4.78 Lakh,23.5,4.78,False,True,False,10,1.7368810051736883
23,Hyundai i20 1.2 Magna,Kolkata,2010,45807,First,18.5,1197.0,80.0,5.0,4.78 Lakh,1.87,4.78,False,True,True,15,0.10108108108108109
24,Volkswagen Vento Petrol Highline AT,Kolkata,2010,33000,First,14.4,1598.0,103.6,5.0,4.78 Lakh,2.85,4.78,False,True,False,15,0.19791666666666666
25,Honda City Corporate Edition,Mumbai,2012,51920,First,16.8,1497.0,116.3,5.0,4.78 Lakh,4.25,4.78,False,True,True,13,0.25297619047619047
26,Nissan Micra Diesel XV,Hyderabad,2012,54000,First,16.48,1461.0,63.1,5.0,4.78 Lakh,4.25,4.78,False,False,True,13,0.2578883495145631
27,Maruti Alto K10 2010-2014 VXI,Hyderabad,2013,54000,Second,20.92,998.0,67.1,5.0,4.78 Lakh,2.75,4.78,False,True,True,12,0.13145315487571702
28,Honda WRV i-VTEC VX,Kochi,2018,37430,First,17.5,1199.0,88.7,5.0,10.57 Lakh,9.9,10.57,False,True,True,7,0.5657142857142857
29,Toyota Innova 2.5 V Diesel 7-seater,Mumbai,2007,262000,Fourth & Above,12.8,2494.0,102.0,7.0,4.78 Lakh,4.0,4.78,False,False,True,18,0.3125
30,Renault Duster 110PS Diesel RxZ Pack,Bangalore,2013,62000,First,19.01,1461.0,108.45,5.0,4.78 Lakh,7.75,4.78,False,False,True,12,0.40768016833245657
31,Toyota Corolla Altis G,Delhi,2012,87615,First,14.53,1798.0,138.1,5.0,4.78 Lakh,6.75,4.78,False,True,True,13,0.46455609084652444
32,Mahindra Ssangyong Rexton RX7,Bangalore,2013,72000,Second,11.18,2696.0,184.0,7.0,4.78 Lakh,12.5,4.78,False,False,False,12,1.118067978533095
33,Audi A6 2.7 TDI,Kolkata,2010,35000,First,12.4,2698.0,179.5,5.0,4.78 Lakh,11.5,4.78,False,False,False,15,0.9274193548387096
34,Volkswagen Vento 1.6 Highline,Coimbatore,2014,55431,Second,16.09,1598.0,103.5,5.0,12.33 Lakh,6.98,12.33,False,True,True,11,0.4338098197638285
35,Maruti Wagon R LXI BSIII,Jaipur,2009,83816,Second,14.0,1061.0,64.0,5.0,4.78 Lakh,1.85,4.78,False,True,True,16,0.13214285714285715
36,Maruti Vitara Brezza ZDi Plus,Kochi,2018,50075,First,24.3,1248.0,88.5,5.0,11.12 Lakh,8.63,11.12,False,False,True,7,0.35514403292181074
37,Mahindra KUV 100 mFALCON G80 K6 5str AW,Delhi,2017,52000,First,18.15,1198.0,82.0,5.0,4.78 Lakh,4.85,4.78,False,True,True,8,0.26721763085399447
38,Mercedes-Benz M-Class ML 350 CDI,Pune,2013,85000,First,11.74,2987.0,254.8,5.0,4.78 Lakh,28.0,4.78,False,False,False,12,2.385008517887564
39,Volkswagen Polo Diesel Trendline 1.2L,Chennai,2013,62000,First,22.07,1199.0,73.9,5.0,4.78 Lakh,5.0,4.78,False,False,True,12,0.22655188038060717
40,Maruti Alto LXi,Delhi,2008,90000,Second,19.7,796.0,46.3,5.0,4.78 Lakh,1.25,4.78,False,True,True,17,0.06345177664974619
41,Tata Nano LX SE,Kochi,2014,19698,First,25.4,624.0,37.5,4.0,4.78 Lakh,1.53,4.78,False,True,True,11,0.06023622047244095
42,Mahindra KUV 100 mFALCON D75 K8 Dual Tone,Coimbatore,2017,22033,First,25.32,1198.0,77.0,6.0,4.78 Lakh,5.58,4.78,False,False,True,8,0.22037914691943128
43,Hyundai i20 Magna Optional 1.2,Kochi,2014,35487,First,18.5,1197.0,82.9,5.0,4.78 Lakh,4.74,4.78,False,True,True,11,0.2562162162162162
44,Hyundai Elantra 2.0 SX Option AT,Bangalore,2014,46374,First,14.62,1999.0,149.92,5.0,23.64 Lakh,8.85,23.64,False,True,False,11,0.6053351573187414
45,Toyota Corolla Altis G AT,Mumbai,2016,52001,First,14.28,1798.0,138.03,5.0,4.78 Lakh,10.11,4.78,False,True,False,9,0.707983193277311
46,Hyundai Elantra CRDi,Ahmedabad,2008,58005,Second,14.9,1991.0,112.2,5.0,4.78 Lakh,4.25,4.78,False,False,True,17,0.28523489932885904
47,Toyota Innova Crysta 2.7 GX MT,Bangalore,2012,70704,First,11.25,2694.0,163.7,7.0,18.64 Lakh,10.95,18.64,False,True,True,13,0.9733333333333333
48,Hyundai Xcent 1.1 CRDi S,Jaipur,2014,75000,First,24.4,1120.0,71.0,5.0,4.78 Lakh,3.85,4.78,False,False,True,11,0.15778688524590165
49,Mahindra Thar CRDe AC,Jaipur,2012,75800,Second,16.55,2498.0,105.0,6.0,4.78 Lakh,5.5,4.78,False,False,True,13,0.3323262839879154
50,Audi A4 2.0 TDI 177 Bhp Premium Plus,Kochi,2015,13648,First,17.11,1968.0,174.33,5.0,4.78 Lakh,21.43,4.78,False,False,False,10,1.2524839275277615
51,Maruti Swift LDI,Delhi,2014,52000,First,22.9,1248.0,74.0,5.0,4.78 Lakh,4.25,4.78,False,False,True,11,0.18558951965065504
52,Maruti Swift Ldi BSIV,Kolkata,2014,53000,First,17.8,1248.0,75.0,5.0,4.78 Lakh,3.3,4.78,False,False,True,11,0.18539325842696627
53,Maruti Swift VDI,Delhi,2013,65650,First,28.4,1248.0,74.0,5.0,4.78 Lakh,3.85,4.78,False,False,True,12,0.13556338028169015
54,Hyundai Grand i10 Sportz,Chennai,2015,54000,Third,18.9,1197.0,82.0,5.0,4.78 Lakh,3.6,4.78,False,True,True,10,0.1904761904761905
55,Volkswagen Vento 2013-2015 1.6 Comfortline,Kolkata,2015,39000,First,15.04,1598.0,103.2,5.0,4.78 Lakh,3.99,4.78,False,True,True,10,0.26529255319148937
56,Renault KWID RXT,Kochi,2017,16542,First,25.17,799.0,53.3,5.0,4.78 Lakh,3.3,4.78,False,True,True,8,0.13110846245530391
57,Hyundai i10 Asta,Kolkata,2010,32000,First,20.36,1197.0,78.9,5.0,4.78 Lakh,2.07,4.78,False,True,True,15,0.10166994106090373
58,Nissan X-Trail SLX AT,Hyderabad,2010,121812,First,9.49,1995.0,147.6,5.0,4.78 Lakh,7.75,4.78,False,False,False,15,0.8166491043203372
59,Maruti Zen Estilo VXI BSIII,Hyderabad,2010,39300,First,18.2,998.0,67.1,5.0,4.78 Lakh,2.25,4.78,False,True,True,15,0.12362637362637363
60,Toyota Innova Crysta 2.4 GX MT 8S,Mumbai,2017,22000,First,13.68,2393.0,147.8,8.0,19.34 Lakh,16.5,19.34,False,False,True,8,1.206140350877193
61,Ford Figo Diesel Titanium,Bangalore,2010,72000,First,20.0,1399.0,68.0,5.0,4.78 Lakh,2.75,4.78,False,False,True,15,0.1375
62,Mercedes-Benz New C-Class C 200 CGI Avantgarde,Delhi,2015,58000,First,11.74,1796.0,186.0,5.0,4.78 Lakh,26.7,4.78,False,True,False,10,2.27427597955707
63,Mercedes-Benz New C-Class 200 CDI Classic,Pune,2011,65000,Second,15.8,2148.0,170.0,5.0,4.78 Lakh,10.0,4.78,False,False,True,14,0.6329113924050632
64,Tata Indica V2 eLS,Chennai,2016,178000,First,25.0,1396.0,69.0,5.0,4.78 Lakh,2.5,4.78,False,False,True,9,0.1
65,Audi A4 2.0 TDI Multitronic,Jaipur,2012,65664,First,16.55,1968.0,140.0,5.0,4.78 Lakh,13.5,4.78,False,False,False,13,0.8157099697885196
66,Honda City ZX CVT,Mumbai,2007,63000,Second,16.4,1497.0,78.0,5.0,4.78 Lakh,1.85,4.78,False,True,False,18,0.1128048780487805
67,Mercedes-Benz C-Class Progressive C 220d,Coimbatore,2019,15369,First,0.0,1950.0,194.0,5.0,49.14 Lakh,35.67,49.14,False,False,False,6,
68,Maruti Ertiga SHVS VDI,Pune,2016,63000,First,24.52,1248.0,88.5,7.0,4.78 Lakh,8.15,4.78,False,False,True,9,0.33238172920065256
69,Hyundai Creta 1.4 E Plus Diesel,Mumbai,2018,13000,First,22.1,1396.0,88.7,5.0,11.81 Lakh,10.5,11.81,False,False,True,7,0.4751131221719457
70,Porsche Cayenne 2009-2014 Turbo,Mumbai,2008,73000,First,8.5,4806.0,500.0,5.0,4.78 Lakh,14.5,4.78,False,True,False,17,1.7058823529411764
71,Mahindra XUV500 W8 4WD,Mumbai,2015,55729,First,15.1,2179.0,140.0,7.0,4.78 Lakh,9.65,4.78,False,False,True,10,0.6390728476821192
72,Hyundai i10 Sportz 1.2 AT,Kochi,2012,45178,First,16.95,1197.0,78.9,5.0,4.78 Lakh,3.48,4.78,False,True,False,13,0.20530973451327433
73,Nissan Terrano XV D Pre,Kochi,2015,56066,First,19.64,1461.0,108.5,5.0,16.65 Lakh,6.92,16.65,False,False,True,10,0.35234215885947046
74,Honda Brio VX AT,Coimbatore,2016,37300,Second,16.5,1198.0,86.8,5.0,4.78 Lakh,6.46,4.78,False,True,False,9,0.39151515151515154
75,Audi A6 2.0 TDI Design Edition,Delhi,2014,56000,Second,18.53,1968.0,187.74,5.0,4.78 Lakh,29.5,4.78,False,False,False,11,1.5920129519697785
77,Toyota Innova 2.0 G1,Chennai,2006,230000,Third,12.4,1998.0,132.0,8.0,4.78 Lakh,4.5,4.78,False,True,True,19,0.3629032258064516
78,Toyota Innova 2.5 VX 7 STR BSIV,Hyderabad,2012,104000,First,12.8,2494.0,102.0,7.0,4.78 Lakh,11.75,4.78,False,False,True,13,0.91796875
80,Maruti Swift VDI,Jaipur,2012,95100,First,22.9,1248.0,74.0,5.0,4.78 Lakh,3.75,4.78,False,False,True,13,0.16375545851528386
81,Tata Zest Revotron 1.2T XE,Pune,2017,70000,First,17.57,1193.0,88.7,5.0,6.67 Lakh,4.5,6.67,False,True,True,8,0.25611838360842343
82,Honda Amaze SX i-VTEC,Kochi,2016,54944,First,18.0,1198.0,86.7,5.0,4.78 Lakh,4.82,4.78,False,True,True,9,0.2677777777777778
83,Ford Figo Diesel ZXI,Hyderabad,2012,70337,First,20.0,1399.0,68.0,5.0,4.78 Lakh,2.8,4.78,False,False,True,13,0.13999999999999999
84,Maruti Ritz VDi,Jaipur,2013,99638,First,23.2,1248.0,73.94,5.0,4.78 Lakh,3.11,4.78,False,False,True,12,0.13405172413793104
85,Honda City i VTEC E,Delhi,2009,52000,First,17.8,1497.0,117.3,5.0,4.78 Lakh,3.25,4.78,False,True,True,16,0.18258426966292135
86,BMW 5 Series 2003-2012 525d,Delhi,2011,75000,Second,16.73,1995.0,218.0,5.0,4.78 Lakh,13.9,4.78,False,False,False,14,0.830842797369994
87,Hyundai i10 Sportz 1.2,Pune,2009,95980,First,20.36,1197.0,78.9,5.0,4.78 Lakh,2.25,4.78,False,True,True,16,0.11051080550098231
88,Hyundai Grand i10 Sportz,Bangalore,2016,16000,First,18.9,1197.0,82.0,5.0,4.78 Lakh,5.75,4.78,False,True,True,9,0.30423280423280424
90,Honda Amaze SX i-VTEC,Mumbai,2016,18949,First,17.8,1198.0,86.7,5.0,4.78 Lakh,5.0,4.78,False,True,True,9,0.28089887640449435
91,Toyota Fortuner 4x2 Manual,Delhi,2014,107000,First,13.0,2982.0,168.5,7.0,4.78 Lakh,16.5,4.78,False,False,True,11,1.2692307692307692
92,Audi A6 2011-2015 35 TDI Premium,Coimbatore,2018,48367,First,17.68,1968.0,174.33,5.0,4.78 Lakh,39.58,4.78,False,False,False,7,2.23868778280543
93,Ford Ecosport 1.5 DV5 MT Titanium Optional,Delhi,2013,57000,First,22.7,1498.0,89.84,5.0,4.78 Lakh,5.5,4.78,False,False,True,12,0.2422907488986784
94,Mahindra XUV500 W8 2WD,Delhi,2014,58000,First,15.1,2179.0,140.0,7.0,4.78 Lakh,8.1,4.78,False,False,True,11,0.5364238410596026
95,Honda Amaze SX i-DTEC,Kolkata,2015,30000,First,25.8,1498.0,98.6,5.0,4.78 Lakh,3.5,4.78,False,False,True,10,0.13565891472868216
96,Volkswagen Polo Diesel Highline 1.2L,Kolkata,2013,34212,First,22.07,1199.0,73.9,5.0,4.78 Lakh,2.79,4.78,False,False,True,12,0.12641594925237878
97,Hyundai Verna Transform SX VGT CRDi,Ahmedabad,2010,70002,First,16.2,1493.0,110.0,5.0,4.78 Lakh,3.45,4.78,False,False,True,15,0.212962962962963
98,Maruti Wagon R VXI BS IV,Bangalore,2016,62000,First,18.9,998.0,67.1,5.0,4.78 Lakh,4.45,4.78,False,True,True,9,0.23544973544973546
99,Volkswagen Polo Petrol Highline 1.6L,Delhi,2010,62001,First,15.26,1598.0,103.5,5.0,4.78 Lakh,2.65,4.78,False,True,True,15,0.17365661861074705
100,Hyundai i20 1.4 CRDi Sportz,Pune,2011,78958,Second,23.0,1396.0,90.0,5.0,4.78 Lakh,3.8,4.78,False,False,True,14,0.16521739130434782
101,Hyundai i20 Asta 1.2,Mumbai,2014,30180,First,18.5,1197.0,82.85,5.0,4.78 Lakh,4.65,4.78,False,True,True,11,0.2513513513513514
102,Datsun GO Plus T Petrol,Pune,2017,32851,First,19.83,1198.0,67.0,7.0,6.45 Lakh,3.95,6.45,False,True,True,8,0.19919314170448818
103,Audi A4 3.0 TDI Quattro Premium,Kolkata,2010,30000,First,14.94,2967.0,241.4,5.0,4.78 Lakh,9.8,4.78,False,False,False,15,0.6559571619812584
104,Hyundai i20 2015-2017 Asta,Pune,2009,66000,Second,17.0,1197.0,80.0,5.0,4.78 Lakh,2.7,4.78,False,True,True,16,0.15882352941176472
105,Maruti Omni 5 Str STD,Coimbatore,2010,93850,First,14.0,796.0,35.0,5.0,4.78 Lakh,2.41,4.78,False,True,True,15,0.17214285714285715
106,Toyota Etios Liva 1.2 G,Ahmedabad,2014,53000,First,17.71,1197.0,78.9,5.0,6.41 Lakh,3.9,6.41,False,True,True,11,0.22021456804065498
107,Jaguar XF 3.0 Litre S Premium Luxury,Hyderabad,2011,78000,Second,14.74,2993.0,270.9,5.0,4.78 Lakh,24.0,4.78,False,False,False,14,1.6282225237449117
108,Mahindra XUV500 W8 2WD,Delhi,2012,65000,Second,16.0,2179.0,140.0,7.0,4.78 Lakh,5.75,4.78,False,False,True,13,0.359375
109,Hyundai Verna 1.6 SX CRDI (O) AT,Kolkata,2014,40000,First,22.32,1582.0,126.32,5.0,4.78 Lakh,5.25,4.78,False,False,False,11,0.23521505376344085
110,Toyota Innova Crysta 2.8 ZX AT,Mumbai,2017,30000,First,11.36,2755.0,171.5,7.0,27 Lakh,19.25,27.0,False,False,False,8,1.6945422535211268
111,Maruti Eeco 5 Seater AC,Coimbatore,2017,38053,First,15.1,1196.0,73.0,5.0,5.13 Lakh,3.91,5.13,False,True,True,8,0.2589403973509934
112,Tata Nano Twist XT,Bangalore,2014,25500,First,25.4,624.0,37.5,4.0,4.78 Lakh,2.15,4.78,False,True,True,11,0.08464566929133858
113,BMW 3 Series 320d Luxury Line,Mumbai,2015,56087,First,22.69,1995.0,190.0,5.0,54.43 Lakh,20.75,54.43,False,False,False,10,0.9144997796386073
114,Honda Civic 2006-2010 1.8 V MT,Delhi,2010,71088,First,13.5,1799.0,130.0,5.0,4.78 Lakh,3.35,4.78,False,True,True,15,0.24814814814814815
115,Toyota Innova 2.5 VX (Diesel) 7 Seater,Ahmedabad,2014,55000,First,12.99,2494.0,100.6,7.0,4.78 Lakh,11.11,4.78,False,False,True,11,0.8552732871439568
116,Volvo V40 Cross Country D3,Bangalore,2014,32700,First,23.3,1984.0,150.0,5.0,4.78 Lakh,20.0,4.78,False,False,False,11,0.8583690987124464
117,Nissan Micra XV CVT,Coimbatore,2016,39882,First,19.15,1198.0,75.94,5.0,9.51 Lakh,6.55,9.51,False,True,False,9,0.3420365535248042
118,BMW 5 Series 2010-2013 525i,Mumbai,2009,128000,First,10.8,2497.0,215.0,5.0,4.78 Lakh,7.0,4.78,False,True,False,16,0.6481481481481481
119,Maruti Vitara Brezza VDi,Mumbai,2016,55000,First,24.3,1248.0,88.5,5.0,9.96 Lakh,7.5,9.96,False,False,True,9,0.30864197530864196
121,Mercedes-Benz B Class B200 CDI,Pune,2014,53753,Second,15.0,2143.0,107.3,5.0,4.78 Lakh,16.75,4.78,False,False,False,11,1.1166666666666667
122,Hyundai Verna CRDi 1.6 SX Option,Kolkata,2018,10250,First,22.0,1582.0,126.2,5.0,14.44 Lakh,10.95,14.44,False,False,True,7,0.4977272727272727
123,Maruti Wagon R LXI BS IV,Pune,2011,43874,First,18.9,998.0,67.1,5.0,4.78 Lakh,2.45,4.78,False,True,True,14,0.12962962962962965
124,Tata Nano XTA,Coimbatore,2017,32684,First,21.9,624.0,37.48,4.0,4.78 Lakh,3.23,4.78,False,True,False,8,0.14748858447488586
125,Mahindra Scorpio VLX,Kolkata,2014,42000,First,12.05,2179.0,120.0,8.0,4.78 Lakh,7.75,4.78,False,False,True,11,0.6431535269709543
126,Mercedes-Benz New C-Class 200 K AT,Kolkata,2009,28352,First,11.7,1796.0,178.0,5.0,4.78 Lakh,9.35,4.78,False,True,False,16,0.7991452991452992
128,Honda CR-V 2.4 MT,Bangalore,2007,47700,Second,10.8,2354.0,152.0,5.0,4.78 Lakh,5.25,4.78,False,True,True,18,0.4861111111111111
129,Volkswagen Vento 1.5 TDI Comfortline AT,Pune,2015,55000,First,21.21,1498.0,103.2,5.0,4.78 Lakh,7.25,4.78,False,False,False,10,0.3418198962753418
130,Maruti Ciaz VXi Plus,Kochi,2017,44285,First,20.73,1373.0,91.1,5.0,4.78 Lakh,7.47,4.78,False,True,True,8,0.36034732272069464
131,Mahindra XUV500 AT W10 FWD,Jaipur,2016,54000,First,16.0,2179.0,140.0,7.0,4.78 Lakh,13.25,4.78,False,False,False,9,0.828125
132,Maruti Ritz VXI ABS,Coimbatore,2016,30232,First,21.1,1197.0,85.8,5.0,4.78 Lakh,5.81,4.78,False,True,True,9,0.2753554502369668
133,Maruti Alto K10 VXI,Hyderabad,2014,88500,First,24.07,998.0,67.1,5.0,4.53 Lakh,2.6,4.53,False,True,True,11,0.1080182800166182
134,Mercedes-Benz SLC 43 AMG,Kolkata,2017,13372,First,19.0,2996.0,362.07,2.0,95.04 Lakh,54.0,95.04,False,True,False,8,2.8421052631578947
135,Hyundai Verna VTVT 1.6 AT SX Plus,Kochi,2019,12645,First,17.0,1591.0,121.3,5.0,13.49 Lakh,11.5,13.49,False,True,False,6,0.6764705882352942
136,Maruti Alto LXi BSIII,Chennai,2010,94385,Second,19.7,796.0,46.3,5.0,4.78 Lakh,1.6,4.78,False,True,True,15,0.08121827411167513
137,BMW 1 Series 118d Base,Coimbatore,2015,31821,First,20.58,1995.0,143.0,5.0,4.78 Lakh,17.22,4.78,False,False,False,10,0.8367346938775511
138,Honda Jazz 1.2 V CVT i VTEC,Mumbai,2015,12000,First,19.0,1199.0,88.7,5.0,4.78 Lakh,6.0,4.78,False,True,False,10,0.3157894736842105
139,Honda Civic 2006-2010 1.8 V MT,Delhi,2012,88578,First,13.5,1799.0,130.0,5.0,4.78 Lakh,3.95,4.78,False,True,True,13,0.2925925925925926
140,Mercedes-Benz New C-Class C 220 CDI Avantgarde,Kochi,2014,44965,First,19.27,2143.0,170.0,5.0,4.78 Lakh,17.95,4.78,False,False,False,11,0.9314997405293202
141,Honda Amaze SX i-DTEC,Kolkata,2014,45044,First,25.8,1498.0,98.6,5.0,4.78 Lakh,3.7,4.78,False,False,True,11,0.1434108527131783
142,Maruti Swift VVT VXI,Kochi,2016,34204,First,22.0,1197.0,81.8,5.0,4.78 Lakh,5.43,4.78,False,True,True,9,0.2468181818181818
144,Toyota Fortuner 3.0 Diesel,Coimbatore,2012,91235,First,11.5,2982.0,171.0,7.0,4.78 Lakh,13.49,4.78,False,False,True,13,1.1730434782608696
145,Chevrolet Beat LT Option,Pune,2014,38800,First,18.6,1199.0,76.8,5.0,4.78 Lakh,2.85,4.78,False,True,True,11,0.1532258064516129
146,Skoda Rapid 1.5 TDI Elegance,Chennai,2013,83000,First,21.14,1498.0,103.52,5.0,4.78 Lakh,4.75,4.78,False,False,True,12,0.22469252601702933
147,Maruti Ciaz 1.4 Alpha,Kochi,2018,41283,First,20.73,1373.0,91.1,5.0,4.78 Lakh,9.9,4.78,False,True,True,7,0.4775687409551375
148,Audi RS5 Coupe,Mumbai,2013,23000,First,11.05,2894.0,444.0,4.0,1.28 Cr,37.0,1.28,False,True,False,12,3.34841628959276
149,BMW 3 Series Luxury Line,Mumbai,2014,48000,First,21.76,1995.0,190.0,5.0,60.88 Lakh,26.5,60.88,False,False,False,11,1.2178308823529411
150,Audi A4 2.0 TDI 177 Bhp Premium Plus,Coimbatore,2015,48214,First,17.11,1968.0,174.33,5.0,4.78 Lakh,23.32,4.78,False,False,False,10,1.3629456458211573
151,Maruti Swift VDI,Chennai,2016,35000,First,22.9,1248.0,74.0,5.0,4.78 Lakh,6.25,4.78,False,False,True,9,0.27292576419213976
152,Mercedes-Benz S Class 2005 2013 S 500,Kolkata,2010,35277,First,7.81,5461.0,362.9,5.0,4.78 Lakh,30.0,4.78,False,True,False,15,3.8412291933418694
153,Skoda Rapid 1.5 TDI AT Elegance Plus Black Package,Coimbatore,2016,54620,First,21.66,1498.0,103.52,5.0,4.78 Lakh,9.86,4.78,False,False,False,9,0.4552169898430286
154,Skoda Superb Elegance 2.0 TDI CR AT,Pune,2012,136997,First,17.2,1968.0,138.1,5.0,4.78 Lakh,8.5,4.78,False,False,False,13,0.49418604651162795
155,Hyundai EON Magna Plus,Kochi,2019,14322,First,21.1,814.0,55.2,5.0,4.78 Lakh,4.23,4.78,False,True,True,6,0.20047393364928912
156,Volkswagen Polo Diesel Trendline 1.2L,Jaipur,2012,65634,First,22.07,1199.0,73.9,5.0,4.78 Lakh,3.5,4.78,False,False,True,13,0.158586316266425
157,Datsun GO NXT,Kolkata,2016,6000,First,20.63,1198.0,67.06,5.0,4.78 Lakh,2.5,4.78,False,True,True,9,0.1211827435773146
158,Honda Brio S MT,Kolkata,2013,33280,First,19.4,1198.0,86.8,5.0,4.78 Lakh,2.39,4.78,False,True,True,12,0.12319587628865981
159,Mercedes-Benz B Class B180,Delhi,2013,29000,First,14.8,1595.0,120.7,5.0,4.78 Lakh,11.25,4.78,False,True,False,12,0.7601351351351351
160,Honda City i DTEC V,Kochi,2015,42831,First,26.0,1498.0,98.6,5.0,4.78 Lakh,7.11,4.78,False,False,True,10,0.2734615384615385
161,Toyota Innova 2.5 G (Diesel) 7 Seater,Ahmedabad,2016,90000,First,12.99,2494.0,100.6,7.0,4.78 Lakh,10.9,4.78,False,False,True,9,0.8391070053887606
162,Maruti Swift VXI Optional,Ahmedabad,2017,24005,First,20.4,1197.0,81.8,5.0,4.78 Lakh,6.2,4.78,False,True,True,8,0.303921568627451
163,Mahindra XUV500 W8 2WD,Mumbai,2012,32792,First,15.1,2179.0,140.0,7.0,4.78 Lakh,7.9,4.78,False,False,True,13,0.5231788079470199
164,Ford Ecosport 1.5 DV5 MT Ambiente,Kochi,2014,147898,First,22.7,1498.0,89.84,5.0,4.78 Lakh,4.42,4.78,False,False,True,11,0.1947136563876652
165,Toyota Fortuner 4x2 Manual,Mumbai,2012,131765,First,13.0,2982.0,168.5,7.0,4.78 Lakh,13.5,4.78,False,False,True,13,1.0384615384615385
166,Volkswagen Vento 1.5 Highline Plus AT 16 Alloy,Chennai,2013,65000,First,21.5,1498.0,108.5,5.0,4.78 Lakh,6.25,4.78,False,False,False,12,0.29069767441860467
167,Ford Figo Diesel Titanium,Jaipur,2010,66123,Second,20.0,1399.0,68.0,5.0,4.78 Lakh,2.1,4.78,False,False,True,15,0.10500000000000001
168,BMW X5 xDrive 30d,Mumbai,2015,41000,First,15.3,2993.0,258.0,5.0,4.78 Lakh,45.0,4.78,False,False,False,10,2.941176470588235
169,Mercedes-Benz New C-Class C 220 CDI Style,Coimbatore,2017,23550,First,19.27,2143.0,167.62,5.0,4.78 Lakh,33.66,4.78,False,False,False,8,1.7467566165023352
170,Honda Brio V MT,Bangalore,2012,45000,Second,19.4,1198.0,86.8,5.0,4.78 Lakh,3.65,4.78,False,True,True,13,0.18814432989690721
171,Hyundai i10 Magna 1.2,Delhi,2013,60000,First,20.36,1197.0,78.9,5.0,4.78 Lakh,2.75,4.78,False,True,True,12,0.1350687622789784
172,Mercedes-Benz GLC 220,Bangalore,2016,44414,First,17.9,2143.0,170.0,5.0,4.78 Lakh,42.5,4.78,False,False,False,9,2.374301675977654
173,Hyundai Grand i10 1.2 Kappa Asta,Kolkata,2019,1000,First,18.9,1197.0,81.86,5.0,7.39 Lakh,6.5,7.39,False,True,True,6,0.34391534391534395
174,Audi A6 2011-2015 2.0 TDI Premium Plus,Mumbai,2012,62500,Second,17.68,1968.0,174.33,5.0,4.78 Lakh,19.0,4.78,False,False,False,13,1.0746606334841629
175,Volkswagen Vento Petrol Highline AT,Mumbai,2013,21000,Second,14.4,1598.0,103.6,5.0,4.78 Lakh,4.45,4.78,False,True,False,12,0.3090277777777778
176,Mini Countryman Cooper D,Jaipur,2017,8525,Second,16.6,1998.0,112.0,5.0,4.78 Lakh,23.0,4.78,False,False,False,8,1.3855421686746987
177,Hyundai i20 Asta 1.4 CRDi,Bangalore,2014,29000,First,22.54,1396.0,88.73,5.0,4.78 Lakh,8.35,4.78,False,False,True,11,0.37045252883762203
178,Audi A6 2011-2015 2.0 TDI Premium Plus,Mumbai,2014,40000,First,17.68,1968.0,174.33,5.0,4.78 Lakh,22.95,4.78,False,False,False,11,1.2980769230769231
179,Chevrolet Beat Diesel LT,Jaipur,2012,88000,First,25.44,936.0,57.6,5.0,4.78 Lakh,1.5,4.78,False,False,True,13,0.05896226415094339
180,Skoda Superb Elegance 1.8 TSI AT,Kochi,2012,53537,First,13.7,1798.0,157.75,5.0,4.78 Lakh,6.89,4.78,False,True,False,13,0.502919708029197
181,Ford Fiesta 1.4 TDCi EXI Limited Edition,Chennai,2006,216000,Second,17.8,1399.0,68.0,5.0,4.78 Lakh,1.45,4.78,False,False,True,19,0.08146067415730336
182,BMW 5 Series 520d Luxury Line,Hyderabad,2014,51000,First,22.48,1995.0,190.0,5.0,69.47 Lakh,33.5,69.47,False,False,False,11,1.4902135231316727
183,Chevrolet Optra Magnum 1.6 LS BS3,Jaipur,2007,118500,First,12.9,1598.0,102.5,5.0,4.78 Lakh,1.25,4.78,False,True,True,18,0.09689922480620154
184,Volkswagen Polo Diesel Highline 1.2L,Hyderabad,2012,63000,First,22.07,1199.0,73.9,5.0,4.78 Lakh,4.2,4.78,False,False,True,13,0.19030357951971003
185,Renault Lodgy 110PS RxZ 8 Seater,Mumbai,2015,25000,First,19.98,1461.0,108.5,8.0,4.78 Lakh,6.75,4.78,False,False,True,10,0.33783783783783783
186,Mercedes-Benz E-Class E250 CDI Avantgrade,Bangalore,2014,37382,First,13.0,2143.0,201.1,5.0,4.78 Lakh,32.0,4.78,False,False,False,11,2.4615384615384617
187,Maruti Baleno Alpha,Kochi,2017,24773,First,21.4,1197.0,83.1,5.0,8.78 Lakh,7.5,8.78,False,True,True,8,0.3504672897196262
188,Hyundai Verna 1.6 SX,Delhi,2012,62000,First,22.32,1582.0,126.32,5.0,4.78 Lakh,4.6,4.78,False,False,True,13,0.20609318996415768
189,Hyundai i10 Magna 1.1,Kochi,2017,52340,First,19.81,1086.0,68.05,5.0,4.78 Lakh,4.04,4.78,False,True,True,8,0.20393740535083293
190,Mahindra Scorpio 1.99 S10 4WD,Kochi,2016,56739,First,15.4,1997.0,120.0,7.0,4.78 Lakh,10.31,4.78,False,False,True,9,0.6694805194805195
191,Land Rover Range Rover 2.2L Dynamic,Coimbatore,2018,36091,First,12.7,2179.0,187.7,5.0,4.78 Lakh,55.76,4.78,False,False,False,7,4.390551181102362
192,Ford Figo Diesel ZXI,Chennai,2010,120000,First,20.0,1399.0,68.0,5.0,4.78 Lakh,2.6,4.78,False,False,True,15,0.13
193,Maruti Ertiga ZDI,Mumbai,2016,33000,First,25.47,1248.0,88.5,7.0,12.74 Lakh,8.5,12.74,False,False,True,9,0.3337259521005104
194,Honda City 1.5 GXI,Ahmedabad,2007,60006,First,0.0,1197.0,74.0,5.0,4.78 Lakh,2.95,4.78,False,True,True,18,
195,Honda Amaze S i-Dtech,Kolkata,2014,52000,First,25.8,1498.0,98.6,5.0,4.78 Lakh,3.5,4.78,False,False,True,11,0.13565891472868216
196,Hyundai i10 Magna,Jaipur,2015,43571,First,20.36,1197.0,78.9,5.0,4.78 Lakh,3.55,4.78,False,True,True,10,0.1743614931237721
197,Honda Amaze S i-Dtech,Kolkata,2013,50000,First,25.8,1498.0,98.6,5.0,4.78 Lakh,3.25,4.78,False,False,True,12,0.12596899224806202
198,Skoda Laura Ambiente,Hyderabad,2008,113000,First,17.5,1896.0,106.0,5.0,4.78 Lakh,4.5,4.78,False,False,True,17,0.2571428571428571
199,Renault Duster 85PS Diesel RxL,Delhi,2014,90000,First,19.87,1461.0,83.8,5.0,4.78 Lakh,5.35,4.78,False,False,True,11,0.26925012581781577
200,Mahindra NuvoSport N6,Chennai,2017,29000,Second,17.45,1493.0,100.0,7.0,10.52 Lakh,6.5,10.52,False,False,True,8,0.3724928366762178
201,Maruti Vitara Brezza ZDi Plus Dual Tone,Mumbai,2016,20000,First,24.3,1248.0,88.5,5.0,11.98 Lakh,9.0,11.98,False,False,True,9,0.37037037037037035
202,Hyundai i20 Asta Option 1.2,Kochi,2016,61012,First,18.6,1197.0,81.83,5.0,4.78 Lakh,6.0,4.78,False,True,True,9,0.3225806451612903
203,Skoda Fabia 1.4 MPI Ambiente,Jaipur,2009,87459,First,14.7,1390.0,85.0,5.0,4.78 Lakh,2.75,4.78,False,True,True,16,0.1870748299319728
204,Tata Indigo eCS GLX,Pune,2010,70500,First,15.64,1193.0,64.1,5.0,4.78 Lakh,1.5,4.78,False,True,True,15,0.0959079283887468
205,Audi Q3 2012-2015 35 TDI Quattro Premium Plus,Delhi,2015,64103,First,15.73,1968.0,174.33,5.0,4.78 Lakh,19.9,4.78,False,False,False,10,1.2650985378258104
206,Skoda Octavia Elegance 1.8 TSI AT,Mumbai,2014,76000,First,14.7,1798.0,177.5,5.0,4.78 Lakh,10.0,4.78,False,True,False,11,0.6802721088435374
207,Toyota Etios Liva GD SP,Delhi,2014,104000,First,23.59,1364.0,67.06,5.0,4.78 Lakh,3.0,4.78,False,False,True,11,0.1271725307333616
208,Maruti Swift 1.3 VXi,Kolkata,2010,42001,First,16.1,1197.0,74.0,5.0,4.78 Lakh,2.11,4.78,False,True,True,15,0.131055900621118
209,Mercedes-Benz B Class B180,Kochi,2014,37245,First,14.8,1595.0,120.7,5.0,4.78 Lakh,11.96,4.78,False,True,False,11,0.8081081081081082
210,Honda Amaze S Diesel,Kolkata,2013,45000,First,27.4,1498.0,98.6,5.0,8.54 Lakh,3.25,8.54,False,False,True,12,0.1186131386861314
211,Hyundai Verna 1.6 SX,Jaipur,2012,117837,Second,22.32,1582.0,126.32,5.0,4.78 Lakh,4.75,4.78,False,False,True,13,0.21281362007168458
212,Renault Duster 85PS Diesel RxL Optional,Mumbai,2014,30000,First,20.46,1461.0,83.8,5.0,4.78 Lakh,5.95,4.78,False,False,True,11,0.290811339198436
213,Hyundai Creta 1.6 VTVT S,Delhi,2015,27057,Second,15.29,1591.0,121.3,5.0,4.78 Lakh,8.15,4.78,False,True,True,10,0.5330281229561805
214,Maruti Wagon R AMT VXI,Mumbai,2016,8500,First,20.51,998.0,67.0,5.0,4.78 Lakh,4.22,4.78,False,True,False,9,0.20575329107752313
215,Mercedes-Benz New C-Class C250 Avantgarde,Kolkata,2010,30500,First,11.74,1796.0,186.0,5.0,4.78 Lakh,10.5,4.78,False,True,False,15,0.8943781942078365
216,Audi A8 L 3.0 TDI quattro,Delhi,2012,56000,First,11.8,2967.0,246.7,5.0,4.78 Lakh,45.0,4.78,False,False,False,13,3.813559322033898
217,Hyundai i10 Magna 1.1,Pune,2012,44000,Second,19.81,1086.0,68.05,5.0,4.78 Lakh,2.9,4.78,False,True,True,13,0.14639071176173651
218,Skoda Rapid 1.6 MPI AT Style Black Package,Mumbai,2017,10500,First,14.3,1598.0,103.52,5.0,4.78 Lakh,8.9,4.78,False,True,False,8,0.6223776223776224
219,Skoda Superb Style 1.8 TSI AT,Hyderabad,2017,26000,First,14.67,1798.0,177.46,5.0,33.58 Lakh,26.0,33.58,False,True,False,8,1.7723244717109747
220,Hyundai i20 Active 1.2 SX,Coimbatore,2018,25166,First,17.19,1197.0,81.86,5.0,4.78 Lakh,8.22,4.78,False,True,True,7,0.4781849912739965
221,Honda Amaze VX i-DTEC,Kolkata,2014,64000,Second,25.8,1498.0,98.6,5.0,4.78 Lakh,3.5,4.78,False,False,True,11,0.13565891472868216
222,Maruti Wagon R LXI,Chennai,2004,61000,Second,18.9,998.0,67.1,5.0,4.78 Lakh,1.25,4.78,False,True,True,21,0.06613756613756615
223,Mahindra Verito 1.5 D4 BSIV,Hyderabad,2013,107000,First,21.03,1461.0,65.0,5.0,9.12 Lakh,3.7,9.12,False,False,True,12,0.1759391345696624
224,Mercedes-Benz New C-Class C 220d Avantgarde Edition C,Coimbatore,2018,29161,First,19.27,2143.0,167.62,5.0,4.78 Lakh,39.41,4.78,False,False,False,7,2.0451478982874933
225,Maruti Wagon R VXI,Kolkata,2013,32000,First,22.5,998.0,67.04,5.0,5.29 Lakh,2.65,5.29,False,True,True,12,0.11777777777777777
226,Nissan Terrano XV Premium 110 PS Anniversary Edition,Coimbatore,2015,46173,Second,19.01,1461.0,108.5,5.0,4.78 Lakh,8.92,4.78,False,False,True,10,0.4692267227774855
228,Mini Cooper Convertible S,Kochi,2017,26327,First,16.82,1998.0,189.08,4.0,44.28 Lakh,35.67,44.28,False,True,False,8,2.1206896551724137
229,Ford Figo Diesel,Bangalore,2015,70436,First,0.0,1498.0,99.0,5.0,4.78 Lakh,3.6,4.78,False,False,True,10,
230,Tata Indica V2 DLS BSII,Jaipur,2007,200000,Second,17.2,1396.0,53.5,5.0,4.78 Lakh,0.85,4.78,False,False,True,18,0.04941860465116279
231,Chevrolet Beat LT,Kochi,2016,60813,Second,18.6,1199.0,76.8,5.0,4.78 Lakh,3.32,4.78,False,True,True,9,0.17849462365591395
232,Volkswagen Polo Diesel Comfortline 1.2L,Mumbai,2012,45000,First,22.07,1199.0,73.9,5.0,4.78 Lakh,3.6,4.78,False,False,True,13,0.16311735387403717
233,Maruti Swift ZDi,Hyderabad,2016,64000,First,22.9,1248.0,74.0,5.0,4.78 Lakh,6.8,4.78,False,False,True,9,0.29694323144104806
234,Ford Figo Diesel EXI,Kolkata,2012,41284,First,20.0,1399.0,68.05,5.0,4.78 Lakh,2.5,4.78,False,False,True,13,0.125
235,Toyota Innova Crysta 2.8 GX AT,Kochi,2019,14165,First,11.36,2755.0,171.5,7.0,20.74 Lakh,19.64,20.74,False,False,False,6,1.7288732394366197
236,Hyundai Santa Fe 4x4 AT,Mumbai,2011,67000,Second,11.72,2199.0,194.3,7.0,4.78 Lakh,7.0,4.78,False,False,False,14,0.5972696245733788
237,Honda City i-VTEC V,Kolkata,2011,32572,First,17.4,1497.0,117.3,5.0,11.74 Lakh,3.87,11.74,False,True,True,14,0.2224137931034483
238,Hyundai i20 1.2 Magna Executive,Kochi,2018,14960,First,18.6,1197.0,81.83,5.0,4.78 Lakh,6.27,4.78,False,True,True,7,0.33709677419354833
239,Mercedes-Benz New C-Class C 220d Avantgarde Edition C,Kochi,2015,55980,First,19.27,2143.0,167.62,5.0,4.78 Lakh,18.12,4.78,False,False,False,10,0.9403217436429684
240,Chevrolet Beat Diesel LT,Mumbai,2013,74000,First,25.44,936.0,57.6,5.0,4.78 Lakh,2.65,4.78,False,False,True,12,0.10416666666666666
241,Hyundai i20 Sportz 1.4 CRDi,Kochi,2015,56847,First,22.54,1396.0,88.73,5.0,4.78 Lakh,7.2,4.78,False,False,True,10,0.3194321206743567
242,Toyota Innova 2.5 Z Diesel 7 Seater,Coimbatore,2015,121374,First,12.99,2494.0,100.6,7.0,4.78 Lakh,14.3,4.78,False,False,True,10,1.100846805234796
243,Maruti Ertiga VDI,Chennai,2013,52000,First,20.77,1248.0,88.76,7.0,4.78 Lakh,6.9,4.78,False,False,True,12,0.3322099181511796
244,Toyota Innova 2.5 V Diesel 7-seater,Mumbai,2014,118000,First,12.8,2494.0,102.0,7.0,4.78 Lakh,10.75,4.78,False,False,True,11,0.83984375
246,Honda City i VTEC V,Kochi,2016,33915,First,17.8,1497.0,117.3,5.0,4.78 Lakh,8.09,4.78,False,True,True,9,0.4544943820224719
247,BMW X1 sDrive20d,Ahmedabad,2014,82002,First,17.05,1995.0,184.0,5.0,4.78 Lakh,18.5,4.78,False,False,False,11,1.0850439882697946
248,Hyundai Grand i10 CRDi Era,Mumbai,2017,33000,First,24.0,1120.0,70.0,5.0,4.78 Lakh,4.75,4.78,False,False,True,8,0.19791666666666666
249,Maruti Ciaz 1.3 Alpha,Chennai,2016,34000,First,28.09,1248.0,88.5,5.0,4.78 Lakh,8.45,4.78,False,False,True,9,0.3008187967248131
250,Skoda Rapid Leisure 1.6 TDI MT,Kolkata,2012,55000,First,20.5,1598.0,103.6,5.0,4.78 Lakh,3.5,4.78,False,False,True,13,0.17073170731707318
251,Hyundai Accent CRDi,Kochi,2006,160538,First,13.1,1493.0,82.0,5.0,4.78 Lakh,1.8,4.78,False,False,True,19,0.13740458015267176
252,Volkswagen Polo GT 1.5 TDI,Jaipur,2014,60000,Second,19.91,1498.0,103.6,5.0,4.78 Lakh,3.7,4.78,False,False,True,11,0.1858362631843295
253,Honda Jazz 1.2 VX i VTEC,Coimbatore,2017,49575,First,18.7,1199.0,88.7,5.0,4.78 Lakh,7.17,4.78,False,True,True,8,0.38342245989304813
254,Hyundai i10 Era,Jaipur,2010,83000,First,19.81,1086.0,68.05,5.0,4.78 Lakh,1.75,4.78,False,True,True,15,0.08833922261484099
255,Hyundai Tucson 2.0 e-VGT 2WD AT GLS,Kochi,2018,51346,First,16.38,1995.0,183.0,5.0,4.78 Lakh,21.99,4.78,False,False,False,7,1.3424908424908424
256,Toyota Innova Crysta 2.4 ZX MT,Pune,2017,43000,First,13.68,2393.0,147.8,7.0,25.52 Lakh,18.65,25.52,False,False,True,8,1.3633040935672514
257,Maruti Omni MPI CARGO BSIII W/ IMMOBILISER,Jaipur,2011,35000,Third,19.7,796.0,35.0,5.0,4.78 Lakh,1.85,4.78,False,True,True,14,0.09390862944162437
258,Maruti Swift VXI BSIV,Coimbatore,2017,27872,Second,20.4,1197.0,81.8,5.0,4.78 Lakh,5.95,4.78,False,True,True,8,0.2916666666666667
259,Hyundai Grand i10 Magna,Mumbai,2014,16514,First,18.9,1197.0,82.0,5.0,4.78 Lakh,3.75,4.78,False,True,True,11,0.19841269841269843
260,Maruti Swift VDI,Pune,2012,120000,First,22.9,1248.0,74.0,5.0,4.78 Lakh,3.75,4.78,False,False,True,13,0.16375545851528386
261,Hyundai Verna CRDi 1.6 SX,Hyderabad,2008,143275,First,22.0,1582.0,126.2,5.0,14.07 Lakh,2.6,14.07,False,False,True,17,0.11818181818181818
263,Hyundai i20 1.2 Sportz,Mumbai,2010,52000,First,17.0,1197.0,80.0,5.0,4.78 Lakh,2.8,4.78,False,True,True,15,0.16470588235294117
264,Mercedes-Benz GLE 350d,Coimbatore,2017,29819,First,11.57,2987.0,254.79,5.0,95.13 Lakh,61.29,95.13,False,False,False,8,5.297320656871219
265,Mercedes-Benz New C-Class C 220 CDI CLASSIC,Bangalore,2014,57000,Second,15.8,2148.0,170.0,5.0,4.78 Lakh,18.0,4.78,False,False,True,11,1.1392405063291138
266,Maruti Ritz ZDi,Hyderabad,2014,88500,First,23.2,1248.0,73.94,5.0,4.78 Lakh,4.35,4.78,False,False,True,11,0.1875
267,Hyundai Creta 1.6 CRDi SX,Bangalore,2016,28000,First,19.67,1582.0,126.2,5.0,4.78 Lakh,13.75,4.78,False,False,True,9,0.6990340620233858
268,Maruti A-Star Vxi,Pune,2010,67000,First,19.0,998.0,66.1,5.0,4.78 Lakh,2.0,4.78,False,True,True,15,0.10526315789473684
269,Renault Duster 110PS Diesel RXZ Option,Delhi,2016,26000,First,19.64,1461.0,108.45,5.0,4.78 Lakh,10.0,4.78,False,False,True,9,0.5091649694501018
270,Fiat Grande Punto 1.3 Emotion Pack (Diesel),Delhi,2010,120000,First,17.8,1248.0,76.0,5.0,4.78 Lakh,1.65,4.78,False,False,True,15,0.09269662921348314
271,BMW X3 xDrive30d M Sport,Coimbatore,2017,51982,First,16.55,2993.0,258.0,5.0,4.78 Lakh,45.77,4.78,False,False,False,8,2.765558912386707
272,Hyundai i10 Sportz,Bangalore,2010,36000,Second,20.36,1197.0,78.9,5.0,4.78 Lakh,3.25,4.78,False,True,True,15,0.15962671905697445
273,Toyota Innova 2.5 G4 Diesel 7-seater,Pune,2016,47000,First,12.8,2494.0,102.0,7.0,4.78 Lakh,12.8,4.78,False,False,True,9,1.0
274,Maruti Zen VXI BSII,Mumbai,2002,60000,Third,17.3,993.0,60.0,5.0,4.78 Lakh,0.55,4.78,False,True,True,23,0.031791907514450865
275,Maruti Swift VDI,Hyderabad,2018,31025,First,28.4,1248.0,74.0,5.0,4.78 Lakh,7.15,4.78,False,False,True,7,0.2517605633802817
276,Mahindra Scorpio VLX 2.2 mHawk Airbag BSIV,Pune,2013,105000,Second,12.05,2179.0,120.0,8.0,4.78 Lakh,7.0,4.78,False,False,True,12,0.5809128630705394
277,Tata Zest Quadrajet 1.3 75PS XE,Pune,2017,121900,First,22.95,1248.0,74.0,5.0,8.34 Lakh,3.75,8.34,False,False,True,8,0.16339869281045752
278,Ford EcoSport 1.0 Ecoboost Titanium Plus,Mumbai,2017,22695,First,18.88,999.0,123.24,5.0,4.78 Lakh,8.5,4.78,False,True,True,8,0.4502118644067797
279,Maruti Swift Dzire ZDI,Jaipur,2012,73000,First,23.4,1248.0,74.0,5.0,4.78 Lakh,4.35,4.78,False,False,True,13,0.1858974358974359
280,Maruti Alto 800 LXI,Kochi,2016,32227,First,22.74,796.0,47.3,5.0,4.78 Lakh,3.26,4.78,False,True,True,9,0.14335971855760773
281,Honda City 1.5 S MT,Jaipur,2011,55000,First,17.0,1497.0,118.0,5.0,4.78 Lakh,4.21,4.78,False,True,True,14,0.24764705882352941
282,Audi Q7 3.0 TDI Quattro Technology,Kochi,2018,11287,First,12.07,2967.0,241.4,7.0,4.78 Lakh,70.36,4.78,False,False,False,7,5.829328914664457
283,Skoda Laura 1.9 TDI AT Ambiente,Mumbai,2009,48000,Second,17.0,1896.0,105.0,5.0,4.78 Lakh,2.95,4.78,False,False,False,16,0.1735294117647059
284,Hyundai Verna 1.6 SX VTVT (O),Kochi,2012,54308,First,17.1,1591.0,121.3,5.0,4.78 Lakh,4.28,4.78,False,True,True,13,0.25029239766081873
285,Honda City 1.5 V AT,Jaipur,2009,78442,First,16.8,1497.0,118.0,5.0,4.78 Lakh,3.57,4.78,False,True,False,16,0.2125
286,Hyundai i20 Magna Optional 1.4 CRDi,Kolkata,2013,46000,First,21.9,1396.0,88.8,5.0,4.78 Lakh,3.11,4.78,False,False,True,12,0.14200913242009133
287,Hyundai i20 Sportz AT 1.4,Coimbatore,2014,45051,First,15.0,1396.0,98.6,5.0,4.78 Lakh,5.96,4.78,False,True,False,11,0.3973333333333333
288,Volkswagen Vento Diesel Highline,Hyderabad,2011,69000,First,20.54,1598.0,103.6,5.0,4.78 Lakh,4.7,4.78,False,False,True,14,0.22882181110029212
289,Honda City i VTEC VX,Ahmedabad,2014,49000,First,17.4,1497.0,117.3,5.0,4.78 Lakh,6.9,4.78,False,True,True,11,0.3965517241379311
290,Tata Zest Quadrajet 1.3 75PS XE,Pune,2018,45000,First,22.95,1248.0,74.0,5.0,8.34 Lakh,5.25,8.34,False,False,True,7,0.22875816993464054
291,BMW 5 Series 2003-2012 520d,Pune,2015,64000,First,18.48,1995.0,177.0,5.0,4.78 Lakh,28.0,4.78,False,False,False,10,1.5151515151515151
292,Maruti Wagon R LXI Minor,Delhi,2009,60000,First,18.9,1061.0,67.0,5.0,4.78 Lakh,1.35,4.78,False,True,True,16,0.07142857142857144
293,Honda Jazz VX,Delhi,2015,62178,First,18.2,1199.0,88.7,5.0,8.85 Lakh,4.85,8.85,False,True,True,10,0.2664835164835165
294,Volkswagen Jetta 2007-2011 2.0 TDI Comfortline,Coimbatore,2012,58006,First,15.0,1896.0,105.0,5.0,4.78 Lakh,6.7,4.78,False,False,True,13,0.44666666666666666
295,Hyundai i10 Magna 1.2,Hyderabad,2010,74000,First,20.36,1197.0,78.9,5.0,4.78 Lakh,3.1,4.78,False,True,True,15,0.15225933202357564
296,Mercedes-Benz New C-Class C 220 CDI Avantgarde,Kochi,2015,77771,First,19.27,2143.0,170.0,5.0,4.78 Lakh,18.64,4.78,False,False,False,10,0.9673066943435392
297,Hyundai i10 Magna 1.2 iTech SE,Pune,2012,45275,First,20.36,1197.0,78.9,5.0,4.78 Lakh,2.8,4.78,False,True,True,13,0.13752455795677798
298,Toyota Innova Crysta 2.4 ZX MT,Chennai,2016,48000,First,13.68,2393.0,147.8,7.0,25.4 Lakh,20.25,25.4,False,False,True,9,1.480263157894737
299,Audi A6 2011-2015 2.0 TDI Technology,Kochi,2015,31652,First,17.68,1968.0,174.33,5.0,4.78 Lakh,26.78,4.78,False,False,False,10,1.5147058823529413
300,Toyota Innova 2.5 VX (Diesel) 7 Seater,Hyderabad,2010,109000,Second,12.99,2494.0,100.6,7.0,4.78 Lakh,8.26,4.78,False,False,True,15,0.6358737490377213
301,Volkswagen Polo Petrol Trendline 1.2L,Mumbai,2015,31978,First,16.47,1198.0,73.9,5.0,4.78 Lakh,3.89,4.78,False,True,True,10,0.23618700667880999
302,Maruti Alto K10 LXI,Hyderabad,2011,70000,First,20.92,998.0,67.1,5.0,4.78 Lakh,2.1,4.78,False,True,True,14,0.10038240917782026
303,Honda City i-VTEC CVT ZX,Mumbai,2017,15000,First,18.0,1497.0,117.3,5.0,16.67 Lakh,12.69,16.67,False,True,False,8,0.705
304,Tata Indigo LX,Coimbatore,2013,59138,First,17.0,1405.0,70.0,5.0,4.78 Lakh,2.58,4.78,False,False,True,12,0.15176470588235294
305,Audi A6 2011-2015 2.0 TDI Premium Plus,Kochi,2014,61726,First,17.68,1968.0,174.33,5.0,4.78 Lakh,20.77,4.78,False,False,False,11,1.1747737556561086
306,Mercedes-Benz GLA Class 200 CDI SPORT,Delhi,2015,48000,First,17.9,2143.0,136.0,5.0,4.78 Lakh,20.26,4.78,False,False,False,10,1.1318435754189946
309,Maruti Celerio VXI AT,Hyderabad,2014,77815,First,23.1,998.0,67.04,5.0,4.78 Lakh,4.25,4.78,False,True,False,11,0.18398268398268397
310,Mercedes-Benz GLE 250d,Hyderabad,2017,29000,First,17.9,2143.0,201.15,5.0,79.43 Lakh,57.0,79.43,False,False,False,8,3.1843575418994416
311,Land Rover Range Rover HSE Dynamic,Delhi,2017,44000,First,12.7,2179.0,187.7,5.0,4.78 Lakh,44.0,4.78,False,False,False,8,3.4645669291338583
312,Volkswagen Vento Diesel Trendline,Hyderabad,2011,108626,First,20.54,1598.0,103.6,5.0,4.78 Lakh,3.65,4.78,False,False,True,14,0.17770204479065238
313,Maruti Omni 8 Seater BSIV,Hyderabad,2012,71791,First,14.0,796.0,35.0,5.0,4.78 Lakh,2.05,4.78,False,True,True,13,0.1464285714285714
314,Honda Brio 1.2 VX MT,Kochi,2012,91931,First,18.5,1198.0,86.8,5.0,6.62 Lakh,3.13,6.62,False,True,True,13,0.16918918918918918
315,Tata Sumo Delux,Hyderabad,2000,158000,Second,14.07,2956.0,83.1,7.0,4.78 Lakh,1.5,4.78,False,False,True,25,0.10660980810234541
316,Tata Indica Vista Aura 1.3 Quadrajet,Pune,2012,91183,First,18.0,1248.0,75.0,5.0,4.78 Lakh,2.85,4.78,False,False,True,13,0.15833333333333333
317,Maruti Wagon R LXI BS IV,Delhi,2012,65000,First,18.9,998.0,67.1,5.0,4.78 Lakh,2.65,4.78,False,True,True,13,0.1402116402116402
318,Mahindra XUV500 W8 4WD,Hyderabad,2015,88428,First,16.0,2179.0,140.0,7.0,4.78 Lakh,10.6,4.78,False,False,True,10,0.6625
319,Tata Indigo LS Dicor,Pune,2008,138000,Second,17.1,1396.0,70.0,5.0,4.78 Lakh,1.25,4.78,False,False,True,17,0.07309941520467836
320,Maruti Ertiga Paseo VXI,Mumbai,2018,18000,First,16.02,1373.0,93.7,7.0,4.78 Lakh,8.25,4.78,False,True,True,7,0.5149812734082397
321,Honda Accord 2.4 A/T,Mumbai,2011,60000,First,11.7,2354.0,177.6,5.0,4.78 Lakh,4.45,4.78,False,True,False,14,0.3803418803418804
322,Maruti Swift Dzire VDi,Kolkata,2012,48000,First,19.3,1248.0,73.9,5.0,4.78 Lakh,3.7,4.78,False,False,True,13,0.1917098445595855
323,Ford Fiesta EXi 1.4 TDCi Ltd,Hyderabad,2009,160000,First,17.8,1399.0,68.0,5.0,4.78 Lakh,2.8,4.78,False,False,True,16,0.15730337078651685
324,Honda City ZX GXi,Kolkata,2008,40000,First,17.7,1497.0,78.0,5.0,4.78 Lakh,1.8,4.78,False,True,True,17,0.1016949152542373
325,Audi A6 2011-2015 2.0 TDI Premium Plus,Kochi,2014,51495,First,17.68,1968.0,174.33,5.0,4.78 Lakh,21.95,4.78,False,False,False,11,1.2415158371040724
326,BMW 6 Series 640d Gran Coupe,Mumbai,2011,30000,First,9.52,2993.0,313.0,4.0,4.78 Lakh,49.0,4.78,False,False,False,14,5.147058823529412
327,Audi Q7 45 TDI Quattro Technology,Coimbatore,2017,97430,First,14.75,2967.0,245.0,7.0,1.04 Cr,62.67,1.04,False,False,False,8,4.248813559322034
329,Hyundai i20 1.4 CRDi Asta,Pune,2012,83000,First,23.0,1396.0,90.0,5.0,4.78 Lakh,5.5,4.78,False,False,True,13,0.2391304347826087
330,Hyundai i10 Sportz AT,Bangalore,2009,37000,Third,16.95,1197.0,78.9,5.0,4.78 Lakh,2.95,4.78,False,True,False,16,0.17404129793510326
331,Honda Jazz 1.2 V CVT i VTEC,Kochi,2016,28503,First,19.0,1199.0,88.7,5.0,4.78 Lakh,6.86,4.78,False,True,False,9,0.3610526315789474
332,Maruti Swift VDI BSIV,Hyderabad,2015,76496,First,25.2,1248.0,74.0,5.0,4.78 Lakh,6.15,4.78,False,False,True,10,0.24404761904761907
333,Hyundai i20 Asta 1.2,Pune,2011,79152,Second,18.5,1197.0,82.85,5.0,4.78 Lakh,3.3,4.78,False,True,True,14,0.17837837837837836
334,Volkswagen Polo Petrol Comfortline 1.2L,Kolkata,2011,32000,First,16.47,1198.0,73.9,5.0,4.78 Lakh,2.55,4.78,False,True,True,14,0.15482695810564662
335,Maruti Alto LXi,Ahmedabad,2009,35000,First,19.7,796.0,46.3,5.0,4.78 Lakh,1.5,4.78,False,True,True,16,0.07614213197969544
336,Toyota Corolla H4,Chennai,2004,105000,Second,11.3,1794.0,125.0,5.0,4.78 Lakh,2.5,4.78,False,True,False,21,0.22123893805309733
337,Maruti Alto LXi,Chennai,2006,56000,Second,19.7,796.0,46.3,5.0,4.78 Lakh,1.4,4.78,False,True,True,19,0.07106598984771574
338,Tata Manza ELAN Quadrajet BS IV,Pune,2012,73000,First,21.12,1248.0,88.8,5.0,4.78 Lakh,3.4,4.78,False,False,True,13,0.16098484848484848
339,Maruti Alto LXi,Pune,2012,38000,First,19.7,796.0,46.3,5.0,4.78 Lakh,2.25,4.78,False,True,True,13,0.11421319796954316
340,Skoda Octavia Ambition Plus 2.0 TDI AT,Kolkata,2013,775000,First,19.3,1968.0,141.0,5.0,4.78 Lakh,7.5,4.78,False,False,False,12,0.38860103626943004
341,Toyota Corolla H4,Kolkata,2008,80000,First,11.3,1794.0,125.0,5.0,4.78 Lakh,2.8,4.78,False,True,False,17,0.247787610619469
342,Hyundai i20 Asta Option 1.2,Coimbatore,2016,24973,First,18.6,1197.0,81.83,5.0,4.78 Lakh,7.66,4.78,False,True,True,9,0.4118279569892473
343,Maruti Vitara Brezza LDi,Chennai,2016,45000,First,24.3,1248.0,88.5,5.0,9.12 Lakh,7.15,9.12,False,False,True,9,0.294238683127572
344,Honda City 1.5 V MT,Delhi,2010,87430,First,17.0,1497.0,118.0,5.0,4.78 Lakh,3.5,4.78,False,True,True,15,0.20588235294117646
345,Tata Indica Vista Aqua 1.3 Quadrajet,Hyderabad,2014,133944,Second,18.0,1248.0,75.0,5.0,4.78 Lakh,3.5,4.78,False,False,True,11,0.19444444444444445
346,Honda Amaze S i-Dtech,Kolkata,2013,57000,First,25.8,1498.0,98.6,5.0,4.78 Lakh,3.45,4.78,False,False,True,12,0.13372093023255816
347,Hyundai EON D Lite Plus,Coimbatore,2016,27904,First,21.1,814.0,55.2,5.0,4.78 Lakh,3.55,4.78,False,True,True,9,0.16824644549763032
348,BMW 3 Series Luxury Line,Kochi,2015,30717,Second,21.76,1995.0,190.0,5.0,58.67 Lakh,25.99,58.67,False,False,False,10,1.1943933823529411
349,Hyundai Verna 1.6 SX,Bangalore,2012,80000,First,22.32,1582.0,126.32,5.0,4.78 Lakh,5.25,4.78,False,False,True,13,0.23521505376344085
350,Tata Manza Club Class Quadrajet90 LS,Ahmedabad,2013,47304,First,21.02,1248.0,88.8,5.0,4.78 Lakh,2.9,4.78,False,False,True,12,0.1379638439581351
351,Skoda Octavia RS,Jaipur,2005,100000,First,14.45,1984.0,227.0,5.0,28.37 Lakh,2.05,28.37,False,True,False,20,0.14186851211072662
352,Maruti Alto K10 VXI,Pune,2017,30000,First,24.07,998.0,67.1,5.0,4.48 Lakh,3.75,4.48,False,True,True,8,0.15579559617781472
353,Ford Ecosport 1.5 DV5 MT Titanium Optional,Mumbai,2014,68000,First,22.7,1498.0,89.84,5.0,4.78 Lakh,6.75,4.78,False,False,True,11,0.29735682819383263
354,Chevrolet Spark 1.0 LS,Kolkata,2011,21000,Second,18.0,995.0,62.0,5.0,4.78 Lakh,0.95,4.78,False,True,True,14,0.05277777777777778
355,Jaguar XF 2.0 Diesel Portfolio,Hyderabad,2017,21000,First,19.33,1999.0,177.0,5.0,72.64 Lakh,52.0,72.64,False,False,False,8,2.6901189860320747
356,Honda CR-V RVi MT,Jaipur,2007,119000,Third,13.1,1997.0,141.1,5.0,4.78 Lakh,3.91,4.78,False,True,True,18,0.2984732824427481
357,Skoda Superb L&K 1.8 TSI AT,Kochi,2019,13747,First,14.67,1798.0,177.46,5.0,36.15 Lakh,27.3,36.15,False,True,False,6,1.8609406952965235
358,Hyundai i10 Magna 1.2,Chennai,2009,620000,First,20.36,1197.0,78.9,5.0,4.78 Lakh,2.7,4.78,False,True,True,16,0.1326129666011788
359,Maruti Swift LDI,Delhi,2013,70000,First,22.9,1248.0,74.0,5.0,4.78 Lakh,3.5,4.78,False,False,True,12,0.15283842794759828
360,Maruti Swift Dzire VXi AT,Mumbai,2016,18000,First,18.5,1197.0,83.14,5.0,4.78 Lakh,6.2,4.78,False,True,False,9,0.33513513513513515
361,Nissan Micra Diesel XV,Chennai,2011,83000,First,23.08,1461.0,63.1,5.0,4.78 Lakh,2.75,4.78,False,False,True,14,0.11915077989601387
362,Maruti Swift Dzire Tour LDI,Mumbai,2015,130000,First,23.4,1248.0,74.0,5.0,4.78 Lakh,3.25,4.78,False,False,True,10,0.1388888888888889
363,Ford Fiesta Classic 1.4 Duratorq CLXI,Pune,2012,63400,First,17.8,1399.0,67.0,5.0,4.78 Lakh,3.25,4.78,False,False,True,13,0.18258426966292135
364,Maruti Zen LX,Kolkata,2003,65000,First,17.3,993.0,60.0,5.0,4.78 Lakh,0.65,4.78,False,True,True,22,0.03757225433526012
365,Mini Clubman Cooper S,Pune,2017,8350,First,13.8,1998.0,192.0,5.0,44.59 Lakh,35.0,44.59,False,True,True,8,2.5362318840579707
366,Toyota Etios GD,Kolkata,2014,45000,First,23.59,1364.0,67.05,5.0,4.78 Lakh,3.25,4.78,False,False,True,11,0.1377702416278084
367,Maruti Alto 800 2016-2019 LXI,Kolkata,2018,26200,First,24.7,796.0,47.3,5.0,4.78 Lakh,2.9,4.78,False,True,True,7,0.11740890688259109
368,Maruti Alto VXi,Bangalore,2011,11000,Third,18.9,796.0,47.0,5.0,4.78 Lakh,2.9,4.78,False,True,True,14,0.15343915343915346
369,BMW X5 3.0d,Bangalore,2009,90000,Second,11.0,2993.0,235.0,5.0,4.78 Lakh,17.75,4.78,False,False,False,16,1.6136363636363635
370,Nissan Teana XV,Mumbai,2015,74000,Second,11.07,2496.0,179.5,5.0,4.78 Lakh,8.25,4.78,False,True,False,10,0.7452574525745257
371,Hyundai Grand i10 AT Asta,Coimbatore,2015,37081,First,18.9,1197.0,82.0,5.0,4.78 Lakh,5.77,4.78,False,True,False,10,0.3052910052910053
372,Maruti Vitara Brezza ZDi Plus,Hyderabad,2017,39000,First,24.3,1248.0,88.5,5.0,12 Lakh,9.49,12.0,False,False,True,8,0.39053497942386833
373,Audi Q7 3.0 TDI Quattro Premium Plus,Mumbai,2008,99000,Third,12.07,2967.0,241.4,7.0,4.78 Lakh,12.95,4.78,False,False,False,17,1.0729080364540182
374,Mercedes-Benz GLA Class 200 CDI,Chennai,2015,38000,First,17.9,2143.0,136.0,5.0,4.78 Lakh,20.0,4.78,False,False,False,10,1.11731843575419
375,Maruti 800 AC,Chennai,2007,72000,Third,16.1,796.0,37.0,4.0,4.78 Lakh,1.0,4.78,False,True,True,18,0.06211180124223602
376,Renault Duster 85PS Diesel RxL,Chennai,2015,93000,Second,20.45,1461.0,83.8,5.0,4.78 Lakh,7.1,4.78,False,False,True,10,0.3471882640586797
377,Toyota Corolla Altis D-4D GL,Mumbai,2017,5900,First,21.43,1364.0,87.2,5.0,4.78 Lakh,16.5,4.78,False,False,True,8,0.7699486700886607
378,Mercedes-Benz New C-Class 220,Chennai,2014,25000,First,15.8,2148.0,170.0,5.0,4.78 Lakh,26.0,4.78,False,False,True,11,1.6455696202531644
379,Maruti Ritz VDi,Hyderabad,2010,68000,Second,21.1,1248.0,73.9,5.0,4.78 Lakh,3.2,4.78,False,False,True,15,0.15165876777251186
380,Honda BRV i-VTEC V CVT,Kochi,2017,35676,First,16.0,1497.0,117.3,7.0,14.65 Lakh,9.48,14.65,False,True,False,8,0.5925
381,Hyundai Xcent 1.1 CRDi Base,Kochi,2015,74310,First,24.4,1120.0,71.0,5.0,4.78 Lakh,4.0,4.78,False,False,True,10,0.1639344262295082
382,Mercedes-Benz E-Class 2009-2013 E250 CDI Avantgarde,Jaipur,2014,59364,First,14.21,2143.0,203.0,5.0,4.78 Lakh,26.5,4.78,False,False,False,11,1.864883884588318
383,Mercedes-Benz B Class B180,Kochi,2014,41380,Second,14.8,1595.0,120.7,5.0,4.78 Lakh,11.77,4.78,False,True,False,11,0.7952702702702702
384,Mercedes-Benz E-Class 2015-2017 E250 Edition E,Bangalore,2017,33900,First,15.0,2143.0,204.0,5.0,4.78 Lakh,37.0,4.78,False,False,False,8,2.466666666666667
385,Honda City i VTEC VX Option,Mumbai,2016,28000,First,17.8,1497.0,117.3,5.0,4.78 Lakh,8.75,4.78,False,True,True,9,0.49157303370786515
387,Honda City 1.5 S MT,Chennai,2011,93982,First,17.0,1497.0,118.0,5.0,4.78 Lakh,3.75,4.78,False,True,True,14,0.22058823529411764
388,Hyundai Verna Transform VTVT,Pune,2010,95000,First,16.2,1599.0,103.2,5.0,4.78 Lakh,2.5,4.78,False,True,True,15,0.154320987654321
389,Jaguar XE Portfolio,Mumbai,2017,9000,First,13.5,1999.0,246.74,5.0,53.72 Lakh,34.5,53.72,False,True,False,8,2.5555555555555554
390,Honda Amaze S i-Vtech,Delhi,2015,52516,First,18.0,1198.0,86.7,5.0,4.78 Lakh,4.65,4.78,False,True,True,10,0.25833333333333336
391,Mini Cooper Convertible 1.6,Bangalore,2015,20000,First,18.86,1598.0,122.0,4.0,4.78 Lakh,32.0,4.78,False,True,False,10,1.696712619300106
392,Mercedes-Benz S Class 2005 2013 S 350 CDI,Coimbatore,2017,56451,First,13.5,2987.0,282.0,5.0,4.78 Lakh,62.81,4.78,False,False,False,8,4.652592592592593
393,Hyundai EON Magna Plus,Chennai,2014,37000,First,21.1,814.0,55.2,5.0,4.78 Lakh,3.25,4.78,False,True,True,11,0.15402843601895733
394,Maruti Wagon R VXI BS IV,Kolkata,2014,17400,First,20.51,998.0,67.04,5.0,4.78 Lakh,3.1,4.78,False,True,True,11,0.15114578254509994
395,Maruti Ritz LDi,Coimbatore,2011,90207,First,21.1,1248.0,73.9,5.0,4.78 Lakh,3.91,4.78,False,False,True,14,0.1853080568720379
396,BMW 3 Series 320d Sedan,Chennai,2011,89616,First,16.07,1995.0,181.0,5.0,4.78 Lakh,11.0,4.78,False,False,False,14,0.6845052893590541
397,Tata Xenon XT EX 4X2,Pune,2014,85000,First,13.49,2179.0,138.03,5.0,4.78 Lakh,3.5,4.78,False,False,True,11,0.25945144551519644
398,Audi A3 35 TDI Attraction,Chennai,2014,79271,First,20.38,1968.0,143.0,5.0,4.78 Lakh,16.5,4.78,False,False,False,11,0.8096172718351325
399,Land Rover Range Rover 2.2L Dynamic,Hyderabad,2012,56000,First,12.7,2179.0,187.7,5.0,4.78 Lakh,30.0,4.78,False,False,False,13,2.362204724409449
400,Mercedes-Benz GL-Class 2007 2012 350 CDI Luxury,Pune,2010,85001,Second,12.0,2987.0,224.0,7.0,4.78 Lakh,28.0,4.78,False,False,False,15,2.3333333333333335
401,Mitsubishi Pajero Sport 4X2 AT DualTone BlackTop,Hyderabad,2018,12000,First,13.5,2477.0,175.56,7.0,33.91 Lakh,28.0,33.91,False,False,False,7,2.074074074074074
402,Maruti Alto LX,Jaipur,2010,125000,First,19.7,796.0,46.3,5.0,4.78 Lakh,0.92,4.78,False,True,True,15,0.0467005076142132
403,Maruti Wagon R LXI BSIII,Pune,2013,53000,First,14.0,1061.0,64.0,5.0,4.78 Lakh,2.75,4.78,False,True,True,12,0.19642857142857142
404,Land Rover Range Rover 2.2L Prestige,Coimbatore,2017,34990,First,12.7,2179.0,187.7,5.0,4.78 Lakh,53.83,4.78,False,False,False,8,4.238582677165354
405,Hyundai Verna 1.6 SX VTVT,Pune,2011,49768,Second,17.01,1591.0,121.3,5.0,4.78 Lakh,4.95,4.78,False,True,True,14,0.291005291005291
406,BMW 5 Series 525d Sedan,Hyderabad,2013,56000,First,16.73,2993.0,218.0,5.0,4.78 Lakh,33.5,4.78,False,False,False,12,2.0023909145248058
407,Jaguar XF Diesel,Bangalore,2013,75000,First,14.74,2993.0,270.9,5.0,4.78 Lakh,27.95,4.78,False,False,False,12,1.8962008141112618
408,Skoda Superb Elegance 1.8 TSI AT,Hyderabad,2010,57000,First,13.7,1798.0,157.75,5.0,4.78 Lakh,7.25,4.78,False,True,False,15,0.5291970802919709
409,Audi Q3 35 TDI Quattro Premium,Kochi,2017,37542,First,15.73,1968.0,174.33,5.0,4.78 Lakh,25.71,4.78,False,False,False,8,1.6344564526382708
410,Land Rover Range Rover 2.2L Pure,Coimbatore,2014,95649,First,12.7,2179.0,187.7,5.0,4.78 Lakh,29.67,4.78,False,False,False,11,2.336220472440945
411,Mercedes-Benz New C-Class 220 CDI AT,Jaipur,2013,35299,First,14.84,2143.0,170.0,5.0,4.78 Lakh,19.0,4.78,False,False,False,12,1.280323450134771
412,Mahindra Scorpio S10 4WD,Kochi,2017,28464,First,15.4,2179.0,120.0,7.0,4.78 Lakh,13.05,4.78,False,False,True,8,0.8474025974025974
413,BMW 3 Series Luxury Line,Mumbai,2015,41000,First,21.76,1995.0,190.0,5.0,60.88 Lakh,25.5,60.88,False,False,False,10,1.171875
414,Honda BR-V i-VTEC S MT,Pune,2017,9000,First,15.4,1497.0,117.3,7.0,12.51 Lakh,8.5,12.51,False,True,True,8,0.551948051948052
415,Volvo S80 2006-2013 D5,Chennai,2010,92098,Second,16.0,2400.0,215.0,5.0,4.78 Lakh,7.25,4.78,False,False,False,15,0.453125
416,Hyundai Accent GLE,Pune,2005,5834,First,13.2,1495.0,94.0,5.0,4.78 Lakh,0.8,4.78,False,True,True,20,0.060606060606060615
417,Hyundai i20 Active SX Petrol,Jaipur,2017,40250,First,17.19,1197.0,81.86,5.0,9.74 Lakh,6.9,9.74,False,True,True,8,0.4013961605584642
418,Mercedes-Benz GLC 43 AMG Coupe,Coimbatore,2018,22397,First,11.5,2996.0,367.0,5.0,95.38 Lakh,70.99,95.38,False,True,False,7,6.173043478260869
419,Hyundai EON Magna Plus,Kolkata,2015,20800,Second,21.1,814.0,55.2,5.0,4.78 Lakh,2.25,4.78,False,True,True,10,0.10663507109004738
420,Hyundai Grand i10 SportZ Edition,Kochi,2018,40322,First,18.9,1197.0,81.86,5.0,4.78 Lakh,5.5,4.78,False,True,True,7,0.29100529100529104
421,Honda City 1.5 EXI S,Mumbai,2013,52576,First,13.0,1493.0,100.0,5.0,4.78 Lakh,4.35,4.78,False,True,True,12,0.3346153846153846
422,Volkswagen Polo Petrol Trendline 1.2L,Kolkata,2010,55000,First,16.47,1198.0,73.9,5.0,4.78 Lakh,2.25,4.78,False,True,True,15,0.1366120218579235
423,Audi A6 35 TFSI Matrix,Mumbai,2016,47000,First,15.26,1798.0,187.74,5.0,60.59 Lakh,24.5,60.59,False,True,False,9,1.6055045871559632
425,Hyundai Creta 1.6 SX Plus Dual Tone Petrol,Coimbatore,2017,23163,First,15.29,1591.0,121.3,5.0,4.78 Lakh,12.03,4.78,False,True,True,8,0.7867887508175277
426,Mercedes-Benz New C-Class C 200 CGI Avantgarde,Mumbai,2011,50000,Second,11.74,1796.0,186.0,5.0,4.78 Lakh,8.5,4.78,False,True,False,14,0.7240204429301533
427,Mini Cooper Convertible S,Mumbai,2014,11900,First,16.82,1998.0,189.08,4.0,44.28 Lakh,28.5,44.28,False,True,False,11,1.694411414982164
429,Toyota Etios VD,Bangalore,2013,37000,First,23.59,1364.0,67.04,5.0,4.78 Lakh,5.75,4.78,False,False,True,12,0.2437473505722764
430,Honda Brio S MT,Delhi,2014,30000,Second,19.4,1198.0,86.8,5.0,4.78 Lakh,3.2,4.78,False,True,True,11,0.16494845360824745
431,Maruti Baleno Alpha Automatic,Coimbatore,2018,12831,First,21.4,1197.0,83.1,5.0,4.78 Lakh,9.89,4.78,False,True,False,7,0.4621495327102804
432,Skoda Laura Ambiente 2.0 TDI CR AT,Coimbatore,2012,143017,First,20.0,1968.0,138.1,5.0,4.78 Lakh,6.58,4.78,False,False,False,13,0.329
433,Hyundai EON Era Plus,Kochi,2018,13102,First,21.1,814.0,55.2,5.0,4.78 Lakh,4.06,4.78,False,True,True,7,0.19241706161137437
434,Renault Captur 1.5 Diesel RXL,Coimbatore,2019,24950,First,20.37,1461.0,108.45,5.0,4.78 Lakh,13.37,4.78,False,False,True,6,0.6563573883161511
435,BMW 5 Series 2003-2012 GT 530d LE,Coimbatore,2011,57832,First,16.2,2993.0,258.0,5.0,4.78 Lakh,25.82,4.78,False,False,False,14,1.5938271604938272
436,Maruti Alto 800 LXI,Kochi,2016,34267,First,22.74,796.0,47.3,5.0,4.78 Lakh,3.74,4.78,False,True,True,9,0.16446789797713282
437,Volvo V40 D3,Bangalore,2015,33000,Second,16.8,1984.0,150.0,5.0,4.78 Lakh,22.0,4.78,False,False,False,10,1.3095238095238095
438,Maruti Wagon R LXI BSII,Ahmedabad,2007,55100,First,18.9,998.0,67.1,5.0,4.78 Lakh,1.45,4.78,False,True,True,18,0.07671957671957673
439,Honda City ZX GXi,Kolkata,2008,40000,First,17.7,1497.0,78.0,5.0,4.78 Lakh,2.0,4.78,False,True,True,17,0.11299435028248588
441,Chevrolet Enjoy 1.4 LS 8,Kolkata,2014,15000,First,13.7,1399.0,98.79,8.0,4.78 Lakh,3.75,4.78,False,True,True,11,0.2737226277372263
442,Mahindra Bolero ZLX,Coimbatore,2016,82756,First,15.96,2523.0,62.1,7.0,11.28 Lakh,7.7,11.28,False,False,True,9,0.4824561403508772
444,Hyundai EON D Lite,Hyderabad,2014,20600,First,21.1,814.0,55.2,5.0,4.78 Lakh,2.6,4.78,False,True,True,11,0.12322274881516587
445,Hyundai Creta 1.6 SX Plus Petrol Automatic,Coimbatore,2017,29952,First,13.0,1591.0,121.3,5.0,4.78 Lakh,13.77,4.78,False,True,False,8,1.0592307692307692
446,Volkswagen Vento 1.6 Comfortline,Mumbai,2017,15000,Second,16.09,1598.0,103.5,5.0,11.48 Lakh,7.1,11.48,False,True,True,8,0.44126786824114356
447,Honda Civic 2006-2010 1.8 S AT,Pune,2008,61938,Second,12.9,1799.0,130.0,5.0,4.78 Lakh,2.65,4.78,False,True,False,17,0.20542635658914726
448,Tata Indica Vista Quadrajet LS,Hyderabad,2014,67000,First,22.3,1248.0,74.0,5.0,4.78 Lakh,2.5,4.78,False,False,True,11,0.11210762331838564
449,Mahindra XUV500 W8 2WD,Kochi,2013,61672,First,16.0,2179.0,140.0,7.0,4.78 Lakh,7.53,4.78,False,False,True,12,0.470625
450,Hyundai i20 1.2 Asta Option,Coimbatore,2017,26185,First,18.6,1197.0,81.83,5.0,4.78 Lakh,7.98,4.78,False,True,True,8,0.4290322580645161
451,Audi Q5 30 TDI quattro Premium Plus,Bangalore,2014,38000,Second,14.16,1968.0,174.3,5.0,4.78 Lakh,39.0,4.78,False,False,False,11,2.754237288135593
452,Maruti Ritz VXi,Chennai,2011,67000,Second,18.5,1197.0,85.8,5.0,4.78 Lakh,2.25,4.78,False,True,True,14,0.12162162162162163
453,Mitsubishi Cedia Sports,Chennai,2010,66000,Second,13.17,1999.0,114.0,5.0,4.78 Lakh,3.85,4.78,False,True,True,15,0.29233105542900534
454,Toyota Innova 2.5 V Diesel 7-seater,Hyderabad,2015,80883,First,12.8,2494.0,102.0,7.0,4.78 Lakh,13.5,4.78,False,False,True,10,1.0546875
455,Maruti Celerio LDi,Hyderabad,2016,80219,First,27.62,793.0,47.0,5.0,4.78 Lakh,3.5,4.78,False,False,True,9,0.12671976828385229
456,Maruti S-Cross Delta DDiS 200 SH,Delhi,2018,12923,First,25.1,1248.0,88.5,5.0,11.26 Lakh,8.92,11.26,False,False,True,7,0.3553784860557769
457,Audi Q3 35 TDI Quattro Premium Plus,Coimbatore,2016,86642,First,15.17,1968.0,181.0,5.0,43.65 Lakh,20.37,43.65,False,False,False,9,1.3427818061964405
458,BMW 3 Series Luxury Line,Bangalore,2016,19235,First,21.76,1995.0,190.0,5.0,62.07 Lakh,36.5,62.07,False,False,False,9,1.6773897058823528
459,Audi Q7 4.2 TDI Quattro Technology,Coimbatore,2016,51002,First,11.33,4134.0,335.2,7.0,4.78 Lakh,48.91,4.78,False,False,False,9,4.316857899382171
460,Hyundai i20 2015-2017 Asta 1.2,Pune,2016,6800,First,18.6,1197.0,81.83,5.0,4.78 Lakh,7.2,4.78,False,True,True,9,0.3870967741935484
461,Renault Duster 110PS Diesel RxL,Hyderabad,2012,82749,First,19.01,1461.0,108.45,5.0,4.78 Lakh,5.99,4.78,False,False,True,13,0.3150973172014729
462,Hyundai Xcent 1.1 CRDi S Celebration Edition,Pune,2016,51000,First,24.4,1120.0,71.0,5.0,4.78 Lakh,5.25,4.78,False,False,True,9,0.21516393442622953
463,Ford Ecosport 1.5 DV5 MT Titanium,Delhi,2014,31465,First,22.7,1498.0,89.84,5.0,4.78 Lakh,6.5,4.78,False,False,True,11,0.28634361233480177
464,Volkswagen Polo Petrol Trendline 1.2L,Hyderabad,2013,76476,First,16.47,1198.0,73.9,5.0,4.78 Lakh,4.4,4.78,False,True,True,12,0.2671523982999393
465,Hyundai Grand i10 CRDi Magna,Kolkata,2017,14000,First,24.0,1120.0,70.0,5.0,4.78 Lakh,4.6,4.78,False,False,True,8,0.19166666666666665
466,Tata Manza Aqua Quadrajet BS IV,Ahmedabad,2013,47000,First,21.12,1248.0,88.8,5.0,4.78 Lakh,2.95,4.78,False,False,True,12,0.1396780303030303
467,Honda City 1.5 V MT,Kolkata,2011,48466,First,17.0,1497.0,118.0,5.0,4.78 Lakh,3.26,4.78,False,True,True,14,0.19176470588235292
468,Hyundai Santro Xing GLS,Bangalore,2008,46000,Second,17.92,1086.0,62.1,5.0,4.78 Lakh,2.22,4.78,False,True,True,17,0.12388392857142858
469,Toyota Innova 2.5 VX (Diesel) 7 Seater,Hyderabad,2012,162663,First,12.99,2494.0,100.0,7.0,4.78 Lakh,10.5,4.78,False,False,True,13,0.8083140877598153
470,Maruti Ciaz 1.3 S,Coimbatore,2017,25142,First,28.09,1248.0,88.5,5.0,4.78 Lakh,8.26,4.78,False,False,True,8,0.29405482378070485
471,Toyota Fortuner 4x4 MT TRD Sportivo,Delhi,2013,69000,First,12.55,2982.0,169.0,7.0,4.78 Lakh,14.45,4.78,False,False,True,12,1.1513944223107568
473,Mercedes-Benz E-Class E 220 d,Kochi,2018,26405,First,12.6,1950.0,191.34,5.0,86.97 Lakh,51.43,86.97,False,True,False,7,4.0817460317460315
474,Mercedes-Benz New C-Class 220 CDI MT,Chennai,2014,45000,First,15.8,2148.0,170.0,5.0,4.78 Lakh,23.0,4.78,False,False,True,11,1.4556962025316456
475,Skoda Yeti Ambition 4X2,Kolkata,2012,64284,First,17.72,1968.0,108.49,5.0,4.78 Lakh,5.5,4.78,False,False,True,13,0.3103837471783296
476,Hyundai Grand i10 Sportz,Delhi,2015,27000,First,18.9,1197.0,82.0,5.0,4.78 Lakh,4.5,4.78,False,True,True,10,0.2380952380952381
477,Ford Figo 2015-2019 1.2P Titanium MT,Hyderabad,2018,3678,First,18.16,1196.0,86.8,5.0,4.78 Lakh,6.8,4.78,False,True,True,7,0.3744493392070484
478,Skoda Octavia Ambition 1.4 TSI MT,Mumbai,2013,21000,First,16.8,1395.0,138.02,5.0,4.78 Lakh,8.75,4.78,False,True,True,12,0.5208333333333333
479,Renault Duster 85PS Diesel RxL Option,Mumbai,2015,67000,Second,19.87,1461.0,83.8,5.0,4.78 Lakh,7.0,4.78,False,False,True,10,0.35228988424760943
480,Land Rover Range Rover Evoque 2.0 TD4 Pure,Delhi,2015,24000,Second,15.68,1999.0,177.0,5.0,4.78 Lakh,33.5,4.78,False,False,False,10,2.1364795918367347
481,Ford Figo Diesel EXI,Chennai,2011,75000,Second,20.0,1399.0,68.0,5.0,4.78 Lakh,2.25,4.78,False,False,True,14,0.1125
482,Ford Endeavour Hurricane Limited Edition,Hyderabad,2008,179000,Second,12.8,2953.0,156.0,7.0,4.78 Lakh,4.24,4.78,False,False,False,17,0.33125
483,Toyota Fortuner 4x4 MT,Coimbatore,2017,47198,First,12.55,2982.0,168.5,7.0,4.78 Lakh,28.42,4.78,False,False,True,8,2.2645418326693227
484,Volkswagen Polo Diesel Comfortline 1.2L,Kolkata,2012,52000,First,22.07,1199.0,73.9,5.0,4.78 Lakh,2.75,4.78,False,False,True,13,0.12460353420933394
485,Maruti Ritz VDi,Jaipur,2011,91000,First,23.2,1248.0,73.94,5.0,4.78 Lakh,3.0,4.78,False,False,True,14,0.12931034482758622
486,Nissan Micra Diesel XV Premium,Pune,2013,60000,First,23.08,1461.0,63.1,5.0,4.78 Lakh,3.55,4.78,False,False,True,12,0.15381282495667245
487,Hyundai Verna 1.6 SX,Kolkata,2013,37873,First,22.32,1582.0,126.32,5.0,4.78 Lakh,4.8,4.78,False,False,True,12,0.2150537634408602
488,BMW 5 Series 2003-2012 523i,Kolkata,2011,31000,First,10.8,2497.0,150.0,5.0,4.78 Lakh,13.5,4.78,False,True,False,14,1.25
489,Mercedes-Benz GLS 350d 4MATIC,Pune,2017,129000,First,11.0,2987.0,258.0,7.0,1 Cr,56.0,1.0,False,False,False,8,5.090909090909091
490,Honda CR-V 2.4L 4WD AT,Hyderabad,2004,78000,First,12.0,2354.0,187.4,5.0,4.78 Lakh,3.99,4.78,False,True,False,21,0.3325
491,Hyundai Creta 1.6 CRDi AT SX Plus,Bangalore,2016,32000,First,17.01,1582.0,126.2,5.0,4.78 Lakh,15.5,4.78,False,False,False,9,0.9112286890064667
492,Hyundai i10 Era,Jaipur,2010,59000,Second,19.81,1086.0,68.05,5.0,4.78 Lakh,2.32,4.78,False,True,True,15,0.1171125694093892
493,Mercedes-Benz A Class A200 CDI Sport,Kochi,2016,35437,First,20.0,2143.0,136.0,5.0,4.78 Lakh,18.58,4.78,False,False,False,9,0.9289999999999999
494,Maruti Ertiga VXI,Jaipur,2014,98000,First,16.02,1373.0,93.7,7.0,4.78 Lakh,5.5,4.78,False,True,True,11,0.3433208489388265
495,Skoda Octavia Classic 1.9 TDI MT,Chennai,2006,72000,Second,18.7,1896.0,66.0,5.0,4.78 Lakh,3.2,4.78,False,False,True,19,0.17112299465240643
496,Honda Amaze VX i-Vtech,Pune,2015,79000,First,18.0,1198.0,86.7,5.0,4.78 Lakh,4.0,4.78,False,True,True,10,0.2222222222222222
497,Maruti Zen LXi BSII,Chennai,2004,29000,First,17.3,993.0,60.0,5.0,4.78 Lakh,1.6,4.78,False,True,True,21,0.09248554913294797
498,Maruti SX4 ZXI MT BSIV,Kochi,2013,66012,First,15.5,1586.0,103.3,5.0,4.78 Lakh,4.15,4.78,False,True,True,12,0.267741935483871
499,Honda Brio VX AT,Mumbai,2014,35000,First,16.5,1198.0,86.8,5.0,4.78 Lakh,4.25,4.78,False,True,False,11,0.25757575757575757
500,Maruti Wagon R VXI,Ahmedabad,2011,75000,First,18.9,998.0,67.1,5.0,4.78 Lakh,2.6,4.78,False,True,True,14,0.1375661375661376
501,Toyota Camry A/T,Mumbai,2008,80000,Second,12.1,2362.0,164.7,5.0,4.78 Lakh,3.43,4.78,False,True,False,17,0.28347107438016533
502,Chevrolet Beat LS,Kochi,2012,32717,First,18.6,1199.0,79.4,5.0,4.78 Lakh,2.55,4.78,False,True,True,13,0.13709677419354838
503,Toyota Fortuner 4x4 AT,Delhi,2017,25000,First,12.55,2982.0,168.5,7.0,4.78 Lakh,32.0,4.78,False,False,False,8,2.549800796812749
504,Ford Ecosport 1.5 DV5 MT Titanium Optional,Mumbai,2014,79000,First,22.7,1498.0,89.84,5.0,4.78 Lakh,6.25,4.78,False,False,True,11,0.27533039647577096
505,Maruti Swift Vdi BSIII,Hyderabad,2010,86000,Second,17.8,1248.0,75.0,5.0,4.78 Lakh,3.6,4.78,False,False,True,15,0.20224719101123595
506,Mercedes-Benz S Class 2005 2013 S 350 CDI,Pune,2010,137000,First,13.5,2987.0,282.0,5.0,4.78 Lakh,18.5,4.78,False,False,False,15,1.3703703703703705
507,Honda Mobilio S i VTEC,Mumbai,2015,25000,Second,17.3,1497.0,117.3,7.0,4.78 Lakh,4.25,4.78,False,True,True,10,0.24566473988439305
508,Hyundai Grand i10 Sportz,Mumbai,2017,8500,Second,18.9,1197.0,82.0,5.0,4.78 Lakh,4.8,4.78,False,True,True,8,0.25396825396825395
509,Mahindra XUV500 AT W8 FWD,Bangalore,2015,34000,First,16.0,2179.0,140.0,7.0,4.78 Lakh,13.0,4.78,False,False,False,10,0.8125
510,Skoda Fabia 1.6 MPI Elegance,Pune,2012,41629,Second,14.83,1598.0,105.0,5.0,4.78 Lakh,2.25,4.78,False,True,True,13,0.15171948752528658
511,Hyundai Santro Xing GLS,Hyderabad,2009,80227,First,17.92,1086.0,62.1,5.0,4.78 Lakh,2.3,4.78,False,True,True,16,0.12834821428571427
512,Hyundai Creta 1.6 SX Plus Dual Tone Petrol,Kochi,2019,8587,First,15.29,1591.0,121.3,5.0,4.78 Lakh,13.56,4.78,False,True,True,6,0.8868541530412035
513,Mahindra Scorpio 1.99 S8,Delhi,2017,30000,First,15.4,1997.0,120.0,7.0,4.78 Lakh,12.25,4.78,False,False,True,8,0.7954545454545454
514,Skoda Rapid 1.6 TDI Ambition,Pune,2013,64186,First,20.5,1598.0,103.5,5.0,4.78 Lakh,3.76,4.78,False,False,True,12,0.18341463414634146
515,Renault Duster 110PS Diesel RxZ,Coimbatore,2015,76427,First,19.01,1461.0,108.45,5.0,4.78 Lakh,8.58,4.78,False,False,True,10,0.4513413992635455
516,BMW X5 xDrive 30d,Hyderabad,2011,75000,First,11.7,2993.0,245.0,5.0,4.78 Lakh,27.5,4.78,False,False,False,14,2.3504273504273505
517,Toyota Etios G,Coimbatore,2013,27075,First,17.6,1496.0,88.73,5.0,4.78 Lakh,4.95,4.78,False,True,True,12,0.28125
518,Maruti Wagon R LXI,Ahmedabad,2012,30000,First,22.5,998.0,67.04,5.0,4.74 Lakh,3.3,4.74,False,True,True,13,0.14666666666666667
519,Hyundai Creta 1.6 SX,Chennai,2016,69434,First,15.8,1591.0,121.3,5.0,14.84 Lakh,8.0,14.84,False,True,True,9,0.5063291139240506
520,Maruti Celerio VXI,Jaipur,2014,56000,First,23.1,998.0,67.04,5.0,4.78 Lakh,2.79,4.78,False,True,True,11,0.12077922077922078
521,Land Rover Range Rover HSE Dynamic,Coimbatore,2017,49275,First,12.7,2179.0,187.7,5.0,4.78 Lakh,45.64,4.78,False,False,False,8,3.593700787401575
522,Chevrolet Beat LT,Pune,2014,8700,First,18.6,1199.0,76.8,5.0,4.78 Lakh,2.55,4.78,False,True,True,11,0.13709677419354838
523,Tata Nano Twist XT,Ahmedabad,2014,18000,Second,25.4,624.0,37.5,4.0,4.78 Lakh,1.0,4.78,False,True,True,11,0.03937007874015748
524,Audi A6 2011-2015 35 TDI Technology,Coimbatore,2017,41041,First,17.68,1968.0,174.33,5.0,4.78 Lakh,37.56,4.78,False,False,False,8,2.1244343891402715
525,Mercedes-Benz E-Class 280 CDI,Kochi,2009,80464,Second,11.0,2987.0,198.5,5.0,4.78 Lakh,9.29,4.78,False,False,False,16,0.8445454545454545
526,Maruti Swift VXI,Kochi,2019,20667,First,22.0,1197.0,81.8,5.0,4.78 Lakh,6.37,4.78,False,True,True,6,0.28954545454545455
527,Fiat Linea T Jet,Coimbatore,2013,60283,First,14.6,1368.0,112.0,5.0,4.78 Lakh,2.98,4.78,False,True,True,12,0.20410958904109588
528,Maruti Swift VXI Optional,Kochi,2017,31696,First,20.4,1197.0,81.8,5.0,4.78 Lakh,5.75,4.78,False,True,True,8,0.2818627450980392
529,Toyota Fortuner 3.0 Diesel,Hyderabad,2010,100000,First,11.5,2982.0,171.0,7.0,4.78 Lakh,13.0,4.78,False,False,True,15,1.1304347826086956
530,Maruti Ertiga ZXI,Mumbai,2014,13361,First,16.02,1373.0,93.7,7.0,4.78 Lakh,6.8,4.78,False,True,True,11,0.42446941323345816
531,BMW 3 Series 320i Sedan,Coimbatore,2010,48394,First,12.05,1995.0,154.0,5.0,4.78 Lakh,10.49,4.78,False,True,False,15,0.870539419087137
532,Maruti Ertiga VXI,Jaipur,2014,47399,First,16.02,1373.0,93.7,7.0,4.78 Lakh,5.6,4.78,False,True,True,11,0.34956304619225964
533,Honda City 1.5 V AT,Mumbai,2010,69000,Second,16.8,1497.0,118.0,5.0,4.78 Lakh,2.85,4.78,False,True,False,15,0.16964285714285715
534,Hyundai Santa Fe 4X4,Coimbatore,2013,65278,First,14.66,2199.0,194.3,7.0,4.78 Lakh,8.36,4.78,False,False,True,12,0.5702592087312415
535,Tata Indigo LS,Jaipur,2005,108000,First,17.0,1405.0,70.0,5.0,4.78 Lakh,1.0,4.78,False,False,True,20,0.058823529411764705
536,Mercedes-Benz E-Class 2009-2013 E 250 Elegance,Kolkata,2010,50645,Second,10.93,2497.0,204.0,5.0,4.78 Lakh,10.75,4.78,False,True,False,15,0.9835315645013724
537,Maruti Swift Dzire LDi,Hyderabad,2011,130002,First,19.3,1248.0,73.9,5.0,4.78 Lakh,3.85,4.78,False,False,True,14,0.19948186528497408
538,Ford Fiesta Classic 1.4 Duratorq CLXI,Hyderabad,2012,107000,First,17.8,1399.0,67.0,5.0,4.78 Lakh,3.0,4.78,False,False,True,13,0.16853932584269662
539,Honda City i VTEC CVT VX,Coimbatore,2015,41950,First,18.0,1497.0,117.3,5.0,4.78 Lakh,9.6,4.78,False,True,False,10,0.5333333333333333
540,Toyota Fortuner 4x2 Manual,Delhi,2012,109000,First,13.0,2982.0,168.5,7.0,4.78 Lakh,13.25,4.78,False,False,True,13,1.0192307692307692
541,Honda Amaze VX O i VTEC,Mumbai,2016,9000,First,18.0,1198.0,86.7,5.0,4.78 Lakh,5.75,4.78,False,True,True,9,0.3194444444444444
542,Hyundai i20 Asta 1.4 CRDi,Delhi,2014,43900,First,22.54,1396.0,88.73,5.0,4.78 Lakh,6.75,4.78,False,False,True,11,0.29946761313220943
543,Chevrolet Enjoy TCDi LTZ 7 Seater,Bangalore,2013,64000,Second,18.2,1248.0,73.8,7.0,4.78 Lakh,4.85,4.78,False,False,True,12,0.2664835164835165
544,Mercedes-Benz New C-Class Progressive C 200,Kochi,2019,13190,First,0.0,1950.0,181.43,5.0,49.49 Lakh,38.99,49.49,False,True,False,6,
545,Maruti SX4 ZXI AT Leather,Mumbai,2009,77652,First,12.6,1586.0,103.2,5.0,4.78 Lakh,2.85,4.78,False,True,False,16,0.2261904761904762
546,Toyota Innova 2.5 VX (Diesel) 7 Seater,Mumbai,2012,55000,First,12.99,2494.0,100.0,7.0,4.78 Lakh,9.51,4.78,False,False,True,13,0.7321016166281755
547,BMW 5 Series 2003-2012 520d,Ahmedabad,2012,59900,Second,18.48,1995.0,177.0,5.0,4.78 Lakh,18.5,4.78,False,False,False,13,1.001082251082251
548,Renault Duster 110PS Diesel RxZ,Delhi,2015,73539,First,19.01,1461.0,108.45,5.0,4.78 Lakh,6.75,4.78,False,False,True,10,0.35507627564439764
549,BMW X1 sDrive 20d xLine,Coimbatore,2017,31645,First,20.68,1995.0,190.0,5.0,48.18 Lakh,29.4,48.18,False,False,False,8,1.4216634429400385
550,Honda City ZX GXi,Kochi,2009,69690,First,17.7,1497.0,78.0,5.0,4.78 Lakh,3.29,4.78,False,True,True,16,0.18587570621468927
551,Maruti Ciaz RS ZDi Plus SHVS,Delhi,2016,41000,First,28.09,1248.0,88.5,5.0,4.78 Lakh,9.5,4.78,False,False,True,9,0.3381986472054112
552,Maruti Swift Dzire VXi,Pune,2010,109200,Second,17.5,1298.0,85.8,5.0,4.78 Lakh,2.2,4.78,False,True,True,15,0.12571428571428572
553,Mahindra XUV500 W6 2WD,Pune,2012,80000,First,15.1,2179.0,140.0,7.0,4.78 Lakh,6.5,4.78,False,False,True,13,0.43046357615894043
554,Honda Civic 2006-2010 1.8 S MT,Ahmedabad,2007,51000,First,13.5,1799.0,130.0,5.0,4.78 Lakh,4.9,4.78,False,True,True,18,0.362962962962963
555,Maruti Ertiga ZDI,Pune,2013,105000,Second,25.47,1248.0,88.5,7.0,12.34 Lakh,6.75,12.34,False,False,True,12,0.26501766784452296
556,Toyota Etios Liva GD,Chennai,2013,179000,First,23.59,1364.0,67.04,5.0,4.78 Lakh,3.8,4.78,False,False,True,12,0.16108520559559134
557,Audi TT 2.0 TFSI,Delhi,2013,12100,First,9.9,1984.0,207.8,2.0,4.78 Lakh,29.5,4.78,False,True,False,12,2.9797979797979797
558,Skoda Rapid 1.5 TDI Style,Hyderabad,2017,31000,First,21.13,1498.0,108.4,5.0,15.38 Lakh,10.5,15.38,False,False,True,8,0.49692380501656414
559,Volkswagen Polo 1.5 TDI Highline,Hyderabad,2015,50000,First,20.14,1498.0,88.8,5.0,4.78 Lakh,6.2,4.78,False,False,True,10,0.30784508440913605
560,Skoda Laura 1.9 TDI AT Elegance,Jaipur,2009,48000,First,17.0,1896.0,105.0,5.0,4.78 Lakh,5.0,4.78,False,False,False,16,0.29411764705882354
561,Mahindra Renault Logan 1.5 DLE Diesel,Chennai,2007,35000,First,19.2,1461.0,65.0,5.0,4.78 Lakh,2.3,4.78,False,False,True,18,0.11979166666666666
562,Toyota Innova Crysta 2.8 GX AT,Ahmedabad,2016,100200,First,11.36,2755.0,171.5,7.0,19.21 Lakh,17.0,19.21,False,False,False,9,1.4964788732394367
563,BMW 3 Series 320d Luxury Line,Bangalore,2014,47000,First,18.88,1995.0,184.0,5.0,4.78 Lakh,25.5,4.78,False,False,False,11,1.350635593220339
564,Honda Jazz 1.5 S i DTEC,Jaipur,2015,63642,First,27.3,1498.0,98.6,5.0,4.78 Lakh,5.65,4.78,False,False,True,10,0.20695970695970697
565,Honda Amaze VX i-DTEC,Kochi,2015,62550,First,25.8,1498.0,98.6,5.0,4.78 Lakh,5.6,4.78,False,False,True,10,0.21705426356589144
566,Jaguar XF 2.2 Litre Luxury,Kochi,2015,37340,First,16.36,2179.0,187.7,5.0,4.78 Lakh,29.98,4.78,False,False,False,10,1.8325183374083132
567,Maruti Swift Dzire VDI,Coimbatore,2016,38461,First,26.59,1248.0,74.0,5.0,4.78 Lakh,7.39,4.78,False,False,True,9,0.27792403159082363
568,Jeep Compass 2.0 Limited,Jaipur,2018,29000,First,17.1,1956.0,170.0,5.0,22.95 Lakh,19.0,22.95,False,False,True,7,1.111111111111111
569,Toyota Corolla Altis 1.8 Sport,Pune,2010,31000,First,12.5,1794.0,132.0,5.0,4.78 Lakh,5.0,4.78,False,True,True,15,0.4
570,Honda City 1.5 V MT,Kolkata,2011,42086,First,17.0,1497.0,118.0,5.0,4.78 Lakh,3.35,4.78,False,True,True,14,0.19705882352941176
571,Maruti Swift ZXI,Chennai,2013,49000,First,18.6,1197.0,85.8,5.0,4.78 Lakh,4.45,4.78,False,True,True,12,0.23924731182795697
572,Hyundai Verna 1.6 SX CRDI (O) AT,Coimbatore,2019,77240,First,22.32,1582.0,126.32,5.0,4.78 Lakh,8.31,4.78,False,False,False,6,0.37231182795698925
573,Mahindra Bolero ZLX,Jaipur,2012,105000,Second,15.96,2523.0,62.1,7.0,11.15 Lakh,6.0,11.15,False,False,True,13,0.37593984962406013
574,Maruti Swift VDI,Chennai,2014,35000,First,22.9,1248.0,74.0,5.0,4.78 Lakh,5.25,4.78,False,False,True,11,0.2292576419213974
576,Audi A6 2011-2015 2.0 TDI Premium Plus,Hyderabad,2012,202082,First,17.68,1968.0,174.33,5.0,4.78 Lakh,12.3,4.78,False,False,False,13,0.6957013574660634
577,Ford Ikon 1.3 LXi NXt,Chennai,2004,129000,Third,13.8,1299.0,70.0,5.0,4.78 Lakh,1.5,4.78,False,True,True,21,0.10869565217391304
578,Volkswagen Polo 1.5 TDI Highline,Coimbatore,2018,33558,First,20.14,1498.0,88.0,5.0,10.32 Lakh,8.12,10.32,False,False,True,7,0.40317775571002973
579,Mahindra Bolero VLX CRDe,Coimbatore,2012,60271,First,13.6,2523.0,63.0,7.0,4.78 Lakh,6.12,4.78,False,False,True,13,0.45
580,Honda City i DTEC VX Option,Coimbatore,2017,45366,First,25.1,1498.0,98.6,5.0,4.78 Lakh,10.88,4.78,False,False,True,8,0.4334661354581673
581,Chevrolet Sail Hatchback 1.2 LS,Kolkata,2014,9500,First,18.2,1199.0,82.5,5.0,4.78 Lakh,3.5,4.78,False,True,True,11,0.19230769230769232
582,Hyundai i20 1.2 Spotz,Kochi,2016,42362,First,18.6,1197.0,81.83,5.0,4.78 Lakh,6.15,4.78,False,True,True,9,0.33064516129032256
583,BMW X1 sDrive 20d Sportline,Chennai,2016,21000,First,17.05,1995.0,184.0,5.0,4.78 Lakh,33.0,4.78,False,False,False,9,1.9354838709677418
584,BMW X1 sDrive 20d Exclusive,Mumbai,2012,15200,First,15.06,1995.0,177.0,5.0,4.78 Lakh,13.5,4.78,False,False,False,13,0.896414342629482
585,Toyota Fortuner 4x2 AT,Mumbai,2015,43690,First,12.55,2982.0,168.5,7.0,4.78 Lakh,17.11,4.78,False,False,False,10,1.3633466135458165
586,Audi Q7 4.2 TDI Quattro Technology,Kochi,2014,79926,First,11.33,4134.0,335.2,7.0,4.78 Lakh,29.77,4.78,False,False,False,11,2.6275375110326564
587,Maruti Ertiga VDI,Kolkata,2013,53073,First,20.77,1248.0,88.76,7.0,4.78 Lakh,5.95,4.78,False,False,True,12,0.2864708714492056
588,Hyundai i20 1.2 Magna,Bangalore,2015,59000,First,18.5,1197.0,80.0,5.0,4.78 Lakh,5.75,4.78,False,True,True,10,0.3108108108108108
589,Mercedes-Benz S Class 2005 2013 S 350 L,Bangalore,2006,47088,Second,10.13,3498.0,364.9,5.0,4.78 Lakh,19.0,4.78,False,True,False,19,1.8756169792694963
590,Renault Duster 85PS Diesel RxL,Ahmedabad,2014,55000,First,20.45,1461.0,83.8,5.0,4.78 Lakh,4.75,4.78,False,False,True,11,0.23227383863080686
591,Mahindra Quanto C2,Hyderabad,2013,80430,Second,17.21,1493.0,100.0,7.0,4.78 Lakh,3.3,4.78,False,False,True,12,0.19174898314933175
592,Toyota Fortuner 4x2 AT,Delhi,2013,71932,First,12.55,2982.0,168.5,7.0,4.78 Lakh,16.5,4.78,False,False,False,12,1.3147410358565736
593,BMW X5 2014-2019 xDrive 30d Design Pure Experience 7 Seater,Mumbai,2014,19000,First,15.97,2993.0,258.0,7.0,4.78 Lakh,44.0,4.78,False,False,False,11,2.7551659361302443
594,Maruti Swift Dzire VDi,Hyderabad,2011,81759,First,19.3,1248.0,73.9,5.0,4.78 Lakh,4.39,4.78,False,False,True,14,0.22746113989637304
595,Maruti Swift LDI Optional,Kochi,2018,52010,First,25.2,1248.0,74.0,5.0,4.78 Lakh,6.2,4.78,False,False,True,7,0.24603174603174605
596,Audi A6 2011-2015 35 TFSI Technology,Kochi,2016,58953,First,13.53,1984.0,177.01,5.0,4.78 Lakh,24.22,4.78,False,True,False,9,1.7900960827790096
597,Mitsubishi Pajero 2.8 SFX BSIV Dual Tone,Mumbai,2008,93000,Third,10.5,2835.0,107.2,6.0,4.78 Lakh,5.45,4.78,False,False,True,17,0.5190476190476191
598,Jaguar XF 2.2 Litre Executive,Delhi,2016,10000,First,16.36,2179.0,187.7,5.0,4.78 Lakh,44.0,4.78,False,False,False,9,2.6894865525672373
599,Toyota Innova Crysta 2.8 ZX AT,Coimbatore,2019,40674,First,11.36,2755.0,171.5,7.0,28.05 Lakh,24.82,28.05,False,False,False,6,2.1848591549295775
600,Skoda Octavia Ambition 2.0 TDI AT,Mumbai,2015,50000,First,19.3,1968.0,141.0,5.0,4.78 Lakh,11.69,4.78,False,False,False,10,0.6056994818652849
601,Toyota Corolla Altis VL AT,Bangalore,2018,1331,First,14.28,1798.0,138.03,5.0,4.78 Lakh,20.0,4.78,False,True,False,7,1.400560224089636
602,Maruti Omni 8 Seater BSII,Pune,2010,60000,First,19.7,796.0,35.0,8.0,4.78 Lakh,1.45,4.78,False,True,True,15,0.07360406091370558
603,Mercedes-Benz GLC 220d 4MATIC Style,Mumbai,2018,10003,First,17.9,2143.0,170.0,5.0,59.77 Lakh,48.5,59.77,False,False,False,7,2.7094972067039107
604,Volkswagen Vento 1.5 TDI Highline AT,Mumbai,2016,25000,First,21.5,1498.0,108.5,5.0,15.86 Lakh,9.45,15.86,False,False,False,9,0.4395348837209302
605,Mahindra XUV500 W10 2WD,Ahmedabad,2015,73000,First,16.0,2179.0,140.0,7.0,4.78 Lakh,12.5,4.78,False,False,True,10,0.78125
606,Nissan Terrano XL 85 PS,Hyderabad,2014,59962,First,20.45,1461.0,83.8,5.0,4.78 Lakh,6.9,4.78,False,False,True,11,0.33740831295843526
607,Hyundai Verna 1.6 SX CRDi (O),Jaipur,2012,72000,Second,22.32,1582.0,126.32,5.0,4.78 Lakh,5.8,4.78,False,False,True,13,0.25985663082437277
608,BMW 5 Series 2013-2017 530d M Sport,Coimbatore,2016,20967,First,14.69,2993.0,258.0,5.0,4.78 Lakh,44.56,4.78,False,False,False,9,3.0333560245064675
609,Mahindra Scorpio S4 Plus,Bangalore,2015,35000,Second,15.4,2179.0,120.0,7.0,4.78 Lakh,8.5,4.78,False,False,True,10,0.551948051948052
610,Hyundai Verna 1.6 CRDi SX,Coimbatore,2017,38056,First,23.9,1582.0,126.2,5.0,4.78 Lakh,10.7,4.78,False,False,True,8,0.4476987447698745
611,Audi Q7 3.0 TDI Quattro Premium Plus,Pune,2009,94000,Second,12.07,2967.0,241.4,7.0,4.78 Lakh,12.0,4.78,False,False,False,16,0.9942004971002485
612,Chevrolet Aveo U-VA 1.2 LT,Coimbatore,2010,64236,First,14.7,1150.0,76.0,5.0,4.78 Lakh,2.44,4.78,False,True,True,15,0.16598639455782313
613,Mahindra Bolero ZLX BSIII,Kolkata,2000,124000,First,13.6,2523.0,63.0,7.0,4.78 Lakh,1.95,4.78,False,False,True,25,0.14338235294117646
614,Hyundai Xcent 1.2 Kappa S,Mumbai,2014,7400,First,19.1,1197.0,82.0,5.0,4.78 Lakh,4.35,4.78,False,True,True,11,0.2277486910994764
615,Toyota Innova Crysta 2.4 GX MT 8S,Hyderabad,2017,52000,First,13.68,2393.0,147.8,8.0,19.43 Lakh,17.5,19.43,False,False,True,8,1.2792397660818713
616,Hyundai EON Era Plus,Hyderabad,2015,68764,First,21.1,814.0,55.2,5.0,4.78 Lakh,2.9,4.78,False,True,True,10,0.13744075829383884
617,Volkswagen Polo Diesel Comfortline 1.2L,Delhi,2013,64000,First,22.07,1199.0,73.9,5.0,4.78 Lakh,2.9,4.78,False,False,True,12,0.13140009062075214
618,Maruti Vitara Brezza ZDi,Pune,2016,21558,First,24.3,1248.0,88.5,5.0,10.65 Lakh,8.9,10.65,False,False,True,9,0.3662551440329218
619,BMW 3 Series 320d Prestige,Mumbai,2013,37500,First,18.88,1995.0,184.0,5.0,4.78 Lakh,16.75,4.78,False,False,False,12,0.8871822033898306
620,Hyundai EON Sportz,Coimbatore,2016,14077,First,21.1,814.0,55.2,5.0,4.78 Lakh,3.95,4.78,False,True,True,9,0.1872037914691943
621,Honda City 1.5 S MT,Mumbai,2009,70000,First,17.0,1497.0,118.0,5.0,4.78 Lakh,2.1,4.78,False,True,True,16,0.12352941176470589
622,Honda Accord 2.4 MT,Kochi,2011,54316,Second,12.8,2354.0,177.6,5.0,4.78 Lakh,4.29,4.78,False,True,True,14,0.33515625
623,Mahindra Xylo E8,Hyderabad,2009,90764,First,14.0,2498.0,112.0,8.0,4.78 Lakh,3.85,4.78,False,False,True,16,0.275
624,BMW 3 Series 320d,Chennai,2009,137000,Second,13.2,1995.0,170.0,5.0,4.78 Lakh,9.0,4.78,False,False,False,16,0.6818181818181819
625,Honda City V MT,Pune,2013,127000,Second,16.8,1497.0,116.3,5.0,4.78 Lakh,4.5,4.78,False,True,True,12,0.26785714285714285
626,Mahindra XUV500 W10 2WD,Kochi,2016,51884,First,16.0,2179.0,140.0,7.0,4.78 Lakh,12.46,4.78,False,False,True,9,0.77875
627,Hyundai i20 Asta 1.4 CRDi,Delhi,2014,67407,First,21.27,1396.0,88.76,5.0,4.78 Lakh,4.65,4.78,False,False,True,11,0.21861777150916786
628,Toyota Fortuner 4x2 Manual,Hyderabad,2014,107825,First,13.0,2982.0,168.5,7.0,4.78 Lakh,20.5,4.78,False,False,True,11,1.5769230769230769
629,Mahindra Bolero DI BSII,Chennai,2006,82453,First,13.6,2523.0,63.0,8.0,4.78 Lakh,2.9,4.78,False,False,True,19,0.21323529411764705
630,Maruti Esteem Vxi - BSIII,Chennai,2007,30441,First,15.9,1298.0,85.0,5.0,4.78 Lakh,1.45,4.78,False,True,True,18,0.09119496855345911
632,Mini Cooper 5 DOOR D,Mumbai,2016,11000,First,20.7,1496.0,113.98,5.0,42.12 Lakh,29.5,42.12,False,False,False,9,1.42512077294686
633,Audi Q3 35 TDI Quattro Premium,Hyderabad,2015,61000,First,15.73,1968.0,174.33,5.0,4.78 Lakh,25.0,4.78,False,False,False,10,1.589319771137953
634,Hyundai i20 Sportz Option,Delhi,2013,48454,Second,17.0,1197.0,80.0,5.0,4.78 Lakh,3.5,4.78,False,True,True,12,0.20588235294117646
635,Tata Safari Storme VX Varicor 400,Jaipur,2017,37000,First,14.1,2179.0,154.0,7.0,16.95 Lakh,11.25,16.95,False,False,True,8,0.7978723404255319
636,Honda BR-V i-DTEC VX MT,Kochi,2017,32249,First,21.9,1498.0,98.6,7.0,15.45 Lakh,10.79,15.45,False,False,True,8,0.49269406392694065
637,Volkswagen Jetta 2013-2015 2.0L TDI Highline,Kolkata,2013,58000,First,19.33,1968.0,138.03,5.0,4.78 Lakh,5.9,4.78,False,False,True,12,0.3052250387997931
638,Hyundai Xcent 1.2 Kappa S Option,Jaipur,2017,28360,First,19.1,1197.0,81.86,5.0,4.78 Lakh,5.12,4.78,False,True,True,8,0.26806282722513086
639,Maruti Ignis 1.2 Alpha,Mumbai,2017,7000,First,20.89,1197.0,81.8,5.0,7.87 Lakh,5.7,7.87,False,True,True,8,0.2728578267113451
640,BMW 5 Series 2013-2017 520d Luxury Line,Coimbatore,2016,19658,First,18.12,1995.0,190.0,5.0,4.78 Lakh,35.84,4.78,False,False,False,9,1.9779249448123621
641,Ford Ikon 1.3 CLXi,Hyderabad,2007,92000,First,13.8,1299.0,70.0,5.0,4.78 Lakh,1.25,4.78,False,True,True,18,0.09057971014492754
642,Hyundai i10 Sportz,Kolkata,2013,25000,First,20.36,1197.0,78.9,5.0,4.78 Lakh,2.65,4.78,False,True,True,12,0.13015717092337917
643,Hyundai Verna 1.6 CRDI,Coimbatore,2016,37882,First,22.32,1582.0,126.3,5.0,4.78 Lakh,9.19,4.78,False,False,True,9,0.4117383512544803
644,BMW 3 Series 320d Highline,Bangalore,2014,69330,First,16.07,1995.0,181.0,5.0,4.78 Lakh,23.5,4.78,False,False,False,11,1.462352209085252
645,Mercedes-Benz E-Class 2009-2013 E200 CGI Blue Efficiency,Delhi,2011,61000,First,12.3,1796.0,185.0,5.0,4.78 Lakh,12.5,4.78,False,True,False,14,1.0162601626016259
646,Chevrolet Beat Option Pack,Kolkata,2010,35000,Second,18.6,1199.0,79.4,5.0,4.78 Lakh,1.5,4.78,False,True,True,15,0.08064516129032258
649,Mahindra XUV500 W8 2WD,Delhi,2012,72450,First,15.1,2179.0,140.0,7.0,4.78 Lakh,8.1,4.78,False,False,True,13,0.5364238410596026
650,Maruti Ciaz ZDi Plus SHVS,Jaipur,2017,36381,First,28.09,1248.0,88.5,5.0,4.78 Lakh,9.75,4.78,False,False,True,8,0.34709861160555355
651,Mercedes-Benz New C-Class C 250 CDI Avantgarde,Coimbatore,2017,25559,First,19.71,2143.0,201.15,5.0,4.78 Lakh,37.93,4.78,False,False,False,8,1.924403855910705
652,Honda City ZX CVT,Chennai,2005,100000,Third,16.4,1497.0,78.0,5.0,4.78 Lakh,1.96,4.78,False,True,False,20,0.11951219512195123
653,Toyota Fortuner 4x2 4 Speed AT,Jaipur,2015,94000,First,11.5,2982.0,169.0,7.0,4.78 Lakh,20.5,4.78,False,False,False,10,1.7826086956521738
654,Maruti Alto K10 VXI,Bangalore,2011,64357,First,24.07,998.0,67.1,5.0,4.7 Lakh,2.75,4.7,False,True,True,14,0.11425010386373079
655,Jaguar XJ 2.0L Portfolio,Mumbai,2017,10501,First,9.43,1999.0,237.4,5.0,4.78 Lakh,75.0,4.78,False,True,False,8,7.953340402969247
656,Hyundai i20 1.4 Magna ABS,Chennai,2009,47000,First,21.9,1396.0,90.0,5.0,4.78 Lakh,2.8,4.78,False,False,True,16,0.1278538812785388
657,Honda BRV i-VTEC V CVT,Mumbai,2017,18000,First,16.0,1497.0,117.3,7.0,15.02 Lakh,9.25,15.02,False,True,False,8,0.578125
658,Toyota Corolla Executive (HE),Chennai,2007,89000,First,13.4,1794.0,125.0,5.0,4.78 Lakh,3.0,4.78,False,True,True,18,0.22388059701492538
659,Audi A6 2011-2015 2.0 TDI Premium Plus,Coimbatore,2014,49964,First,17.68,1968.0,174.33,5.0,4.78 Lakh,23.89,4.78,False,False,False,11,1.3512443438914028
660,Toyota Innova 2.5 ZX Diesel 7 Seater BSIII,Mumbai,2014,35000,First,12.99,2494.0,100.6,7.0,4.78 Lakh,12.75,4.78,False,False,True,11,0.9815242494226328
661,Hyundai Grand i10 CRDi Sportz,Jaipur,2014,64000,First,24.0,1120.0,70.0,5.0,4.78 Lakh,4.15,4.78,False,False,True,11,0.1729166666666667
662,Volkswagen Vento IPL II Petrol Highline AT,Mumbai,2013,36000,First,14.8,1598.0,105.0,5.0,4.78 Lakh,4.65,4.78,False,True,False,12,0.3141891891891892
663,Toyota Innova 2.5 VX (Diesel) 7 Seater BS IV,Delhi,2012,78600,First,12.8,2494.0,102.0,7.0,4.78 Lakh,8.9,4.78,False,False,True,13,0.6953125
664,Hyundai Verna CRDi SX,Jaipur,2008,170000,Second,16.8,1493.0,110.0,5.0,4.78 Lakh,1.5,4.78,False,False,True,17,0.08928571428571429
665,Maruti Ritz VDi,Pune,2015,65000,Second,23.2,1248.0,73.94,5.0,4.78 Lakh,3.27,4.78,False,False,True,10,0.14094827586206898
666,Audi Q7 3.0 TDI Quattro Technology,Pune,2008,120300,Second,12.07,2967.0,241.4,7.0,4.78 Lakh,18.0,4.78,False,False,False,17,1.4913007456503728
667,Hyundai i20 Asta Option 1.2,Pune,2016,21000,First,18.6,1197.0,81.83,5.0,4.78 Lakh,6.3,4.78,False,True,True,9,0.3387096774193548
668,Maruti Vitara Brezza ZDi Plus Dual Tone,Coimbatore,2017,18108,First,24.3,1248.0,88.5,5.0,12.56 Lakh,11.31,12.56,False,False,True,8,0.4654320987654321
669,Honda City i VTEC S,Pune,2014,58407,First,17.4,1497.0,117.3,5.0,4.78 Lakh,6.16,4.78,False,True,True,11,0.35402298850574715
670,Maruti Ciaz ZXi,Pune,2014,49500,First,20.73,1373.0,91.1,5.0,4.78 Lakh,6.0,4.78,False,True,True,11,0.2894356005788712
671,Nissan Sunny XV CVT,Kochi,2013,37199,First,17.5,1498.0,99.6,5.0,11.33 Lakh,5.43,11.33,False,True,False,12,0.3102857142857143
672,Volkswagen Polo Diesel Highline 1.2L,Hyderabad,2012,62000,First,22.07,1199.0,73.9,5.0,4.78 Lakh,4.65,4.78,False,False,True,13,0.21069324875396467
673,Maruti Ertiga ZDI,Hyderabad,2015,59000,First,20.77,1248.0,88.8,7.0,4.78 Lakh,7.5,4.78,False,False,True,10,0.36109773712084736
674,Maruti Swift Dzire VDI,Jaipur,2015,60000,First,26.59,1248.0,74.0,5.0,4.78 Lakh,6.25,4.78,False,False,True,10,0.23505077096652877
675,Mercedes-Benz New C-Class C 220 CDI Elegance AT,Bangalore,2007,39037,First,14.84,2143.0,170.0,5.0,4.78 Lakh,9.25,4.78,False,False,False,18,0.6233153638814016
676,Honda Brio S MT,Mumbai,2013,17003,First,19.4,1198.0,86.8,5.0,4.78 Lakh,3.15,4.78,False,True,True,12,0.16237113402061856
677,Hyundai i10 Magna Optional 1.1L,Hyderabad,2008,80400,First,16.0,1086.0,66.7,5.0,4.78 Lakh,2.3,4.78,False,True,True,17,0.14375
678,Hyundai Verna 1.6 SX CRDi (O),Jaipur,2012,75200,First,22.32,1582.0,126.32,5.0,4.78 Lakh,5.25,4.78,False,False,True,13,0.23521505376344085
679,Maruti Ciaz VDI SHVS,Kochi,2017,41217,First,28.09,1248.0,88.5,5.0,4.78 Lakh,7.4,4.78,False,False,True,8,0.26343894624421504
680,Ford Ikon 1.3 Flair,Pune,2006,98293,Second,13.8,1299.0,70.0,5.0,4.78 Lakh,1.55,4.78,False,True,True,19,0.11231884057971014
681,Volkswagen Polo 1.2 MPI Highline,Pune,2017,54000,Second,16.2,1199.0,74.0,5.0,4.78 Lakh,6.0,4.78,False,True,True,8,0.3703703703703704
682,Honda Jazz 1.2 V i VTEC,Chennai,2016,17377,First,18.7,1199.0,88.7,5.0,4.78 Lakh,5.9,4.78,False,True,True,9,0.31550802139037437
683,Honda Amaze EX i-Dtech,Bangalore,2013,33800,Second,25.8,1498.0,98.6,5.0,4.78 Lakh,4.7,4.78,False,False,True,12,0.1821705426356589
684,Hyundai i20 Asta 1.4 CRDi,Hyderabad,2015,86157,First,22.54,1396.0,88.73,5.0,4.78 Lakh,6.5,4.78,False,False,True,10,0.2883762200532387
685,Maruti Ritz VDi,Hyderabad,2012,146824,First,21.1,1248.0,73.9,5.0,4.78 Lakh,3.55,4.78,False,False,True,13,0.16824644549763032
686,Honda City V MT,Chennai,2014,55000,First,16.8,1497.0,116.3,5.0,4.78 Lakh,7.1,4.78,False,True,True,11,0.42261904761904756
687,Skoda Superb 1.8 TSI MT,Hyderabad,2010,53293,First,13.14,1798.0,160.0,5.0,4.78 Lakh,6.0,4.78,False,True,True,15,0.45662100456621
688,Maruti Vitara Brezza LDi Option,Pune,2017,38000,First,24.3,1248.0,88.5,5.0,4.78 Lakh,7.99,4.78,False,False,True,8,0.32880658436213994
689,Hyundai i20 Asta,Bangalore,2009,64000,Second,17.0,1197.0,80.0,5.0,4.78 Lakh,4.1,4.78,False,True,True,16,0.24117647058823527
690,Maruti Alto K10 VXI AGS,Hyderabad,2017,25058,First,24.07,998.0,67.1,5.0,4.78 Lakh,3.95,4.78,False,True,False,8,0.1641046946406315
691,Hyundai EON Era Plus,Kochi,2016,36700,First,21.1,814.0,55.2,5.0,4.78 Lakh,4.38,4.78,False,True,True,9,0.20758293838862557
692,Hyundai i10 Sportz,Mumbai,2011,35000,First,20.36,1197.0,78.9,5.0,4.78 Lakh,2.75,4.78,False,True,True,14,0.1350687622789784
693,Mercedes-Benz SLK-Class SLK 350,Coimbatore,2016,22732,First,18.1,3498.0,306.0,2.0,4.78 Lakh,55.54,4.78,False,True,False,9,3.0685082872928175
694,Audi A6 2.0 TDI Design Edition,Hyderabad,2014,48000,First,18.53,1968.0,187.74,5.0,4.78 Lakh,29.0,4.78,False,False,False,11,1.5650296815974094
695,Ford EcoSport 1.5 TDCi Titanium,Bangalore,2013,62084,First,22.77,1498.0,98.59,5.0,4.78 Lakh,6.6,4.78,False,False,True,12,0.2898550724637681
696,Volkswagen Passat Highline DSG,Kolkata,2012,39273,First,14.3,1968.0,140.0,5.0,4.78 Lakh,6.99,4.78,False,False,False,13,0.4888111888111888
697,Toyota Innova Crysta 2.4 ZX MT,Bangalore,2017,64798,First,13.68,2393.0,147.8,7.0,26.45 Lakh,18.75,26.45,False,False,True,8,1.3706140350877194
698,Ford Figo Diesel ZXI,Jaipur,2010,100002,Third,20.0,1399.0,68.0,5.0,4.78 Lakh,1.28,4.78,False,False,True,15,0.064
699,Chevrolet Aveo 1.4,Pune,2006,78000,Third,14.49,1399.0,92.7,5.0,4.78 Lakh,1.2,4.78,False,True,True,19,0.08281573498964803
700,Maruti Ritz LXi,Coimbatore,2013,57717,First,18.5,1197.0,85.8,5.0,4.78 Lakh,4.31,4.78,False,True,True,12,0.23297297297297295
701,Land Rover Freelander 2 SE,Chennai,2011,109000,First,12.39,2179.0,147.51,5.0,4.78 Lakh,16.5,4.78,False,False,False,14,1.3317191283292977
702,Hyundai Grand i10 Asta,Coimbatore,2017,74515,First,18.9,1197.0,82.0,5.0,4.78 Lakh,5.64,4.78,False,True,True,8,0.2984126984126984
703,Ford Endeavour 3.2 Trend AT 4X4,Coimbatore,2017,50484,First,10.91,3198.0,197.2,7.0,4.78 Lakh,31.12,4.78,False,False,False,8,2.852428964252979
704,Audi Q5 2008-2012 2.0 TDI,Kochi,2013,13452,First,12.8,1968.0,167.6,5.0,4.78 Lakh,25.46,4.78,False,False,False,12,1.9890625
705,Hyundai Verna 1.6 VTVT,Kochi,2017,37688,First,17.01,1591.0,121.3,5.0,4.78 Lakh,7.88,4.78,False,True,True,8,0.4632569077013521
706,Mercedes-Benz E-Class 2015-2017 E250 CDI Avantgarde,Chennai,2017,34000,First,13.0,2143.0,204.0,5.0,4.78 Lakh,36.0,4.78,False,False,False,8,2.769230769230769
707,Mercedes-Benz M-Class ML 350 4Matic,Pune,2014,120000,First,0.0,2987.0,165.0,5.0,4.78 Lakh,30.0,4.78,False,False,False,11,
708,Maruti Swift Dzire ZXi,Pune,2008,64000,Second,17.5,1298.0,85.8,5.0,4.78 Lakh,2.85,4.78,False,True,True,17,0.16285714285714287
709,Honda City 1.3 EXI S,Delhi,2011,100000,First,13.0,1343.0,90.0,5.0,4.78 Lakh,3.5,4.78,False,True,True,14,0.2692307692307692
710,Renault Duster 85PS Diesel RxL Optional,Jaipur,2014,75000,First,20.46,1461.0,83.8,5.0,4.78 Lakh,7.5,4.78,False,False,True,11,0.36656891495601174
711,Mercedes-Benz New C-Class 220 CDI AT,Hyderabad,2012,86000,First,14.84,2143.0,170.0,5.0,4.78 Lakh,19.0,4.78,False,False,False,13,1.280323450134771
712,BMW X5 xDrive 30d Design Pure Experience 5 Seater,Hyderabad,2015,69000,First,15.97,2993.0,258.0,5.0,4.78 Lakh,54.0,4.78,False,False,False,10,3.3813400125234816
713,Hyundai Xcent 1.2 Kappa SX Option,Kochi,2015,41721,First,19.1,1197.0,82.0,5.0,4.78 Lakh,4.7,4.78,False,True,True,10,0.24607329842931935
714,Maruti Dzire AMT ZXI Plus,Hyderabad,2017,13000,First,22.0,1197.0,81.8,5.0,10.34 Lakh,8.5,10.34,False,True,False,8,0.38636363636363635
715,BMW 3 Series 320d Corporate Edition,Kolkata,2013,38998,First,16.07,1995.0,181.0,4.0,4.78 Lakh,17.0,4.78,False,False,False,12,1.057871810827629
716,Maruti Alto 800 LXI,Kochi,2017,54250,First,22.74,796.0,47.3,5.0,4.78 Lakh,3.51,4.78,False,True,True,8,0.15435356200527706
717,Audi A4 2.0 TDI 177 Bhp Premium Plus,Bangalore,2013,45979,Second,17.11,1968.0,174.33,5.0,4.78 Lakh,19.5,4.78,False,False,False,12,1.1396843950905904
718,Mini Cooper S,Pune,2012,37000,Second,13.6,1598.0,181.0,4.0,4.78 Lakh,17.0,4.78,False,True,False,13,1.25
719,Audi Q7 3.0 TDI Quattro Premium Plus,Coimbatore,2015,46983,Second,12.07,2967.0,241.4,7.0,4.78 Lakh,43.35,4.78,False,False,False,10,3.591549295774648
720,Chevrolet Beat Diesel LT,Bangalore,2012,40700,First,25.44,936.0,57.6,5.0,4.78 Lakh,2.65,4.78,False,False,True,13,0.10416666666666666
721,Maruti Wagon R LXI BS IV,Kochi,2015,43828,First,20.51,998.0,67.04,5.0,4.78 Lakh,3.52,4.78,False,True,True,10,0.17162359824475865
722,Nissan Terrano XV Premium 110 PS,Kolkata,2016,53000,First,19.01,1461.0,108.5,5.0,4.78 Lakh,6.25,4.78,False,False,True,9,0.3287743293003682
723,BMW 3 Series 320d Luxury Plus,Ahmedabad,2015,100000,First,18.88,1995.0,184.0,5.0,4.78 Lakh,24.75,4.78,False,False,False,10,1.3109110169491527
724,Maruti Swift Dzire VXI,Mumbai,2015,19000,First,20.85,1197.0,83.14,5.0,4.78 Lakh,5.25,4.78,False,True,True,10,0.2517985611510791
725,Skoda Yeti Elegance 4X2,Jaipur,2016,84000,First,17.72,1968.0,108.5,5.0,4.78 Lakh,11.0,4.78,False,False,True,9,0.6207674943566592
726,Ford EcoSport 1.5 Ti VCT AT Titanium,Kochi,2018,37630,First,15.63,1499.0,110.4,5.0,4.78 Lakh,9.1,4.78,False,True,False,7,0.582213691618682
727,Hyundai i20 1.2 Magna,Chennai,2010,67714,First,18.5,1197.0,80.0,5.0,4.78 Lakh,3.25,4.78,False,True,True,15,0.17567567567567569
728,Maruti S Cross DDiS 200 Sigma Option,Pune,2017,32000,First,15.0,1248.0,88.5,5.0,4.78 Lakh,8.5,4.78,False,False,True,8,0.5666666666666667
729,Hyundai Verna Transform VTVT,Pune,2010,51000,First,16.2,1599.0,103.2,5.0,4.78 Lakh,3.1,4.78,False,True,True,15,0.19135802469135804
730,BMW 3 Series 320d Luxury Line,Kochi,2015,58390,First,18.88,1995.0,184.0,5.0,4.78 Lakh,19.86,4.78,False,False,False,10,1.0519067796610169
731,Hyundai Grand i10 1.2 CRDi Magna,Kolkata,2017,14000,First,24.0,1186.0,73.97,5.0,7.46 Lakh,4.9,7.46,False,False,True,8,0.2041666666666667
732,Honda City i-VTEC V,Delhi,2014,55818,Second,17.4,1497.0,117.3,5.0,11.85 Lakh,5.7,11.85,False,True,True,11,0.32758620689655177
733,Maruti Swift 1.3 VXi,Chennai,2006,97800,Third,16.1,1197.0,74.0,5.0,4.78 Lakh,1.75,4.78,False,True,True,19,0.10869565217391304
734,Maruti Swift VDI BSIV,Kolkata,2012,52241,First,25.2,1248.0,74.0,5.0,4.78 Lakh,2.9,4.78,False,False,True,13,0.11507936507936507
735,Maruti Baleno Zeta 1.3,Coimbatore,2018,25433,First,27.39,1248.0,74.0,5.0,4.78 Lakh,7.83,4.78,False,False,True,7,0.2858707557502738
736,Tata Safari Storme 2012-2015 LX,Kochi,2015,40611,First,14.0,2179.0,138.1,7.0,4.78 Lakh,8.15,4.78,False,False,True,10,0.5821428571428572
737,Hyundai Accent GLS,Bangalore,2008,72000,Second,13.2,1495.0,94.0,5.0,4.78 Lakh,2.0,4.78,False,True,True,17,0.15151515151515152
738,Maruti Swift LDI SP Limited Edition,Hyderabad,2016,54631,First,25.2,1248.0,74.0,5.0,4.78 Lakh,6.25,4.78,False,False,True,9,0.24801587301587302
740,Tata Nano XTA,Coimbatore,2016,24941,First,21.9,624.0,37.48,4.0,4.78 Lakh,3.19,4.78,False,True,False,9,0.145662100456621
741,Maruti Ertiga VDI,Ahmedabad,2017,63939,First,25.47,1248.0,88.5,7.0,10.41 Lakh,7.75,10.41,False,False,True,8,0.3042795445622301
742,Maruti Celerio VXI AMT,Delhi,2014,35214,Second,23.1,998.0,67.04,5.0,5.57 Lakh,3.2,5.57,False,True,False,11,0.13852813852813853
743,Maruti Swift VDI BSIV,Delhi,2015,63000,First,25.2,1248.0,74.0,5.0,4.78 Lakh,4.9,4.78,False,False,True,10,0.19444444444444448
744,Volkswagen Vento Petrol Highline,Kochi,2012,121377,First,15.04,1598.0,103.6,5.0,4.78 Lakh,3.8,4.78,False,True,True,13,0.2526595744680851
745,Volkswagen Jetta 2007-2011 1.9 Highline TDI,Chennai,2009,100970,First,15.5,1896.0,105.0,5.0,4.78 Lakh,4.0,4.78,False,False,False,16,0.25806451612903225
746,Mini Cooper 5 DOOR D,Hyderabad,2014,60000,Second,20.7,1496.0,113.98,5.0,42.48 Lakh,23.5,42.48,False,False,False,11,1.1352657004830917
747,Tata Indica V2 DLS,Chennai,2008,77650,First,17.2,1396.0,53.5,5.0,4.78 Lakh,1.15,4.78,False,False,True,17,0.06686046511627906
749,Land Rover Range Rover 3.0 D,Mumbai,2008,55001,Second,0.0,1197.0,74.0,5.0,4.78 Lakh,26.5,4.78,False,False,False,17,
750,Honda City i-VTEC CVT VX,Bangalore,2015,18955,First,18.0,1497.0,117.3,5.0,16.04 Lakh,10.65,16.04,False,True,False,10,0.5916666666666667
751,Jaguar XF 2.2 Litre Luxury,Coimbatore,2016,47877,First,16.36,2179.0,187.7,5.0,4.78 Lakh,35.68,4.78,False,False,False,9,2.1809290953545233
752,Mercedes-Benz E-Class 2015-2017 E250 Edition E,Kochi,2017,43368,First,15.0,2143.0,204.0,5.0,4.78 Lakh,31.94,4.78,False,False,False,8,2.1293333333333333
753,Chevrolet Cruze LTZ,Chennai,2011,73000,Third,18.3,1991.0,147.9,5.0,4.78 Lakh,4.2,4.78,False,False,True,14,0.22950819672131148
754,Mahindra XUV500 W8 2WD,Ahmedabad,2015,72007,First,15.1,2179.0,140.0,7.0,4.78 Lakh,9.9,4.78,False,False,True,10,0.6556291390728477
755,Mercedes-Benz New C-Class C 200 CGI Avantgarde,Kochi,2014,56778,First,11.74,1796.0,186.0,5.0,4.78 Lakh,15.46,4.78,False,True,False,11,1.3168654173764907
756,Honda Jazz VX,Kochi,2018,20024,First,18.2,1199.0,88.7,5.0,9.1 Lakh,8.46,9.1,False,True,True,7,0.4648351648351649
757,Toyota Etios G,Kolkata,2013,42103,First,16.78,1496.0,88.73,5.0,4.78 Lakh,3.25,4.78,False,True,True,12,0.1936829558998808
758,Maruti Alto LXi BSIII,Hyderabad,2012,67147,First,19.7,796.0,46.3,5.0,4.78 Lakh,2.6,4.78,False,True,True,13,0.1319796954314721
759,Maruti Swift VXI BSIV,Coimbatore,2016,37806,First,20.4,1197.0,81.8,5.0,4.78 Lakh,5.2,4.78,False,True,True,9,0.25490196078431376
760,Maruti A-Star Vxi,Pune,2009,85000,Third,19.0,998.0,66.1,5.0,4.78 Lakh,1.8,4.78,False,True,True,16,0.09473684210526316
761,Tata Nano Lx BSIV,Chennai,2011,35000,First,25.4,624.0,37.48,4.0,4.78 Lakh,1.6,4.78,False,True,True,14,0.06299212598425198
762,Ford Figo Titanium Diesel,Kolkata,2015,72035,First,25.5,1498.0,99.0,5.0,7.65 Lakh,2.5,7.65,False,False,True,10,0.09803921568627451
763,Fiat Linea Emotion,Jaipur,2011,48500,First,16.0,1368.0,90.0,5.0,4.78 Lakh,2.5,4.78,False,True,True,14,0.15625
764,Ford Figo Aspire 1.2 Ti-VCT Trend,Coimbatore,2017,28854,First,18.16,1196.0,86.8,5.0,4.78 Lakh,6.7,4.78,False,True,True,8,0.368942731277533
765,Maruti Baleno LXI,Hyderabad,2005,92450,First,15.4,1590.0,94.0,5.0,4.78 Lakh,1.2,4.78,False,True,True,20,0.07792207792207792
766,BMW 3 Series 320d Luxury Line,Coimbatore,2016,14351,First,18.88,1995.0,184.0,5.0,4.78 Lakh,35.55,4.78,False,False,False,9,1.8829449152542372
767,Chevrolet Cruze LTZ,Jaipur,2017,51087,First,17.9,1998.0,163.7,5.0,4.78 Lakh,7.75,4.78,False,False,True,8,0.4329608938547486
768,Mahindra Scorpio 2.6 DX,Chennai,2005,50000,First,12.7,2609.0,116.6,8.0,4.78 Lakh,1.94,4.78,False,False,True,20,0.15275590551181104
769,Tata Indica V2 eLS,Hyderabad,2016,73000,First,25.0,1396.0,69.0,5.0,4.78 Lakh,2.2,4.78,False,False,True,9,0.08800000000000001
770,Chevrolet Cruze LTZ AT,Ahmedabad,2011,60000,First,18.1,1991.0,147.9,4.0,4.78 Lakh,3.8,4.78,False,False,False,14,0.20994475138121543
771,Toyota Innova 2.5 V Diesel 8-seater,Chennai,2016,50000,First,12.8,2494.0,102.0,8.0,4.78 Lakh,15.65,4.78,False,False,True,9,1.22265625
772,Mercedes-Benz New C-Class C 220d Avantgarde Edition C,Coimbatore,2018,36797,First,19.27,2143.0,167.62,5.0,4.78 Lakh,39.47,4.78,False,False,False,7,2.048261546445252
773,Maruti Ritz VXi,Kolkata,2011,50000,Second,18.5,1197.0,85.8,5.0,4.78 Lakh,1.5,4.78,False,True,True,14,0.08108108108108109
774,Toyota Innova 2.5 GX (Diesel) 8 Seater BS IV,Ahmedabad,2013,94000,First,12.8,2494.0,102.0,8.0,4.78 Lakh,8.85,4.78,False,False,True,12,0.6914062499999999
775,Toyota Fortuner 4x4 MT,Bangalore,2013,74000,Second,12.55,2982.0,168.5,7.0,4.78 Lakh,17.9,4.78,False,False,True,12,1.4262948207171313
776,Hyundai i10 Sportz AT,Coimbatore,2014,41016,Second,16.95,1197.0,78.9,5.0,4.78 Lakh,5.08,4.78,False,True,False,11,0.29970501474926253
777,Hyundai Verna 1.6 SX,Bangalore,2012,67000,First,22.32,1582.0,126.32,5.0,4.78 Lakh,6.25,4.78,False,False,True,13,0.2800179211469534
778,Audi Q3 2012-2015 35 TDI Quattro Premium Plus,Bangalore,2015,76927,First,15.73,1968.0,174.33,5.0,4.78 Lakh,22.75,4.78,False,False,False,10,1.4462809917355373
779,Chevrolet Beat LS,Kolkata,2010,17088,First,18.6,1199.0,79.4,5.0,4.78 Lakh,1.46,4.78,False,True,True,15,0.07849462365591398
780,Ford Fiesta 1.4 Duratorq ZXI,Pune,2007,112808,Second,17.8,1399.0,68.0,5.0,4.78 Lakh,2.05,4.78,False,False,True,18,0.11516853932584269
781,Ford Figo Diesel EXI,Coimbatore,2014,74980,First,20.0,1399.0,68.0,5.0,4.78 Lakh,4.08,4.78,False,False,True,11,0.20400000000000001
782,Maruti Celerio VXI AT,Hyderabad,2014,44600,First,23.1,998.0,67.04,5.0,4.78 Lakh,4.55,4.78,False,True,False,11,0.19696969696969696
783,Mercedes-Benz A Class A180 CDI,Mumbai,2013,37000,First,20.0,2143.0,107.3,5.0,4.78 Lakh,14.0,4.78,False,False,False,12,0.7
784,Hyundai Creta 1.6 SX,Ahmedabad,2016,21000,First,15.8,1591.0,121.3,5.0,13.74 Lakh,10.9,13.74,False,True,True,9,0.689873417721519
785,Maruti Wagon R VXI BS IV,Bangalore,2010,81245,First,18.9,998.0,67.1,5.0,4.78 Lakh,2.45,4.78,False,True,True,15,0.12962962962962965
786,Mercedes-Benz E-Class 2009-2013 E 220 CDI Avantgarde,Delhi,2013,70000,First,10.0,2148.0,170.0,5.0,4.78 Lakh,15.8,4.78,False,False,False,12,1.58
787,Ford EcoSport 1.5 Ti VCT MT Titanium BE,Mumbai,2017,4018,First,18.88,1499.0,110.4,5.0,4.78 Lakh,8.25,4.78,False,True,True,8,0.4369703389830509
788,Renault Koleos 2.0 Diesel,Delhi,2013,70000,Second,13.73,1995.0,148.0,5.0,4.78 Lakh,8.5,4.78,False,False,False,12,0.6190823015294974
789,Mahindra XUV500 W10 2WD,Coimbatore,2016,56532,First,16.0,2179.0,140.0,7.0,4.78 Lakh,15.54,4.78,False,False,True,9,0.97125
790,Maruti Omni E 8 Str STD,Hyderabad,2013,26875,First,16.8,796.0,34.2,8.0,4.78 Lakh,2.35,4.78,False,True,True,12,0.13988095238095238
791,Maruti Wagon R VXI,Coimbatore,2015,72599,First,22.5,998.0,67.04,5.0,5.72 Lakh,4.32,5.72,False,True,True,10,0.192
792,Ford Endeavour XLT TDCi 4X2,Jaipur,2008,205000,Second,13.1,2499.0,141.0,7.0,4.78 Lakh,3.9,4.78,False,False,True,17,0.29770992366412213
793,Hyundai Verna 1.6 SX,Hyderabad,2011,98000,Second,22.32,1582.0,126.32,5.0,4.78 Lakh,5.2,4.78,False,False,True,14,0.23297491039426524
794,Hyundai i20 Magna 1.2,Mumbai,2018,19500,First,18.6,1197.0,81.83,5.0,4.78 Lakh,5.85,4.78,False,True,True,7,0.314516129032258
795,Maruti Ertiga ZXI,Bangalore,2013,68000,Second,16.02,1373.0,93.7,7.0,4.78 Lakh,6.25,4.78,False,True,True,12,0.39013732833957554
796,Mahindra XUV500 W9 AT,Coimbatore,2019,19654,First,14.0,2179.0,155.0,7.0,21.33 Lakh,17.63,21.33,False,False,False,6,1.2592857142857141
797,Maruti SX4 S Cross DDiS 200 Zeta,Mumbai,2017,26000,First,23.65,1248.0,88.5,5.0,4.78 Lakh,9.75,4.78,False,False,True,8,0.41226215644820297
798,Mercedes-Benz SLK-Class SLK 350,Bangalore,2015,10000,First,18.1,3498.0,306.0,2.0,4.78 Lakh,55.0,4.78,False,True,False,10,3.038674033149171
799,Volkswagen Polo Diesel Comfortline 1.2L,Hyderabad,2011,75020,First,22.07,1199.0,73.9,5.0,4.78 Lakh,4.1,4.78,False,False,True,14,0.18577254191209785
800,Toyota Fortuner 4x4 MT,Hyderabad,2011,157000,First,12.55,2982.0,168.5,7.0,4.78 Lakh,11.99,4.78,False,False,True,14,0.9553784860557769
801,Mahindra XUV500 W10 2WD,Kochi,2017,43773,First,16.0,2179.0,140.0,7.0,4.78 Lakh,13.54,4.78,False,False,True,8,0.84625
802,Mercedes-Benz GLE 250d,Mumbai,2016,21000,First,17.9,2143.0,201.15,5.0,78.76 Lakh,56.0,78.76,False,False,False,9,3.128491620111732
803,Honda Jazz 1.2 VX i VTEC,Chennai,2016,23280,First,18.7,1199.0,88.7,5.0,4.78 Lakh,6.5,4.78,False,True,True,9,0.34759358288770054
804,Maruti Swift Dzire VDI,Pune,2013,88000,First,23.4,1248.0,74.0,5.0,4.78 Lakh,4.75,4.78,False,False,True,12,0.202991452991453
805,Hyundai Verna 1.6 SX VTVT,Hyderabad,2014,67000,First,17.01,1591.0,121.3,5.0,4.78 Lakh,5.6,4.78,False,True,True,11,0.3292181069958847
806,Ford Endeavour 3.2 Titanium AT 4X4,Coimbatore,2017,59636,First,10.91,3198.0,197.0,7.0,4.78 Lakh,29.2,4.78,False,False,False,8,2.676443629697525
807,Hyundai i20 1.2 Asta Option,Kolkata,2018,11000,First,18.6,1197.0,81.83,5.0,4.78 Lakh,6.35,4.78,False,True,True,7,0.34139784946236557
808,Honda City 1.5 V MT Sunroof,Mumbai,2013,60669,First,16.8,1497.0,116.3,5.0,4.78 Lakh,4.95,4.78,False,True,True,12,0.29464285714285715
809,Honda Amaze VX Diesel,Hyderabad,2018,12000,First,27.4,1498.0,98.6,5.0,10.34 Lakh,8.5,10.34,False,False,True,7,0.3102189781021898
810,Hyundai Verna 1.6 SX VTVT (O),Kolkata,2013,35000,First,17.1,1591.0,121.3,5.0,4.78 Lakh,4.5,4.78,False,True,True,12,0.2631578947368421
811,Honda Mobilio S i DTEC,Chennai,2015,65000,First,24.2,1498.0,98.6,7.0,4.78 Lakh,5.5,4.78,False,False,True,10,0.2272727272727273
812,Maruti Ertiga ZDI,Kochi,2013,39929,First,20.77,1248.0,88.8,7.0,4.78 Lakh,6.56,4.78,False,False,True,12,0.31584015406836785
813,Maruti Alto K10 LXI,Pune,2014,49000,First,24.07,998.0,67.1,5.0,4.29 Lakh,2.3,4.29,False,True,True,11,0.09555463232239302
814,Toyota Qualis FS B2,Pune,2004,77757,Second,13.1,2446.0,75.0,10.0,4.78 Lakh,3.5,4.78,False,False,True,21,0.26717557251908397
815,Hyundai i10 Sportz,Kochi,2016,21456,First,20.36,1197.0,78.9,5.0,4.78 Lakh,4.55,4.78,False,True,True,9,0.22347740667976423
816,Skoda Laura 1.9 TDI AT Ambiente,Bangalore,2009,74000,Second,17.0,1896.0,105.0,5.0,4.78 Lakh,7.75,4.78,False,False,False,16,0.45588235294117646
817,Hyundai i20 Asta Option 1.2,Mumbai,2015,37000,Second,18.6,1197.0,81.83,5.0,4.78 Lakh,5.25,4.78,False,True,True,10,0.282258064516129
818,BMW 5 Series 2003-2012 530d Highline,Coimbatore,2013,108640,First,11.5,2993.0,235.0,5.0,4.78 Lakh,23.29,4.78,False,False,False,12,2.0252173913043476
819,BMW 3 Series 320d M Sport,Mumbai,2016,38000,First,22.69,1995.0,190.0,5.0,4.78 Lakh,23.99,4.78,False,False,False,9,1.0572939620978403
820,Chevrolet Aveo 1.4 LT ABS BSIV,Pune,2010,80000,First,14.49,1399.0,92.7,5.0,4.78 Lakh,1.79,4.78,False,True,True,15,0.12353347135955832
821,Mercedes-Benz E-Class 2009-2013 E250 CDI Elegance,Mumbai,2011,47000,Second,14.21,2143.0,203.0,5.0,4.78 Lakh,13.9,4.78,False,False,False,14,0.9781843771991555
822,Audi A6 2011-2015 2.0 TDI Premium Plus,Kolkata,2013,31000,First,17.68,1968.0,174.33,5.0,4.78 Lakh,18.95,4.78,False,False,False,12,1.0718325791855203
823,Maruti Wagon R LXI BS IV,Kolkata,2014,40000,First,20.51,998.0,67.04,5.0,4.78 Lakh,2.49,4.78,False,True,True,11,0.12140419307654803
824,Renault KWID RXT,Jaipur,2016,4152,First,25.17,799.0,53.3,5.0,4.78 Lakh,3.15,4.78,False,True,True,9,0.12514898688915374
825,Volkswagen Ameo 1.5 TDI Highline,Mumbai,2017,51000,First,21.66,1498.0,108.62,5.0,10.04 Lakh,6.45,10.04,False,False,True,8,0.29778393351800553
826,Volkswagen Polo Diesel Comfortline 1.2L,Ahmedabad,2013,55000,First,22.07,1199.0,73.9,5.0,4.78 Lakh,4.25,4.78,False,False,True,12,0.19256909832351607
827,Maruti Alto 800 LXI,Hyderabad,2014,58500,First,22.74,796.0,47.3,5.0,4.78 Lakh,2.75,4.78,False,True,True,11,0.12093227792436237
828,Hyundai i20 Asta Option 1.2,Kochi,2017,58620,First,18.6,1197.0,81.83,5.0,4.78 Lakh,7.14,4.78,False,True,True,8,0.38387096774193546
830,Hyundai i20 1.2 Sportz,Jaipur,2012,71172,Third,17.0,1197.0,80.0,5.0,4.78 Lakh,3.5,4.78,False,True,True,13,0.20588235294117646
831,Hyundai i20 1.4 Asta,Chennai,2017,12000,First,22.54,1396.0,88.73,5.0,4.78 Lakh,7.3,4.78,False,False,True,8,0.323868677905945
832,Maruti Wagon R LXI Optional,Kolkata,2014,25000,First,20.51,998.0,67.04,5.0,4.78 Lakh,2.75,4.78,False,True,True,11,0.1340809361287177
833,Hyundai i20 1.4 Asta Option,Bangalore,2017,43000,Second,22.54,1396.0,88.73,5.0,4.78 Lakh,8.2,4.78,False,False,True,8,0.36379769299023956
834,Volkswagen Polo GT TSI,Mumbai,2015,57022,First,17.21,1197.0,103.6,5.0,4.78 Lakh,6.51,4.78,False,True,False,10,0.378268448576409
835,Ford Figo Diesel Titanium,Pune,2015,92000,First,20.0,1399.0,68.05,5.0,4.78 Lakh,4.25,4.78,False,False,True,10,0.2125
836,Maruti Swift ZXI,Coimbatore,2014,33372,Second,18.6,1197.0,85.8,5.0,4.78 Lakh,6.21,4.78,False,True,True,11,0.3338709677419355
837,Hyundai Grand i10 CRDi Magna,Kochi,2016,52625,First,24.0,1120.0,70.0,5.0,4.78 Lakh,4.58,4.78,False,False,True,9,0.19083333333333333
838,Mahindra Xylo H4,Chennai,2016,215000,First,14.02,2179.0,118.3,7.0,11.67 Lakh,7.5,11.67,False,False,True,9,0.5349500713266762
840,Hyundai i10 Magna 1.1,Coimbatore,2014,60138,First,19.81,1086.0,68.05,5.0,4.78 Lakh,4.09,4.78,False,True,True,11,0.20646138313982837
841,Skoda Octavia Elegance 2.0 TDI AT,Mumbai,2014,84000,First,19.3,1968.0,141.0,5.0,4.78 Lakh,10.75,4.78,False,False,False,11,0.5569948186528497
842,BMW X5 2014-2019 xDrive 30d Design Pure Experience 7 Seater,Mumbai,2014,47000,First,15.97,2993.0,258.0,7.0,4.78 Lakh,41.5,4.78,False,False,False,11,2.598622417031935
843,Maruti Celerio VXI AT,Hyderabad,2014,33450,First,23.1,998.0,67.04,5.0,4.78 Lakh,4.4,4.78,False,True,False,11,0.1904761904761905
844,Volkswagen Vento Diesel Comfortline,Jaipur,2013,125000,Second,20.54,1598.0,103.6,5.0,4.78 Lakh,6.25,4.78,False,False,True,12,0.30428432327166505
845,BMW 3 Series 320d Highline,Pune,2011,99606,Second,16.07,1995.0,181.0,5.0,4.78 Lakh,10.5,4.78,False,False,False,14,0.6533914125700062
846,Maruti Ertiga ZDI,Mumbai,2014,64000,First,20.77,1248.0,88.8,7.0,4.78 Lakh,7.25,4.78,False,False,True,11,0.3490611458834858
847,Ford Figo Diesel ZXI,Hyderabad,2013,51000,First,20.0,1399.0,68.05,5.0,4.78 Lakh,3.2,4.78,False,False,True,12,0.16
848,Volkswagen Polo 1.2 MPI Highline,Mumbai,2014,57000,First,16.47,1198.0,74.0,5.0,4.78 Lakh,3.95,4.78,False,True,True,11,0.2398299939283546
849,Audi A6 3.0 TDI quattro,Coimbatore,2009,48040,Second,16.77,2967.0,241.38,5.0,4.78 Lakh,12.07,4.78,False,False,False,16,0.7197376267143709
850,Toyota Innova Crysta 2.4 ZX MT,Pune,2017,43200,First,13.68,2393.0,147.8,7.0,25.52 Lakh,18.6,25.52,False,False,True,8,1.3596491228070178
851,Hyundai Verna 1.6 CRDi EX AT,Delhi,2013,66000,First,22.32,1582.0,126.3,5.0,4.78 Lakh,5.7,4.78,False,False,False,12,0.2553763440860215
852,Hyundai Santro Xing GL Plus,Kolkata,2013,31000,First,17.92,1086.0,62.1,5.0,4.78 Lakh,1.75,4.78,False,True,True,12,0.09765624999999999
853,Audi A4 2.0 TDI,Delhi,2011,46000,Second,16.55,1968.0,147.51,5.0,4.78 Lakh,10.99,4.78,False,False,False,14,0.66404833836858
854,Audi A4 2.0 TDI,Kolkata,2012,47346,First,16.55,1968.0,147.51,5.0,4.78 Lakh,14.5,4.78,False,False,False,13,0.8761329305135951
855,Skoda Laura 1.9 TDI MT Ambiente,Jaipur,2009,100000,First,17.0,1896.0,105.0,5.0,4.78 Lakh,3.11,4.78,False,False,True,16,0.18294117647058822
856,Honda CR-V 2.0L 2WD AT,Coimbatore,2015,63856,First,13.7,1997.0,153.86,5.0,4.78 Lakh,13.96,4.78,False,True,False,10,1.0189781021897812
857,Hyundai Verna 1.6 SX CRDi (O),Coimbatore,2015,72996,First,22.32,1582.0,126.32,5.0,4.78 Lakh,7.11,4.78,False,False,True,10,0.3185483870967742
858,Honda Mobilio RS i DTEC,Chennai,2014,23000,First,24.5,1498.0,98.6,7.0,4.78 Lakh,6.9,4.78,False,False,True,11,0.2816326530612245
859,Hyundai i20 1.2 Asta Option,Coimbatore,2018,15985,First,18.6,1197.0,81.83,5.0,4.78 Lakh,7.77,4.78,False,True,True,7,0.4177419354838709
860,Toyota Innova 2.5 G (Diesel) 7 Seater BS IV,Kolkata,2011,98000,Second,12.8,2494.0,102.0,8.0,4.78 Lakh,5.5,4.78,False,False,True,14,0.4296875
861,Hyundai i20 Magna 1.2,Hyderabad,2014,70089,First,18.6,1197.0,81.83,5.0,4.78 Lakh,5.35,4.78,False,True,True,11,0.2876344086021505
862,Mahindra Bolero VLX BS IV,Chennai,2011,99000,Second,13.6,2523.0,63.0,7.0,4.78 Lakh,4.5,4.78,False,False,True,14,0.33088235294117646
863,Volkswagen Vento 1.5 TDI Comfortline,Jaipur,2014,72000,First,20.34,1498.0,103.2,5.0,4.78 Lakh,4.75,4.78,False,False,True,11,0.2335299901671583
864,Jaguar XF 2.2 Litre Luxury,Coimbatore,2015,44194,First,16.36,2179.0,187.7,5.0,4.78 Lakh,32.8,4.78,False,False,False,10,2.004889975550122
865,Maruti Zen LXi - BS III,Mumbai,2005,102000,First,17.3,993.0,60.0,5.0,4.78 Lakh,0.7,4.78,False,True,True,20,0.040462427745664734
866,Mercedes-Benz E-Class Facelift,Coimbatore,2018,56652,First,13.0,2987.0,258.0,5.0,4.78 Lakh,50.29,4.78,False,False,False,7,3.8684615384615384
867,Toyota Fortuner 3.0 Diesel,Mumbai,2010,41650,Second,11.5,2982.0,171.0,7.0,4.78 Lakh,10.99,4.78,False,False,True,15,0.9556521739130435
868,Hyundai Grand i10 AT Asta,Coimbatore,2015,61717,First,18.9,1197.0,82.0,5.0,4.78 Lakh,5.57,4.78,False,True,False,10,0.29470899470899475
869,Hyundai Xcent 1.2 CRDi S,Jaipur,2018,25302,First,25.4,1186.0,73.97,5.0,8.56 Lakh,5.9,8.56,False,False,True,7,0.23228346456692917
870,Hyundai Creta 1.6 VTVT S,Coimbatore,2016,47016,First,15.29,1591.0,121.3,5.0,4.78 Lakh,9.43,4.78,False,True,True,9,0.6167429692609548
871,Hyundai i10 Sportz,Bangalore,2010,69000,First,20.36,1197.0,78.9,5.0,4.78 Lakh,2.9,4.78,False,True,True,15,0.14243614931237722
872,Honda Brio S MT,Delhi,2016,32700,First,19.4,1198.0,86.8,5.0,4.78 Lakh,3.68,4.78,False,True,True,9,0.18969072164948456
873,Toyota Fortuner 4x2 AT,Coimbatore,2015,101337,First,12.55,2982.0,168.5,7.0,4.78 Lakh,21.67,4.78,False,False,False,10,1.7266932270916335
874,Audi A4 2.0 TDI Multitronic,Ahmedabad,2011,59000,First,16.55,1968.0,140.0,5.0,4.78 Lakh,12.5,4.78,False,False,False,14,0.755287009063444
875,Toyota Innova Crysta 2.8 ZX AT,Kochi,2018,41736,First,11.36,2755.0,171.5,7.0,27 Lakh,19.92,27.0,False,False,False,7,1.7535211267605637
876,Honda City i DTEC VX,Jaipur,2014,71649,First,25.1,1498.0,98.6,5.0,4.78 Lakh,6.75,4.78,False,False,True,11,0.2689243027888446
877,Honda City i DTEC VX,Kochi,2015,80606,First,25.1,1498.0,98.6,5.0,4.78 Lakh,6.96,4.78,False,False,True,10,0.27729083665338644
878,Renault KWID 1.0 RXT Optional,Jaipur,2017,63262,First,21.7,999.0,67.0,5.0,4.78 Lakh,3.25,4.78,False,True,True,8,0.14976958525345624
879,Maruti Swift DDiS ZDI Plus,Hyderabad,2018,5456,First,28.4,1248.0,74.0,5.0,4.78 Lakh,8.65,4.78,False,False,True,7,0.30457746478873243
880,Maruti Celerio VXI Optional AMT,Pune,2017,7500,First,23.1,998.0,67.04,5.0,6.14 Lakh,5.0,6.14,False,True,False,8,0.21645021645021645
881,Mahindra XUV500 W8 2WD,Delhi,2011,66000,First,15.1,2179.0,140.0,7.0,4.78 Lakh,5.5,4.78,False,False,True,14,0.3642384105960265
882,Hyundai i10 Magna,Jaipur,2010,66770,Second,20.36,1197.0,78.9,5.0,4.78 Lakh,2.6,4.78,False,True,True,15,0.12770137524557956
883,Hyundai i10 Magna 1.1,Kochi,2014,58472,First,19.81,1086.0,68.05,5.0,4.78 Lakh,3.41,4.78,False,True,True,11,0.17213528520949017
884,Maruti Dzire VXI,Kolkata,2011,46687,First,22.0,1197.0,81.8,5.0,7.3 Lakh,2.7,7.3,False,True,True,14,0.12272727272727274
885,Maruti Grand Vitara AT,Chennai,2008,77000,Fourth & Above,9.7,1995.0,163.5,5.0,4.78 Lakh,5.5,4.78,False,True,False,17,0.5670103092783506
886,Audi TT 40 TFSI,Kolkata,2012,7000,First,14.33,1984.0,226.6,4.0,4.78 Lakh,35.0,4.78,False,True,False,13,2.4424284717376135
887,Mercedes-Benz New C-Class C 200 CGI,Mumbai,2011,48000,Second,14.74,1991.0,184.0,5.0,4.78 Lakh,9.75,4.78,False,True,False,14,0.6614654002713705
888,Nissan Sunny 2011-2014 Diesel XV,Mumbai,2013,47000,First,21.64,1461.0,84.8,5.0,4.78 Lakh,4.25,4.78,False,False,True,12,0.1963955637707948
889,Maruti Wagon R LXI,Ahmedabad,2015,51530,First,18.9,998.0,67.1,5.0,4.78 Lakh,3.2,4.78,False,True,True,10,0.16931216931216933
890,Maruti Swift Dzire ZDI,Bangalore,2014,25789,Second,23.4,1248.0,74.0,5.0,4.78 Lakh,6.85,4.78,False,False,True,11,0.29273504273504275
891,Honda Amaze S i-Dtech,Delhi,2015,48000,First,25.8,1498.0,98.6,5.0,4.78 Lakh,4.5,4.78,False,False,True,10,0.1744186046511628
892,Maruti Swift ZDI,Delhi,2012,52000,First,28.4,1248.0,74.0,5.0,4.78 Lakh,3.55,4.78,False,False,True,13,0.125
894,Mahindra Scorpio LX 2.6 Turbo,Hyderabad,2008,131000,First,10.5,2609.0,120.0,7.0,4.78 Lakh,3.6,4.78,False,False,True,17,0.34285714285714286
895,Mercedes-Benz E-Class E250 CDI Avantgrade,Kochi,2015,42076,First,13.0,2143.0,201.1,5.0,4.78 Lakh,21.8,4.78,False,False,False,10,1.676923076923077
896,Toyota Fortuner 4x2 Manual,Mumbai,2012,76000,Second,13.0,2982.0,168.5,7.0,4.78 Lakh,13.5,4.78,False,False,True,13,1.0384615384615385
897,Datsun redi-GO T Option,Bangalore,2016,20487,First,22.7,799.0,53.64,5.0,4.37 Lakh,2.66,4.37,False,True,True,9,0.11718061674008812
898,Honda City V MT,Delhi,2010,43000,Second,16.8,1497.0,116.3,5.0,4.78 Lakh,3.75,4.78,False,True,True,15,0.2232142857142857
899,Toyota Camry Hybrid,Pune,2018,17000,First,19.16,2494.0,158.2,5.0,4.78 Lakh,32.0,4.78,False,True,False,7,1.6701461377870563
900,Honda City i DTec V,Coimbatore,2016,60805,First,26.0,1498.0,98.6,5.0,4.78 Lakh,8.07,4.78,False,False,True,9,0.31038461538461537
901,Volkswagen Jetta 2012-2014 2.0L TDI Trendline,Kochi,2012,58775,First,19.33,1968.0,138.1,5.0,4.78 Lakh,5.64,4.78,False,False,True,13,0.2917744438696327
902,Audi A6 2011-2015 2.0 TDI,Hyderabad,2013,70181,First,17.68,1968.0,174.33,5.0,4.78 Lakh,23.99,4.78,False,False,False,12,1.3569004524886876
903,Maruti Ertiga VDI,Coimbatore,2016,85827,First,20.77,1248.0,88.76,7.0,4.78 Lakh,7.5,4.78,False,False,True,9,0.36109773712084736
904,Mercedes-Benz New C-Class C 220 CDI Style,Jaipur,2016,58205,First,19.27,2143.0,167.62,5.0,4.78 Lakh,27.0,4.78,False,False,False,9,1.401141670991178
905,Maruti Swift Dzire Vdi BSIV,Mumbai,2008,91000,Second,19.3,1248.0,73.9,5.0,4.78 Lakh,2.85,4.78,False,False,True,17,0.14766839378238342
906,Renault Duster 110PS Diesel RxZ Pack,Pune,2012,74000,First,19.01,1461.0,108.45,5.0,4.78 Lakh,6.35,4.78,False,False,True,13,0.33403471856917405
907,Maruti Ritz VDi,Hyderabad,2010,79324,First,21.1,1248.0,73.9,5.0,4.78 Lakh,3.3,4.78,False,False,True,15,0.15639810426540282
908,Maruti Swift Dzire VXI,Bangalore,2013,38623,First,19.1,1197.0,85.8,5.0,4.78 Lakh,5.0,4.78,False,True,True,12,0.2617801047120419
909,Maruti Swift ZDi,Coimbatore,2014,59923,First,22.9,1248.0,74.0,5.0,4.78 Lakh,6.46,4.78,False,False,True,11,0.28209606986899566
910,Hyundai EON Sportz,Jaipur,2017,23360,First,21.1,814.0,55.2,5.0,4.78 Lakh,3.75,4.78,False,True,True,8,0.1777251184834123
911,Maruti Zen VXI BSII,Kochi,2003,61495,Third,17.3,993.0,60.0,5.0,4.78 Lakh,1.52,4.78,False,True,True,22,0.08786127167630058
912,Maruti Eeco 7 Seater Standard,Coimbatore,2012,56661,First,15.1,1196.0,73.0,7.0,4.98 Lakh,3.61,4.98,False,True,True,13,0.2390728476821192
913,Audi Q5 30 TDI quattro Premium,Coimbatore,2017,40318,First,14.16,1968.0,174.3,5.0,4.78 Lakh,43.74,4.78,False,False,False,8,3.0889830508474576
914,Audi Q3 2.0 TDI,Chennai,2014,60000,First,15.73,1968.0,174.33,5.0,4.78 Lakh,20.0,4.78,False,False,False,11,1.2714558169103622
916,Maruti Swift Dzire VDi,Hyderabad,2010,130000,First,19.3,1248.0,73.9,5.0,4.78 Lakh,3.65,4.78,False,False,True,15,0.18911917098445594
917,Tata Sumo DX,Mumbai,2013,20000,First,14.07,1978.0,83.1,10.0,4.78 Lakh,5.25,4.78,False,False,True,12,0.3731343283582089
918,BMW X5 2014-2019 xDrive 30d Design Pure Experience 7 Seater,Hyderabad,2016,76000,First,15.97,2993.0,258.0,7.0,4.78 Lakh,58.0,4.78,False,False,False,9,3.6318096430807763
919,Honda City i-VTEC CVT VX,Mumbai,2015,30000,First,18.0,1497.0,117.3,5.0,15.29 Lakh,8.65,15.29,False,True,False,10,0.48055555555555557
920,Tata Indigo eCS eLX BS IV,Delhi,2015,150000,First,25.0,1396.0,69.01,5.0,4.78 Lakh,2.5,4.78,False,False,True,10,0.1
921,Volkswagen Vento TSI,Chennai,2014,28000,First,16.93,1197.0,103.6,5.0,4.78 Lakh,7.75,4.78,False,True,False,11,0.45776727702303605
922,Maruti Celerio VXI,Bangalore,2015,74000,First,23.1,998.0,67.04,5.0,4.78 Lakh,4.15,4.78,False,True,True,10,0.17965367965367965
923,Toyota Fortuner 3.0 Diesel,Delhi,2011,75000,First,11.5,2982.0,171.0,7.0,4.78 Lakh,10.85,4.78,False,False,True,14,0.9434782608695652
924,Mitsubishi Outlander 2.4,Delhi,2010,76000,Second,11.3,2360.0,170.0,5.0,4.78 Lakh,5.53,4.78,False,True,False,15,0.4893805309734513
925,Volkswagen Jetta 2007-2011 1.9 Highline TDI,Pune,2014,64889,First,15.5,1896.0,105.0,5.0,4.78 Lakh,11.5,4.78,False,False,False,11,0.7419354838709677
927,Hyundai Creta 1.6 CRDi SX,Kolkata,2015,43000,First,19.67,1582.0,126.2,5.0,4.78 Lakh,9.25,4.78,False,False,True,10,0.4702592780884595
928,Skoda Fabia 1.2 MPI Ambiente Petrol,Pune,2011,47490,First,17.5,1198.0,75.0,5.0,4.78 Lakh,2.29,4.78,False,True,True,14,0.13085714285714287
929,Ford EcoSport 1.5 TDCi Titanium,Chennai,2015,80000,First,22.77,1498.0,98.59,5.0,4.78 Lakh,7.0,4.78,False,False,True,10,0.30742204655248134
930,Maruti Zen Estilo 1.1 LXI BSIII,Bangalore,2007,60000,Second,18.2,1061.0,64.0,5.0,4.78 Lakh,1.65,4.78,False,True,True,18,0.09065934065934066
931,Maruti Ciaz 1.4 Delta,Ahmedabad,2017,6006,First,20.73,1373.0,91.1,5.0,4.78 Lakh,8.25,4.78,False,True,True,8,0.3979739507959479
932,Mercedes-Benz New C-Class C 200 Avantgarde Edition C,Kochi,2011,71703,First,14.74,1991.0,181.03,5.0,4.78 Lakh,9.14,4.78,False,True,False,14,0.6200814111261873
933,Honda Amaze SX i-VTEC,Hyderabad,2016,33000,First,17.8,1198.0,86.7,5.0,4.78 Lakh,6.5,4.78,False,True,True,9,0.3651685393258427
935,Renault Duster 85PS Diesel RxL,Jaipur,2015,91000,First,19.87,1461.0,83.8,5.0,4.78 Lakh,5.75,4.78,False,False,True,10,0.2893809763462506
937,Volkswagen Polo Petrol Highline 1.2L,Kolkata,2011,43000,Second,16.47,1198.0,73.9,5.0,4.78 Lakh,2.1,4.78,False,True,True,14,0.12750455373406194
938,Hyundai Creta 1.6 SX Plus Diesel,Coimbatore,2017,63770,First,19.67,1582.0,126.2,5.0,4.78 Lakh,13.55,4.78,False,False,True,8,0.6888662938485002
939,Jaguar XF Diesel,Kolkata,2012,43510,First,14.74,2993.0,270.9,5.0,4.78 Lakh,20.5,4.78,False,False,False,13,1.3907734056987788
940,Jeep Compass 2.0 Limited 4X4,Mumbai,2017,52000,First,16.3,1956.0,170.0,5.0,24.26 Lakh,20.0,24.26,False,False,True,8,1.2269938650306749
941,Land Rover Range Rover Evoque 2.0 TD4 HSE Dynamic,Kochi,2018,31427,First,15.68,1999.0,177.0,5.0,75.12 Lakh,59.72,75.12,False,False,False,7,3.808673469387755
942,Maruti Baleno Alpha Diesel,Kolkata,2016,29000,First,27.39,1248.0,74.0,5.0,9.53 Lakh,6.5,9.53,False,False,True,9,0.23731288791529756
943,Maruti Ciaz ZDi SHVS,Ahmedabad,2016,56000,First,28.09,1248.0,88.5,5.0,4.78 Lakh,7.5,4.78,False,False,True,9,0.266998932004272
944,Maruti SX4 Vxi BSIII,Jaipur,2007,76000,Second,15.0,1586.0,104.68,5.0,4.78 Lakh,2.15,4.78,False,True,True,18,0.14333333333333334
945,Hyundai Elantra CRDi SX,Coimbatore,2015,53615,First,22.7,1582.0,126.24,5.0,4.78 Lakh,8.44,4.78,False,False,True,10,0.37180616740088107
946,Mitsubishi Pajero Sport 4X4,Bangalore,2013,132000,First,13.5,2477.0,175.56,7.0,34.6 Lakh,12.49,34.6,False,False,True,12,0.9251851851851852
947,Volkswagen Ameo 1.2 MPI Comfortline,Pune,2017,14800,First,17.0,1198.0,73.75,5.0,4.78 Lakh,5.48,4.78,False,True,True,8,0.3223529411764706
948,Maruti Ritz VXi,Hyderabad,2013,35433,First,18.5,1197.0,85.8,5.0,4.78 Lakh,4.2,4.78,False,True,True,12,0.22702702702702704
949,Hyundai Verna CRDi SX,Hyderabad,2013,82966,First,16.8,1493.0,110.0,5.0,4.78 Lakh,7.2,4.78,False,False,True,12,0.42857142857142855
950,Maruti Swift Dzire Tour LDI,Jaipur,2014,96000,First,23.4,1248.0,74.0,5.0,4.78 Lakh,4.8,4.78,False,False,True,11,0.20512820512820512
951,Mahindra KUV 100 mFALCON D75 K6,Kochi,2017,39528,First,25.32,1198.0,77.0,6.0,4.78 Lakh,5.83,4.78,False,False,True,8,0.23025276461295419
952,Toyota Innova Crysta 2.4 ZX MT,Coimbatore,2018,92056,First,13.68,2393.0,147.8,7.0,26.45 Lakh,18.39,26.45,False,False,True,7,1.344298245614035
953,Maruti Baleno Delta 1.2,Pune,2016,14930,First,21.4,1197.0,83.1,5.0,4.78 Lakh,5.85,4.78,False,True,True,9,0.2733644859813084
954,Honda Jazz VX Diesel,Mumbai,2016,38000,First,27.3,1498.0,98.6,5.0,11.15 Lakh,6.21,11.15,False,False,True,9,0.22747252747252747
955,Hyundai i20 1.2 Asta,Delhi,2013,71000,First,17.0,1197.0,80.0,5.0,4.78 Lakh,3.65,4.78,False,True,True,12,0.21470588235294116
956,Hyundai i20 Sportz Diesel,Delhi,2012,71000,First,23.0,1396.0,90.0,5.0,4.78 Lakh,3.7,4.78,False,False,True,13,0.16086956521739132
957,Mercedes-Benz New C-Class C 220d Avantgarde Edition C,Pune,2015,50000,First,19.27,2143.0,167.62,5.0,4.78 Lakh,30.0,4.78,False,False,False,10,1.5568240788790868
958,Hyundai Xcent 1.2 Kappa Base,Kochi,2016,48163,First,19.1,1197.0,82.0,5.0,4.78 Lakh,4.85,4.78,False,True,True,9,0.2539267015706806
959,Hyundai Grand i10 AT Asta,Coimbatore,2017,19168,First,18.9,1197.0,82.0,5.0,4.78 Lakh,6.93,4.78,False,True,False,8,0.3666666666666667
960,Maruti Alto 800 VXI,Kolkata,2016,26000,First,22.74,796.0,47.3,5.0,4.78 Lakh,2.6,4.78,False,True,True,9,0.11433597185576079
961,Chevrolet Sail Hatchback 1.2 LS,Kolkata,2014,37400,First,18.2,1199.0,82.5,5.0,4.78 Lakh,1.89,4.78,False,True,True,11,0.10384615384615384
962,Mercedes-Benz C-Class Progressive C 220d,Mumbai,2018,8682,First,0.0,1950.0,194.0,5.0,52.26 Lakh,39.5,52.26,False,False,False,7,
963,Skoda Superb Elegance 1.8 TSI AT,Mumbai,2012,95000,First,13.7,1798.0,157.75,5.0,4.78 Lakh,10.0,4.78,False,True,False,13,0.7299270072992701
964,Audi A4 2.0 TDI,Kolkata,2009,34000,First,16.55,1968.0,147.51,5.0,4.78 Lakh,9.95,4.78,False,False,False,16,0.6012084592145014
965,Toyota Innova 2.5 G (Diesel) 7 Seater BS IV,Mumbai,2014,95000,Second,12.8,2494.0,102.0,8.0,4.78 Lakh,9.45,4.78,False,False,True,11,0.7382812499999999
966,Mercedes-Benz CLA 200 CDI Sport,Coimbatore,2017,13689,First,17.9,2143.0,136.0,5.0,4.78 Lakh,28.25,4.78,False,False,False,8,1.5782122905027933
967,Hyundai i10 Era,Jaipur,2008,84000,Second,19.81,1086.0,68.05,5.0,4.78 Lakh,1.8,4.78,False,True,True,17,0.09086320040383646
968,Maruti Swift Dzire VXi,Kolkata,2008,47000,Second,17.5,1298.0,85.8,5.0,4.78 Lakh,1.4,4.78,False,True,True,17,0.08
969,Skoda Rapid 1.5 TDI AT Ambition,Ahmedabad,2015,60001,First,21.66,1498.0,103.52,5.0,4.78 Lakh,7.25,4.78,False,False,False,10,0.3347183748845799
970,Maruti Ritz VDi,Hyderabad,2012,96000,First,21.1,1248.0,73.9,5.0,4.78 Lakh,3.6,4.78,False,False,True,13,0.17061611374407581
971,Hyundai Accent GLS 1.6,Jaipur,2004,47300,Second,14.4,1599.0,94.0,5.0,4.78 Lakh,1.2,4.78,False,True,True,21,0.08333333333333333
972,Honda Amaze SX i-VTEC,Coimbatore,2014,28246,Second,17.8,1198.0,86.7,5.0,4.78 Lakh,4.94,4.78,False,True,True,11,0.27752808988764044
973,Maruti Wagon R LXI,Delhi,2007,65000,Second,18.9,998.0,67.1,5.0,4.78 Lakh,1.25,4.78,False,True,True,18,0.06613756613756615
974,Volkswagen Polo Diesel Comfortline 1.2L,Chennai,2013,68000,Second,22.07,1199.0,73.9,5.0,4.78 Lakh,4.8,4.78,False,False,True,12,0.21748980516538285
975,Ford Endeavour 2.2 Trend AT 4X2,Kochi,2019,11209,First,12.62,2198.0,158.0,7.0,4.78 Lakh,31.15,4.78,False,False,False,6,2.4683042789223455
976,Hyundai i20 1.2 Sportz,Pune,2011,41980,Second,17.0,1197.0,80.0,5.0,4.78 Lakh,3.3,4.78,False,True,True,14,0.1941176470588235
977,Chevrolet Beat Diesel PS,Bangalore,2012,65000,First,25.44,936.0,57.6,5.0,4.78 Lakh,2.4,4.78,False,False,True,13,0.09433962264150943
978,Honda Civic 2010-2013 1.8 V MT,Kolkata,2010,38000,First,14.8,1799.0,130.2,5.0,4.78 Lakh,2.0,4.78,False,True,True,15,0.13513513513513511
979,Maruti Wagon R VXI BS IV,Pune,2014,51000,First,20.51,998.0,67.04,5.0,4.78 Lakh,3.1,4.78,False,True,True,11,0.15114578254509994
980,Skoda Rapid 1.6 MPI Ambition Plus,Kochi,2014,33855,First,15.0,1598.0,103.6,5.0,4.78 Lakh,5.09,4.78,False,True,True,11,0.3393333333333333
981,Maruti Baleno Vxi - BSIII,Pune,2006,146000,Second,15.4,1590.0,94.0,5.0,4.78 Lakh,1.05,4.78,False,True,True,19,0.06818181818181818
982,Ford EcoSport 1.5 TDCi Titanium,Bangalore,2015,47037,Second,22.77,1498.0,98.59,5.0,4.78 Lakh,7.0,4.78,False,False,True,10,0.30742204655248134
983,Hyundai Accent GLE,Ahmedabad,2010,58000,Second,13.2,1495.0,94.0,5.0,4.78 Lakh,2.5,4.78,False,True,True,15,0.1893939393939394
984,BMW 5 Series 520d Luxury Line,Mumbai,2012,61240,First,22.48,1995.0,190.0,5.0,70.43 Lakh,17.5,70.43,False,False,False,13,0.7784697508896797
985,Maruti Alto K10 2010-2014 VXI,Chennai,2011,91211,First,20.92,998.0,67.1,5.0,4.78 Lakh,2.1,4.78,False,True,True,14,0.10038240917782026
986,Audi Q3 2012-2015 2.0 TDI Quattro Premium Plus,Bangalore,2013,84000,First,15.73,1968.0,174.33,5.0,4.78 Lakh,17.75,4.78,False,False,False,12,1.1284170375079465
988,Toyota Corolla H4,Bangalore,2005,67000,Second,11.3,1794.0,125.0,5.0,4.78 Lakh,2.45,4.78,False,True,False,20,0.2168141592920354
989,Volvo XC60 D5,Pune,2011,106976,First,13.5,2400.0,215.0,5.0,4.78 Lakh,13.8,4.78,False,False,False,14,1.0222222222222224
990,Honda Jazz 1.5 VX i DTEC,Kolkata,2016,27210,First,27.3,1498.0,98.6,5.0,4.78 Lakh,5.85,4.78,False,False,True,9,0.21428571428571427
991,Maruti Ciaz 1.3 Alpha,Delhi,2017,26322,First,28.09,1248.0,88.5,5.0,4.78 Lakh,8.9,4.78,False,False,True,8,0.31683873264506945
992,Maruti Swift VXI BSIV,Mumbai,2016,9107,First,20.4,1197.0,81.8,5.0,4.78 Lakh,5.15,4.78,False,True,True,9,0.2524509803921569
993,Mercedes-Benz New C-Class C 220 CDI Avantgarde,Kochi,2015,63983,First,19.27,2143.0,170.0,5.0,4.78 Lakh,16.56,4.78,False,False,False,10,0.8593668915412558
994,Maruti Wagon R VXI Minor,Chennai,2010,134000,Second,18.9,1061.0,67.0,5.0,4.78 Lakh,1.65,4.78,False,True,True,15,0.0873015873015873
995,Mercedes-Benz A Class A180 Sport,Pune,2015,11000,First,15.5,1595.0,120.7,5.0,4.78 Lakh,16.0,4.78,False,True,False,10,1.032258064516129
996,Hyundai Santro Xing GL,Pune,2008,93000,First,0.0,1086.0,62.0,5.0,4.78 Lakh,1.45,4.78,False,True,True,17,
997,Maruti Swift Dzire AMT ZDI,Coimbatore,2017,24852,First,26.59,1248.0,74.0,5.0,4.78 Lakh,8.08,4.78,False,False,False,8,0.3038736367055284
998,Hyundai Grand i10 AT Asta,Pune,2014,37632,First,18.9,1197.0,82.0,5.0,4.78 Lakh,4.5,4.78,False,True,False,11,0.2380952380952381
999,Nissan Sunny 2011-2014 XV Special Edition,Chennai,2013,55000,Second,16.95,1498.0,97.7,5.0,4.78 Lakh,4.3,4.78,False,True,True,12,0.2536873156342183
1000,Maruti A-Star Lxi,Hyderabad,2010,81448,First,19.0,998.0,66.1,5.0,4.78 Lakh,2.6,4.78,False,True,True,15,0.1368421052631579
1001,Renault KWID RXT Optional,Hyderabad,2018,1900,First,25.17,799.0,53.3,5.0,4.8 Lakh,4.45,4.8,False,True,True,7,0.17679777512912195
1002,Hyundai Verna 1.6 SX VTVT (O) AT,Coimbatore,2012,54957,First,17.1,1591.0,121.4,5.0,4.78 Lakh,5.37,4.78,False,True,False,13,0.3140350877192982
1003,Maruti Wagon R LXI Minor,Chennai,2008,55000,Second,18.9,1061.0,67.0,5.0,4.78 Lakh,1.75,4.78,False,True,True,17,0.0925925925925926
1004,BMW 3 Series 320d Sport Line,Kolkata,2013,21983,First,18.88,1995.0,184.0,5.0,4.78 Lakh,16.5,4.78,False,False,False,12,0.8739406779661018
1005,BMW 5 Series 2003-2012 520d,Delhi,2013,76000,First,18.48,1995.0,177.0,5.0,4.78 Lakh,19.0,4.78,False,False,False,12,1.028138528138528
1006,Tata Indigo CS eVX,Jaipur,2016,65000,First,25.0,1396.0,69.01,5.0,4.78 Lakh,2.8,4.78,False,False,True,9,0.11199999999999999
1007,Hyundai i20 Sportz 1.4 CRDi,Hyderabad,2015,26000,First,22.54,1396.0,88.73,5.0,4.78 Lakh,6.2,4.78,False,False,True,10,0.27506654835847383
1008,Maruti Omni E MPI STD BS IV,Kochi,2019,11571,First,16.8,796.0,34.2,8.0,4.78 Lakh,3.8,4.78,False,True,True,6,0.22619047619047616
1009,Maruti Swift ZDi,Hyderabad,2014,81000,First,25.2,1248.0,74.0,5.0,4.78 Lakh,6.1,4.78,False,False,True,11,0.24206349206349206
1010,Ford Ecosport Signature Edition Diesel,Coimbatore,2019,23154,First,23.0,1498.0,98.96,5.0,12.12 Lakh,11.65,12.12,False,False,True,6,0.5065217391304347
1011,Honda Brio VX AT,Mumbai,2014,26856,First,16.5,1198.0,86.8,5.0,4.78 Lakh,4.15,4.78,False,True,False,11,0.2515151515151515
1012,Toyota Innova Crysta 2.4 GX MT,Chennai,2017,67489,First,13.68,2393.0,147.8,7.0,19.37 Lakh,16.5,19.37,False,False,True,8,1.206140350877193
1013,Mahindra Scorpio 2.6 LX,Bangalore,2008,176000,Second,10.5,2179.0,120.0,8.0,4.78 Lakh,4.3,4.78,False,False,True,17,0.4095238095238095
1014,Hyundai i20 1.2 Magna,Kolkata,2010,18000,First,18.5,1197.0,80.0,5.0,4.78 Lakh,2.25,4.78,False,True,True,15,0.12162162162162163
1015,Hyundai Verna 1.6 SX,Ahmedabad,2014,63003,First,22.32,1582.0,126.32,5.0,4.78 Lakh,6.75,4.78,False,False,True,11,0.3024193548387097
1016,Mahindra XUV500 W6 2WD,Chennai,2014,80000,First,15.1,2179.0,140.0,7.0,4.78 Lakh,9.4,4.78,False,False,True,11,0.6225165562913908
1017,Volkswagen Vento 1.5 TDI Comfortline,Coimbatore,2014,56658,First,20.64,1498.0,108.5,5.0,12.14 Lakh,5.39,12.14,False,False,True,11,0.26114341085271314
1018,Maruti Swift Dzire VDI Optional,Kochi,2019,18592,First,26.59,1248.0,74.0,5.0,4.78 Lakh,8.51,4.78,False,False,True,6,0.32004512974802557
1019,Tata Manza Aura Safire BS IV,Pune,2010,75695,First,13.7,1368.0,88.8,5.0,4.78 Lakh,1.85,4.78,False,True,True,15,0.13503649635036497
1020,Maruti Swift VDI,Kolkata,2012,82000,Second,22.9,1248.0,74.0,5.0,4.78 Lakh,2.5,4.78,False,False,True,13,0.1091703056768559
1021,Volkswagen Polo Diesel Highline 1.2L,Chennai,2013,60000,First,22.07,1199.0,73.9,5.0,4.78 Lakh,4.75,4.78,False,False,True,12,0.2152242863615768
1022,Honda City 1.5 V MT,Pune,2009,138000,Second,17.0,1497.0,118.0,5.0,4.78 Lakh,3.5,4.78,False,True,True,16,0.20588235294117646
1023,Hyundai i20 Asta (o) 1.4 CRDi (Diesel),Bangalore,2014,67000,First,23.0,1396.0,90.0,5.0,4.78 Lakh,5.5,4.78,False,False,True,11,0.2391304347826087
1024,Honda City 1.5 V MT,Coimbatore,2012,42750,First,17.0,1497.0,118.0,5.0,4.78 Lakh,6.33,4.78,False,True,True,13,0.3723529411764706
1025,Chevrolet Beat Diesel,Kochi,2014,52398,First,25.44,936.0,57.6,5.0,4.78 Lakh,2.47,4.78,False,False,True,11,0.09709119496855347
1026,Chevrolet Spark 1.0 LS,Kochi,2014,36657,First,16.2,995.0,62.1,5.0,4.78 Lakh,3.3,4.78,False,True,True,11,0.2037037037037037
1027,Tata New Safari DICOR 2.2 EX 4x2,Delhi,2011,77000,Second,11.57,2179.0,138.1,7.0,4.78 Lakh,3.5,4.78,False,False,True,14,0.3025064822817632
1028,Mercedes-Benz GL-Class 350 CDI Blue Efficiency,Delhi,2014,85000,First,11.3,2987.0,254.8,7.0,4.78 Lakh,38.75,4.78,False,False,False,11,3.4292035398230087
1029,BMW 5 Series 2003-2012 530d Highline,Pune,2008,112500,First,11.5,2993.0,235.0,5.0,4.78 Lakh,7.99,4.78,False,False,False,17,0.6947826086956522
1030,Toyota Fortuner 2.8 4WD MT,Kochi,2013,105072,First,14.24,2755.0,174.5,7.0,36.69 Lakh,13.28,36.69,False,False,True,12,0.9325842696629213
1031,BMW X1 sDrive 18i,Pune,2012,80000,First,11.25,1995.0,150.0,5.0,4.78 Lakh,9.5,4.78,False,True,False,13,0.8444444444444444
1032,Renault Captur 1.5 Diesel Platine Mono,Kochi,2019,3102,First,20.37,1461.0,108.45,5.0,4.78 Lakh,14.01,4.78,False,False,True,6,0.6877761413843888
1033,Hyundai Xcent 1.1 CRDi S,Coimbatore,2016,14656,First,24.4,1120.0,71.0,5.0,4.78 Lakh,6.99,4.78,False,False,True,9,0.2864754098360656
1034,BMW 3 Series 320d,Hyderabad,2010,105000,Second,13.2,1995.0,170.0,5.0,4.78 Lakh,11.0,4.78,False,False,False,15,0.8333333333333334
1035,BMW 5 Series 2010-2013 525i,Hyderabad,2008,61000,Second,10.8,2497.0,215.0,5.0,4.78 Lakh,11.0,4.78,False,True,False,17,1.0185185185185184
1036,Nissan Micra XE,Pune,2010,85046,Second,18.06,1198.0,75.0,5.0,4.78 Lakh,2.3,4.78,False,True,True,15,0.1273532668881506
1037,Jaguar XF 2.2 Litre Luxury,Delhi,2014,48000,First,16.36,2179.0,187.7,5.0,4.78 Lakh,26.5,4.78,False,False,False,11,1.6198044009779953
1038,Land Rover Range Rover TDV8 (Diesel),Bangalore,2011,55000,First,10.2,4367.0,308.0,7.0,4.78 Lakh,67.0,4.78,False,False,False,14,6.568627450980393
1039,Jeep Compass 1.4 Limited Option,Mumbai,2017,4000,First,16.0,1368.0,160.0,5.0,23.68 Lakh,17.75,23.68,False,True,False,8,1.109375
1040,Honda CR-V 2.4 AT,Delhi,2010,94000,Second,10.1,2354.0,152.0,5.0,4.78 Lakh,4.8,4.78,False,True,False,15,0.4752475247524752
1041,Maruti Swift VXI,Coimbatore,2013,61110,First,18.6,1197.0,85.8,5.0,4.78 Lakh,4.57,4.78,False,True,True,12,0.2456989247311828
1042,Hyundai Xcent 1.1 CRDi S,Chennai,2016,80000,First,24.4,1120.0,71.0,5.0,4.78 Lakh,3.5,4.78,False,False,True,9,0.1434426229508197
1043,Nissan Terrano XV Premium 110 PS,Kochi,2015,43190,First,19.01,1461.0,108.5,5.0,4.78 Lakh,7.61,4.78,False,False,True,10,0.40031562335612836
1044,Audi A4 35 TDI Technology,Hyderabad,2015,45000,First,18.25,1968.0,187.74,5.0,55.61 Lakh,25.0,55.61,False,False,False,10,1.36986301369863
1045,Hyundai Grand i10 Asta Option,Coimbatore,2016,44178,First,18.9,1197.0,82.0,5.0,4.78 Lakh,5.88,4.78,False,True,True,9,0.3111111111111111
1046,Toyota Innova 2.5 G (Diesel) 8 Seater,Hyderabad,2015,84415,First,12.99,2494.0,100.6,8.0,4.78 Lakh,13.5,4.78,False,False,True,10,1.0392609699769053
1047,Hyundai i20 1.2 Magna,Kolkata,2015,35000,First,18.5,1197.0,80.0,5.0,4.78 Lakh,4.6,4.78,False,True,True,10,0.24864864864864863
1048,Ford EcoSport 1.5 TDCi Titanium,Kolkata,2013,44000,First,22.77,1498.0,98.59,5.0,4.78 Lakh,4.9,4.78,False,False,True,12,0.21519543258673696
1049,Honda City 1.5 S MT,Hyderabad,2012,67635,First,17.0,1497.0,118.0,5.0,4.78 Lakh,5.25,4.78,False,True,True,13,0.3088235294117647
1050,Ford EcoSport 1.5 Petrol Titanium Plus AT,Coimbatore,2018,18385,First,14.8,1497.0,121.36,5.0,14.1 Lakh,12.41,14.1,False,True,False,7,0.8385135135135134
1051,Volkswagen Polo Diesel Highline 1.2L,Kolkata,2014,35000,First,22.07,1199.0,73.9,5.0,4.78 Lakh,3.8,4.78,False,False,True,11,0.17217942908926143
1052,Mercedes-Benz New C-Class C 220 CDI Avantgarde,Mumbai,2010,49000,First,19.27,2143.0,170.0,5.0,4.78 Lakh,8.95,4.78,False,False,False,15,0.46445251686559413
1053,Ford Ecosport 1.5 DV5 MT Titanium,Hyderabad,2013,69000,First,22.7,1498.0,89.84,5.0,4.78 Lakh,7.2,4.78,False,False,True,12,0.31718061674008813
1054,Tata Indigo GLE,Hyderabad,2017,23228,First,14.4,1396.0,65.0,5.0,4.78 Lakh,4.5,4.78,False,True,True,8,0.3125
1055,Maruti Swift Dzire LDI,Delhi,2014,68462,First,26.59,1248.0,74.0,5.0,4.78 Lakh,4.15,4.78,False,False,True,11,0.1560737119217751
1056,Maruti S-Cross Zeta DDiS 200 SH,Coimbatore,2016,74611,First,25.1,1248.0,88.5,5.0,13.26 Lakh,7.94,13.26,False,False,True,9,0.31633466135458166
1057,Renault Duster 110PS Diesel RxZ Pack,Pune,2014,90000,First,19.01,1461.0,108.45,5.0,4.78 Lakh,7.25,4.78,False,False,True,11,0.38137822198842714
1058,Maruti Wagon R VXI,Delhi,2016,22000,First,18.9,998.0,67.1,5.0,4.78 Lakh,3.7,4.78,False,True,True,9,0.19576719576719578
1059,Hyundai Santro Xing GL,Hyderabad,2010,58163,First,0.0,1086.0,62.0,5.0,4.78 Lakh,2.45,4.78,False,True,True,15,
1060,Chevrolet Beat Diesel LT,Chennai,2011,109500,Third,25.44,936.0,57.6,5.0,4.78 Lakh,1.5,4.78,False,False,True,14,0.05896226415094339
1061,Mahindra XUV500 W4 1.99 mHawk,Delhi,2017,13363,First,16.0,1997.0,140.0,7.0,4.78 Lakh,12.0,4.78,False,False,True,8,0.75
1062,Hyundai i10 Era 1.1,Delhi,2012,51000,Second,19.81,1086.0,68.05,5.0,4.78 Lakh,2.2,4.78,False,True,True,13,0.11105502271580012
1063,Tata New Safari DICOR 2.2 EX 4x4,Hyderabad,2007,103000,First,13.93,2179.0,138.0,7.0,4.78 Lakh,3.6,4.78,False,False,True,18,0.25843503230437903
1064,Hyundai i10 Sportz,Kolkata,2009,43002,First,20.36,1197.0,78.9,5.0,4.78 Lakh,1.92,4.78,False,True,True,16,0.09430255402750491
1065,Toyota Innova Crysta 2.8 ZX AT,Bangalore,2016,108000,First,11.36,2755.0,171.5,7.0,28.05 Lakh,20.5,28.05,False,False,False,9,1.8045774647887325
1066,Skoda Laura Elegance MT,Jaipur,2010,82407,First,17.5,1896.0,106.0,5.0,4.78 Lakh,4.25,4.78,False,False,True,15,0.24285714285714285
1067,Hyundai Grand i10 Sportz,Kolkata,2013,29000,First,18.9,1197.0,82.0,5.0,4.78 Lakh,3.2,4.78,False,True,True,12,0.16931216931216933
1069,Maruti Swift Dzire VDI,Kolkata,2014,45000,First,23.4,1248.0,74.0,5.0,4.78 Lakh,3.85,4.78,False,False,True,11,0.16452991452991456
1070,Hyundai i20 Asta 1.4 CRDi (Diesel),Kochi,2010,93401,First,23.0,1396.0,90.0,5.0,4.78 Lakh,3.48,4.78,False,False,True,15,0.15130434782608695
1071,Ford Figo 2015-2019 1.5D Trend MT,Hyderabad,2017,95802,Second,25.83,1498.0,99.0,5.0,4.78 Lakh,4.55,4.78,False,False,True,8,0.1761517615176152
1072,Maruti Ertiga VDI,Pune,2016,130000,First,25.47,1248.0,88.5,7.0,11.27 Lakh,7.0,11.27,False,False,True,9,0.27483313702394974
1073,Maruti Ertiga ZDI,Ahmedabad,2013,67443,First,20.77,1248.0,88.8,7.0,4.78 Lakh,5.75,4.78,False,False,True,12,0.27684159845931633
1074,Honda City 1.5 V AT Sunroof,Kochi,2016,47681,First,16.8,1497.0,116.3,5.0,4.78 Lakh,8.73,4.78,False,True,False,9,0.5196428571428572
1075,Maruti Alto LXi BSIII,Hyderabad,2009,35000,First,19.7,796.0,46.3,5.0,4.78 Lakh,1.7,4.78,False,True,True,16,0.08629441624365482
1076,Ford Endeavour 3.2 Titanium AT 4X4,Hyderabad,2016,68000,First,10.91,3198.0,197.0,7.0,4.78 Lakh,29.5,4.78,False,False,False,9,2.703941338221815
1077,Maruti Vitara Brezza ZDi Plus,Kochi,2019,34688,First,24.3,1248.0,88.5,5.0,11.2 Lakh,10.49,11.2,False,False,True,6,0.4316872427983539
1078,Porsche Boxster S tiptronic,Kolkata,2015,10512,First,8.6,2706.0,265.0,2.0,4.78 Lakh,64.0,4.78,False,True,False,10,7.441860465116279
1079,Maruti Swift ZDi,Pune,2016,58000,First,22.9,1248.0,74.0,5.0,4.78 Lakh,7.55,4.78,False,False,True,9,0.3296943231441048
1080,Tata Zest Revotron 1.2 XT,Mumbai,2014,40000,First,17.57,1193.0,88.7,5.0,8.56 Lakh,3.95,8.56,False,True,True,11,0.22481502561183836
1081,Hyundai i20 1.2 Sportz Option,Bangalore,2010,61000,Fourth & Above,17.0,1197.0,80.0,5.0,4.78 Lakh,3.25,4.78,False,True,True,15,0.19117647058823528
1082,Skoda Fabia 1.4 TDI Active,Mumbai,2009,86000,First,19.4,1422.0,70.0,5.0,4.78 Lakh,2.75,4.78,False,False,True,16,0.14175257731958765
1083,Toyota Corolla Altis D-4D J,Kolkata,2015,45000,First,21.43,1364.0,87.2,5.0,4.78 Lakh,7.35,4.78,False,False,True,10,0.34297713485767617
1084,Volkswagen Ameo 1.2 MPI Comfortline,Ahmedabad,2017,55000,First,17.0,1198.0,73.75,5.0,4.78 Lakh,4.7,4.78,False,True,True,8,0.27647058823529413
1085,Hyundai Creta 1.6 VTVT S,Kochi,2016,36855,Second,15.29,1591.0,121.3,5.0,4.78 Lakh,8.77,4.78,False,True,True,9,0.5735775016350556
1086,Hyundai i10 Magna 1.2,Kochi,2013,46821,First,20.36,1197.0,78.9,5.0,4.78 Lakh,3.42,4.78,False,True,True,12,0.16797642436149313
1087,Chevrolet Beat LS,Kolkata,2015,120000,First,18.6,1199.0,76.8,5.0,4.78 Lakh,2.5,4.78,False,True,True,10,0.13440860215053763
1088,Jaguar XF 3.0 Litre S Premium Luxury,Kolkata,2012,29000,First,14.74,2993.0,270.9,5.0,4.78 Lakh,20.0,4.78,False,False,False,13,1.3568521031207599
1089,Nissan Terrano XL,Mumbai,2014,40000,First,13.24,1598.0,102.5,5.0,4.78 Lakh,5.25,4.78,False,True,True,11,0.39652567975830816
1090,Audi Q3 2012-2015 2.0 TDI Quattro Premium Plus,Delhi,2013,60000,Second,15.73,1968.0,174.33,5.0,4.78 Lakh,14.5,4.78,False,False,False,12,0.9218054672600127
1091,Hyundai i10 Asta AT,Mumbai,2011,64984,First,16.95,1197.0,78.9,5.0,4.78 Lakh,3.45,4.78,False,True,False,14,0.20353982300884957
1092,Maruti Alto K10 VXI AGS,Pune,2015,73204,First,24.07,998.0,67.1,5.0,4.78 Lakh,3.3,4.78,False,True,False,10,0.13710012463647694
1093,Audi Q7 4.2 TDI Quattro Technology,Bangalore,2014,50000,First,11.33,4134.0,335.2,7.0,4.78 Lakh,51.0,4.78,False,False,False,11,4.501323918799647
1094,Maruti Vitara Brezza VDi,Kolkata,2017,35000,First,24.3,1248.0,88.5,5.0,9.46 Lakh,6.5,9.46,False,False,True,8,0.2674897119341564
1095,Hyundai EON D Lite Plus,Hyderabad,2013,17729,First,21.1,814.0,55.2,5.0,4.78 Lakh,3.65,4.78,False,True,True,12,0.1729857819905213
1096,Mahindra XUV300 W8 Diesel,Chennai,2012,97000,First,20.0,1497.0,115.0,5.0,12.79 Lakh,7.25,12.79,False,False,True,13,0.3625
1097,Hyundai Verna CRDi 1.6 SX Option,Kochi,2014,89614,First,22.0,1582.0,126.2,5.0,15.57 Lakh,6.01,15.57,False,False,True,11,0.2731818181818182
1098,Maruti Wagon R VXI,Kolkata,2015,14000,First,18.9,998.0,67.1,5.0,4.78 Lakh,2.8,4.78,False,True,True,10,0.14814814814814814
1099,Hyundai i20 Sportz Option,Chennai,2012,50000,First,17.0,1197.0,80.0,5.0,4.78 Lakh,4.0,4.78,False,True,True,13,0.23529411764705882
1100,Honda City i VTEC V,Delhi,2014,62505,First,17.4,1497.0,117.3,5.0,4.78 Lakh,5.95,4.78,False,True,True,11,0.3419540229885058
1101,Toyota Innova 2.5 V Diesel 7-seater,Chennai,2011,248000,Second,12.8,2494.0,102.0,7.0,4.78 Lakh,9.2,4.78,False,False,True,14,0.7187499999999999
1102,Hyundai Verna CRDi SX,Pune,2012,94900,First,16.8,1493.0,110.0,5.0,4.78 Lakh,5.35,4.78,False,False,True,13,0.31845238095238093
1103,Tata Hexa XT,Delhi,2017,55000,First,17.6,2179.0,153.86,7.0,19.86 Lakh,12.0,19.86,False,False,True,8,0.6818181818181818
1104,Audi Q7 3.0 TDI Quattro Premium Plus,Coimbatore,2015,53735,Second,12.07,2967.0,241.4,7.0,4.78 Lakh,38.94,4.78,False,False,False,10,3.2261806130903063
1105,Maruti Wagon R VXI,Coimbatore,2008,53934,Second,18.9,998.0,67.1,5.0,4.78 Lakh,2.69,4.78,False,True,True,17,0.14232804232804233
1106,BMW 5 Series 2013-2017 525d Luxury Line,Bangalore,2013,58500,Second,17.09,1995.0,218.0,5.0,4.78 Lakh,27.5,4.78,False,False,False,12,1.6091281451141017
1107,Honda Amaze EX i-Vtech,Kolkata,2014,48000,First,18.0,1198.0,86.7,5.0,4.78 Lakh,2.75,4.78,False,True,True,11,0.1527777777777778
1108,Maruti Alto 800 2016-2019 LXI,Mumbai,2016,24000,First,24.7,796.0,47.3,5.0,4.78 Lakh,2.8,4.78,False,True,True,9,0.11336032388663968
1109,Hyundai Verna 1.6 SX VTVT,Mumbai,2016,52001,First,17.01,1591.0,121.3,5.0,4.78 Lakh,6.45,4.78,False,True,True,9,0.37918871252204583
1110,Tata Tiago 1.2 Revotron XZ,Coimbatore,2018,9565,First,23.84,1199.0,84.0,5.0,6.59 Lakh,5.88,6.59,False,True,True,7,0.24664429530201343
1111,Maruti Swift LXI,Pune,2013,32953,First,18.6,1197.0,85.8,5.0,4.78 Lakh,4.65,4.78,False,True,True,12,0.25
1112,Hyundai EON Era,Jaipur,2014,18000,First,21.1,814.0,55.2,5.0,4.78 Lakh,2.5,4.78,False,True,True,11,0.11848341232227487
1113,Mercedes-Benz E-Class E 220 d,Kochi,2018,20446,First,12.6,1950.0,191.34,5.0,86.97 Lakh,51.35,86.97,False,True,False,7,4.075396825396826
1114,Hyundai i20 Magna 1.4 CRDi,Hyderabad,2016,33016,First,22.54,1396.0,88.73,5.0,4.78 Lakh,6.85,4.78,False,False,True,9,0.3039041703637977
1115,Toyota Etios VD,Chennai,2012,48000,First,23.59,1364.0,67.05,5.0,4.78 Lakh,5.25,4.78,False,False,True,13,0.22255192878338279
1116,Toyota Corolla Altis Diesel D4DG,Coimbatore,2014,72022,First,21.43,1364.0,87.2,5.0,4.78 Lakh,9.23,4.78,False,False,True,11,0.43070461969202056
1117,Mini Cooper 5 DOOR D,Ahmedabad,2014,34000,First,20.7,1496.0,113.98,5.0,42.12 Lakh,22.0,42.12,False,False,False,11,1.0628019323671498
1118,Volkswagen Polo 1.5 TDI Highline,Hyderabad,2014,69000,First,20.14,1498.0,88.8,5.0,4.78 Lakh,5.19,4.78,False,False,True,11,0.25769612711022843
1119,Skoda Superb Elegance 1.8 TSI AT,Pune,2009,108000,First,13.7,1798.0,157.75,5.0,4.78 Lakh,4.35,4.78,False,True,False,16,0.3175182481751825
1120,Mercedes-Benz E-Class 2009-2013 E 220 CDI Avantgarde,Hyderabad,2013,34700,First,10.0,2148.0,170.0,5.0,4.78 Lakh,24.5,4.78,False,False,False,12,2.45
1121,Maruti Swift VDi BSIII W/ ABS,Pune,2015,79000,First,17.8,1248.0,75.0,5.0,4.78 Lakh,5.75,4.78,False,False,True,10,0.32303370786516855
1122,Honda City i VTEC CVT VX,Kochi,2016,58197,First,18.0,1497.0,117.3,5.0,4.78 Lakh,9.19,4.78,False,True,False,9,0.5105555555555555
1123,BMW 7 Series 2007-2012 740Li,Pune,2008,66000,Second,8.45,2979.0,321.0,5.0,4.78 Lakh,10.75,4.78,False,True,False,17,1.272189349112426
1124,Hyundai i10 Magna AT,Bangalore,2009,60000,First,19.2,1197.0,80.0,5.0,4.78 Lakh,2.99,4.78,False,True,False,16,0.1557291666666667
1125,Maruti Swift Dzire VDI,Kolkata,2014,57000,First,26.59,1248.0,74.0,5.0,4.78 Lakh,3.89,4.78,False,False,True,11,0.14629559984956753
1126,Honda City i DTec VX,Coimbatore,2018,45555,First,26.0,1498.0,98.6,5.0,4.78 Lakh,11.73,4.78,False,False,True,7,0.4511538461538462
1127,Maruti Omni 8 Seater BSIV,Coimbatore,2016,55137,First,14.0,796.0,35.0,5.0,4.78 Lakh,3.11,4.78,False,True,True,9,0.22214285714285714
1128,Skoda Superb 2009-2014 Elegance 2.0 TDI MT,Jaipur,2014,93325,Second,17.2,1968.0,138.1,5.0,4.78 Lakh,14.45,4.78,False,False,True,11,0.8401162790697674
1129,Maruti Ertiga SHVS VDI,Ahmedabad,2018,38000,First,24.52,1248.0,88.5,7.0,4.78 Lakh,8.7,4.78,False,False,True,7,0.3548123980424143
1130,Hyundai Grand i10 CRDi Magna,Kochi,2016,57738,First,24.0,1120.0,70.0,5.0,4.78 Lakh,5.04,4.78,False,False,True,9,0.21
1131,Maruti Ciaz VDi Plus SHVS,Jaipur,2017,38282,First,28.09,1248.0,88.5,5.0,4.78 Lakh,8.5,4.78,False,False,True,8,0.3025987896048416
1132,Mercedes-Benz New C-Class C 220 CDI Avantgarde,Delhi,2014,64000,First,19.27,2143.0,170.0,5.0,4.78 Lakh,15.65,4.78,False,False,False,11,0.8121432278152569
1133,Fiat Avventura MULTIJET Emotion,Mumbai,2015,32000,First,20.5,1248.0,91.72,5.0,4.78 Lakh,5.65,4.78,False,False,True,10,0.275609756097561
1134,Mercedes-Benz E-Class 2009-2013 E 250 Elegance,Bangalore,2010,83000,First,10.93,2497.0,204.0,5.0,4.78 Lakh,16.5,4.78,False,True,False,15,1.5096065873741995
1136,Volkswagen Vento Petrol Highline,Pune,2012,67200,First,15.04,1598.0,103.6,5.0,4.78 Lakh,3.9,4.78,False,True,True,13,0.2593085106382979
1137,BMW 3 Series 320d Luxury Line,Jaipur,2013,62655,First,18.88,1995.0,184.0,5.0,4.78 Lakh,14.5,4.78,False,False,False,12,0.7680084745762712
1138,BMW 5 Series 2013-2017 530d M Sport,Bangalore,2015,16900,First,14.69,2993.0,258.0,5.0,4.78 Lakh,44.0,4.78,False,False,False,10,2.9952348536419335
1139,Hyundai Grand i10 1.2 Kappa Magna,Delhi,2017,8471,First,18.9,1197.0,81.86,5.0,6.54 Lakh,5.0,6.54,False,True,True,8,0.2645502645502646
1140,Toyota Innova Crysta 2.8 ZX AT,Hyderabad,2016,69000,First,11.36,2755.0,171.5,7.0,26.56 Lakh,19.75,26.56,False,False,False,9,1.738556338028169
1141,Renault Duster 110PS Diesel RxZ AMT,Coimbatore,2017,30090,First,19.6,1461.0,108.45,5.0,15.05 Lakh,11.44,15.05,False,False,False,8,0.583673469387755
1142,Tata Indica Vista Aura 1.3 Quadrajet,Chennai,2011,120000,First,18.0,1248.0,75.0,5.0,4.78 Lakh,1.75,4.78,False,False,True,14,0.09722222222222222
1144,Mercedes-Benz E-Class 2009-2013 E 200 CGI Avantgarde,Kochi,2016,35939,First,12.3,1796.0,185.0,5.0,4.78 Lakh,30.42,4.78,False,True,True,9,2.473170731707317
1145,Mahindra XUV500 W8 4WD,Coimbatore,2013,116694,First,15.1,2179.0,140.0,7.0,4.78 Lakh,9.57,4.78,False,False,True,12,0.6337748344370862
1146,Mahindra Bolero ZLX,Mumbai,2016,40448,First,15.96,2523.0,62.1,7.0,11.01 Lakh,3.5,11.01,False,False,True,9,0.21929824561403508
1147,Maruti Vitara Brezza ZDi,Coimbatore,2018,64456,First,24.3,1248.0,88.5,5.0,11 Lakh,10.46,11.0,False,False,True,7,0.43045267489711936
1148,Fiat Avventura MULTIJET Emotion,Pune,2014,52782,First,20.5,1248.0,91.72,5.0,4.78 Lakh,4.85,4.78,False,False,True,11,0.23658536585365852
1149,Honda Amaze S Petrol,Kochi,2016,51672,First,19.5,1199.0,88.76,5.0,7.55 Lakh,5.68,7.55,False,True,True,9,0.29128205128205126
1150,Skoda Superb Elegance 1.8 TSI AT,Mumbai,2015,56073,First,13.7,1798.0,157.75,5.0,4.78 Lakh,13.25,4.78,False,True,False,10,0.9671532846715329
1151,Jaguar XF 3.0 Litre S Premium Luxury,Bangalore,2011,65000,First,14.74,2993.0,270.9,5.0,4.78 Lakh,16.0,4.78,False,False,False,14,1.0854816824966078
1152,Maruti Wagon R VXI BSIII,Chennai,2013,79000,First,18.9,998.0,67.1,5.0,4.78 Lakh,3.0,4.78,False,True,True,12,0.15873015873015875
1154,Toyota Corolla Altis VL,Mumbai,2010,70200,First,14.53,1798.0,138.1,5.0,4.78 Lakh,5.0,4.78,False,True,False,15,0.3441156228492774
1155,Maruti Swift VXi BSIV,Delhi,2016,42000,First,16.1,1197.0,85.0,5.0,4.78 Lakh,4.75,4.78,False,True,True,9,0.29503105590062106
1156,Volkswagen Polo 1.2 MPI Highline,Bangalore,2014,62000,First,16.47,1198.0,74.0,5.0,4.78 Lakh,5.35,4.78,False,True,True,11,0.32483302975106254
1157,Hyundai Grand i10 1.2 Kappa Asta,Hyderabad,2017,20000,First,18.9,1197.0,81.86,5.0,7.82 Lakh,5.98,7.82,False,True,True,8,0.31640211640211646
1158,Maruti SX4 ZDI,Chennai,2011,80000,Third,21.5,1248.0,88.8,5.0,4.78 Lakh,3.5,4.78,False,False,True,14,0.16279069767441862
1159,Hyundai Grand i10 1.2 Kappa Magna,Kochi,2018,50234,First,18.9,1197.0,81.86,5.0,6.32 Lakh,4.77,6.32,False,True,True,7,0.2523809523809524
1160,Maruti Baleno Delta 1.2,Delhi,2016,50003,First,21.4,1197.0,83.1,5.0,4.78 Lakh,5.45,4.78,False,True,True,9,0.2546728971962617
1161,Tata Tigor 1.2 Revotron XTA,Ahmedabad,2018,1000,First,20.3,1199.0,84.0,5.0,4.78 Lakh,6.85,4.78,False,True,False,7,0.3374384236453202
1162,Maruti Swift Dzire AMT ZDI,Jaipur,2016,54897,First,26.59,1248.0,74.0,5.0,4.78 Lakh,7.3,4.78,False,False,False,9,0.2745393004889056
1163,Tata Indica GLS BS IV,Pune,2007,108995,First,15.3,1193.0,65.3,5.0,4.78 Lakh,1.25,4.78,False,True,True,18,0.08169934640522876
1164,Maruti SX4 S Cross DDiS 320 Zeta,Chennai,2015,73000,First,22.7,1598.0,118.0,5.0,4.78 Lakh,8.25,4.78,False,False,True,10,0.3634361233480176
1165,Maruti Swift VXI BSIII,Ahmedabad,2008,65000,First,16.1,1298.0,88.2,5.0,4.78 Lakh,2.71,4.78,False,True,True,17,0.16832298136645962
1166,Hyundai Xcent 1.2 Kappa SX,Kolkata,2016,32000,First,19.1,1197.0,82.0,5.0,4.78 Lakh,3.6,4.78,False,True,True,9,0.18848167539267013
1167,Hyundai i20 1.2 Magna,Ahmedabad,2010,65000,First,18.5,1197.0,80.0,5.0,4.78 Lakh,3.0,4.78,False,True,True,15,0.16216216216216217
1168,Maruti Celerio VXI AT,Hyderabad,2016,21600,First,23.1,998.0,67.04,5.0,4.78 Lakh,4.65,4.78,False,True,False,9,0.2012987012987013
1169,Mercedes-Benz New C-Class C 220 CDI Elegance AT,Mumbai,2010,39000,First,14.84,2143.0,170.0,5.0,4.78 Lakh,9.5,4.78,False,False,False,15,0.6401617250673854
1170,Maruti Swift Dzire VXi,Mumbai,2011,58075,First,17.5,1298.0,85.8,5.0,4.78 Lakh,2.95,4.78,False,True,True,14,0.1685714285714286
1171,Volkswagen Vento Petrol Trendline,Mumbai,2011,58000,First,15.04,1598.0,103.6,5.0,4.78 Lakh,3.0,4.78,False,True,True,14,0.199468085106383
1172,Maruti Swift ZDi,Hyderabad,2015,58000,First,25.2,1248.0,74.0,5.0,4.78 Lakh,5.95,4.78,False,False,True,10,0.23611111111111113
1173,Toyota Corolla Altis VL,Delhi,2008,89000,First,14.53,1798.0,138.1,5.0,4.78 Lakh,4.0,4.78,False,True,False,17,0.27529249827942187
1174,Honda Civic 2006-2010 1.8 V MT,Delhi,2008,72000,First,13.5,1799.0,130.0,5.0,4.78 Lakh,2.5,4.78,False,True,True,17,0.18518518518518517
1175,Ford EcoSport 1.5 Ti VCT AT Titanium BE,Kolkata,2017,1800,First,16.05,1499.0,110.4,5.0,4.78 Lakh,11.37,4.78,False,True,False,8,0.708411214953271
1176,Fiat Linea Emotion Pack (Diesel),Pune,2010,172050,Second,19.0,1248.0,93.0,5.0,4.78 Lakh,2.25,4.78,False,False,True,15,0.11842105263157894
1177,Hyundai i10 Era,Jaipur,2013,46230,First,19.81,1086.0,68.05,5.0,4.78 Lakh,3.1,4.78,False,True,True,12,0.15648662291771834
1178,Volvo XC60 D5 Inscription,Kochi,2014,86925,First,11.2,2400.0,215.0,5.0,4.78 Lakh,17.18,4.78,False,False,False,11,1.5339285714285715
1179,Hyundai i20 1.2 Asta,Jaipur,2018,5000,First,18.6,1197.0,81.83,5.0,4.78 Lakh,6.5,4.78,False,True,True,7,0.3494623655913978
1180,Honda City i DTEC S,Ahmedabad,2014,66000,First,26.0,1498.0,98.6,5.0,4.78 Lakh,5.7,4.78,False,False,True,11,0.21923076923076923
1181,Toyota Innova 2.5 VX (Diesel) 8 Seater BS IV,Ahmedabad,2013,119000,First,12.99,2494.0,100.0,8.0,4.78 Lakh,8.0,4.78,False,False,True,12,0.6158583525789069
1182,Renault KWID RXT,Chennai,2016,45000,First,25.17,799.0,53.3,5.0,4.78 Lakh,2.6,4.78,False,True,True,9,0.10329757647993643
1183,Maruti A-Star Vxi,Hyderabad,2009,66149,First,19.0,998.0,66.1,5.0,4.78 Lakh,2.45,4.78,False,True,True,16,0.12894736842105264
1184,Mercedes-Benz B Class B180,Kochi,2014,42070,First,14.8,1595.0,120.7,5.0,4.78 Lakh,11.57,4.78,False,True,False,11,0.7817567567567567
1185,Maruti Wagon R LXI BS IV,Kolkata,2012,35503,First,18.9,998.0,67.1,5.0,4.78 Lakh,2.3,4.78,False,True,True,13,0.12169312169312169
1186,Maruti Swift VDI BSIV,Jaipur,2016,41460,First,25.2,1248.0,74.0,5.0,4.78 Lakh,5.9,4.78,False,False,True,9,0.23412698412698416
1187,Hyundai Verna VTVT 1.6 AT SX Option,Mumbai,2015,40600,First,17.0,1591.0,121.3,5.0,15.14 Lakh,7.2,15.14,False,True,False,10,0.4235294117647059
1188,Hyundai Verna CRDi 1.6 AT SX Option,Ahmedabad,2013,87000,First,22.0,1582.0,126.2,5.0,15.72 Lakh,5.9,15.72,False,False,False,12,0.2681818181818182
1189,Honda City V MT,Chennai,2014,30000,Second,16.8,1497.0,116.3,5.0,4.78 Lakh,6.0,4.78,False,True,True,11,0.35714285714285715
1190,Hyundai i10 Magna Optional 1.1L,Kolkata,2010,27089,First,16.0,1086.0,66.7,5.0,4.78 Lakh,1.95,4.78,False,True,True,15,0.121875
1191,Toyota Etios GD SP,Coimbatore,2016,53702,First,23.59,1364.0,67.04,5.0,4.78 Lakh,6.55,4.78,False,False,True,9,0.27766002543450613
1192,Volvo S60 D4 Momentum,Hyderabad,2015,51000,First,27.03,1969.0,190.0,5.0,45.67 Lakh,25.0,45.67,False,False,False,10,0.9248982611912689
1193,Ford Figo Diesel EXI,Kolkata,2012,36542,First,20.0,1399.0,68.05,5.0,4.78 Lakh,2.65,4.78,False,False,True,13,0.1325
1194,Mercedes-Benz E-Class 2015-2017 E350 CDI Avantgrade,Mumbai,2017,15000,First,13.0,2987.0,265.0,5.0,4.78 Lakh,69.5,4.78,False,False,False,8,5.346153846153846
1195,BMW 3 Series 320d Luxury Line,Chennai,2012,65000,First,22.69,1995.0,190.0,5.0,54.7 Lakh,14.0,54.7,False,False,False,13,0.6170118995152049
1196,Maruti Alto 800 VXI,Pune,2014,32000,Second,22.74,796.0,47.3,5.0,4.78 Lakh,2.1,4.78,False,True,True,11,0.09234828496042218
1197,Toyota Innova Crysta 2.4 VX MT,Hyderabad,2017,24393,First,13.68,2393.0,147.8,7.0,22.87 Lakh,20.4,22.87,False,False,True,8,1.4912280701754386
1198,Volkswagen Polo 1.0 MPI Trendline,Hyderabad,2019,1000,First,18.78,999.0,75.0,5.0,6.74 Lakh,5.68,6.74,False,True,True,6,0.3024494142705005
1199,Nissan Terrano XL,Mumbai,2014,28238,First,13.24,1598.0,102.5,5.0,4.78 Lakh,5.55,4.78,False,True,True,11,0.41918429003021146
1200,Mitsubishi Pajero Sport 4X4,Mumbai,2013,59000,First,13.5,2477.0,175.56,7.0,33.09 Lakh,12.75,33.09,False,False,True,12,0.9444444444444444
1201,Honda Civic 2010-2013 1.8 S MT,Mumbai,2012,92000,Second,14.8,1799.0,130.2,5.0,4.78 Lakh,3.35,4.78,False,True,True,13,0.22635135135135134
1202,Maruti Alto 800 LXI,Kolkata,2013,56840,First,22.74,796.0,47.3,5.0,4.78 Lakh,1.55,4.78,False,True,True,12,0.0681618293755497
1203,Volkswagen Vento Diesel Highline,Coimbatore,2013,62746,Second,20.54,1598.0,103.6,5.0,4.78 Lakh,5.9,4.78,False,False,True,12,0.28724440116845185
1204,Land Rover Freelander 2 HSE,Hyderabad,2012,96000,First,12.35,2179.0,187.74,5.0,4.78 Lakh,18.98,4.78,False,False,False,13,1.536842105263158
1205,Honda CR-V 2.0L 2WD MT,Mumbai,2014,24000,First,13.7,1997.0,153.86,5.0,4.78 Lakh,11.51,4.78,False,True,True,11,0.8401459854014599
1206,Maruti Ertiga VDI,Mumbai,2016,54000,First,20.77,1248.0,88.76,7.0,4.78 Lakh,7.75,4.78,False,False,True,9,0.373134328358209
1207,Toyota Innova 2.5 GX (Diesel) 7 Seater,Chennai,2016,90000,First,12.99,2494.0,100.6,7.0,4.78 Lakh,13.9,4.78,False,False,True,9,1.0700538876058507
1208,Tata Manza Aura Safire,Kolkata,2010,40000,First,15.0,1368.0,90.0,5.0,4.78 Lakh,1.35,4.78,False,True,True,15,0.09000000000000001
1209,Audi Q7 35 TDI Quattro Premium Plus,Mumbai,2015,65938,Second,12.07,2967.0,241.4,7.0,4.78 Lakh,38.0,4.78,False,False,False,10,3.148301574150787
1210,Hyundai Verna 1.6 SX VTVT (O) AT,Mumbai,2017,16100,First,17.1,1591.0,121.4,5.0,4.78 Lakh,11.6,4.78,False,True,False,8,0.6783625730994152
1211,Volkswagen Vento 1.5 Highline Plus AT 16 Alloy,Hyderabad,2017,3600,First,21.5,1498.0,108.5,5.0,4.78 Lakh,12.25,4.78,False,False,False,8,0.5697674418604651
1212,Honda City 1.5 S MT,Jaipur,2011,52000,First,17.0,1497.0,118.0,5.0,4.78 Lakh,3.8,4.78,False,True,True,14,0.22352941176470587
1213,Ford Figo Diesel Titanium,Mumbai,2014,54000,First,20.0,1399.0,68.05,5.0,4.78 Lakh,3.25,4.78,False,False,True,11,0.1625
1214,Honda Jazz 1.2 VX i VTEC,Mumbai,2016,15399,First,18.7,1199.0,88.7,5.0,4.78 Lakh,6.4,4.78,False,True,True,9,0.34224598930481287
1215,Volkswagen Polo Petrol Highline 1.2L,Bangalore,2012,75000,Second,16.47,1198.0,73.9,5.0,4.78 Lakh,3.95,4.78,False,True,True,13,0.2398299939283546
1216,Honda City i-VTEC S,Delhi,2010,76752,First,17.4,1497.0,117.3,5.0,4.78 Lakh,3.57,4.78,False,True,True,15,0.20517241379310347
1217,Honda City ZX GXi,Mumbai,2005,56000,Second,17.7,1497.0,78.0,5.0,4.78 Lakh,1.25,4.78,False,True,True,20,0.07062146892655367
1219,Honda CR-V 2.4L 4WD AT AVN,Kolkata,2013,46125,Second,12.0,2354.0,187.4,5.0,4.78 Lakh,12.5,4.78,False,True,False,12,1.0416666666666667
1220,BMW 5 Series 2013-2017 520d Luxury Line,Ahmedabad,2014,35000,Second,18.12,1995.0,190.0,5.0,4.78 Lakh,23.0,4.78,False,False,False,11,1.269315673289183
1221,Ambassador Classic Nova Diesel,Chennai,2003,80000,Third,12.8,1489.0,35.5,5.0,4.78 Lakh,1.35,4.78,False,False,True,22,0.10546875
1222,Mahindra Scorpio VLX 2.2 mHawk BSIII,Coimbatore,2012,62729,First,12.05,2179.0,120.0,8.0,4.78 Lakh,6.32,4.78,False,False,True,13,0.5244813278008299
1223,Volkswagen Vento Diesel Comfortline,Kolkata,2012,34000,First,20.54,1598.0,103.6,5.0,4.78 Lakh,3.4,4.78,False,False,True,13,0.1655306718597858
1224,Maruti Zen VX,Jaipur,1999,70000,Second,17.3,993.0,60.0,5.0,4.78 Lakh,0.77,4.78,False,True,True,26,0.04450867052023121
1225,Maruti 800 DX BSII,Jaipur,2009,32000,First,16.1,796.0,37.0,4.0,4.78 Lakh,0.9,4.78,False,True,True,16,0.05590062111801242
1226,Toyota Corolla Altis 1.8 VL CVT,Delhi,2017,21000,First,14.28,1798.0,138.03,5.0,23.25 Lakh,18.0,23.25,False,True,False,8,1.2605042016806722
1227,BMW 3 Series 328i Sport Line,Pune,2013,49000,First,14.59,1997.0,245.0,5.0,4.78 Lakh,19.0,4.78,False,True,False,12,1.3022618231665524
1228,Ford Ikon 1.3 Flair,Chennai,2007,40000,Third,13.8,1299.0,70.0,5.0,4.78 Lakh,1.1,4.78,False,True,True,18,0.07971014492753624
1229,Chevrolet Beat LT,Pune,2012,78000,Second,18.6,1199.0,79.4,5.0,4.78 Lakh,2.0,4.78,False,True,True,13,0.1075268817204301
1230,Toyota Corolla Altis 1.4 DG,Ahmedabad,2012,52000,First,21.43,1364.0,86.79,5.0,19.27 Lakh,6.5,19.27,False,False,True,13,0.30331311245916937
1231,Mahindra XUV500 W4,Bangalore,2014,65213,First,16.0,2179.0,140.0,7.0,4.78 Lakh,9.45,4.78,False,False,True,11,0.590625
1232,Hyundai Xcent 1.1 CRDi Base,Mumbai,2016,170000,First,24.4,1120.0,71.0,5.0,4.78 Lakh,4.0,4.78,False,False,True,9,0.1639344262295082
1233,Mercedes-Benz E-Class 2015-2017 E250 CDI Avantgarde,Kochi,2017,36884,First,13.0,2143.0,204.0,5.0,4.78 Lakh,32.25,4.78,False,False,False,8,2.480769230769231
1234,Hyundai i10 Sportz,Pune,2009,62500,First,20.36,1197.0,78.9,5.0,4.78 Lakh,2.1,4.78,False,True,True,16,0.1031434184675835
1235,Toyota Corolla Altis VL AT,Mumbai,2015,68000,Second,14.28,1798.0,138.03,5.0,4.78 Lakh,9.75,4.78,False,True,False,10,0.6827731092436975
1236,Toyota Corolla 1.8 J,Kolkata,2014,40748,First,14.53,1798.0,138.0,5.0,4.78 Lakh,6.3,4.78,False,True,True,11,0.43358568479008947
1237,Audi Q3 2.0 TDI Quattro,Hyderabad,2013,60000,First,17.32,1968.0,184.0,5.0,4.78 Lakh,21.0,4.78,False,False,False,12,1.2124711316397228
1238,Hyundai i20 Magna Optional 1.4 CRDi,Mumbai,2014,12400,First,21.9,1396.0,88.8,5.0,4.78 Lakh,4.65,4.78,False,False,True,11,0.21232876712328771
1239,Mercedes-Benz New C-Class C 220d Avantgarde Edition C,Mumbai,2013,87000,Second,19.27,2143.0,167.62,5.0,4.78 Lakh,17.0,4.78,False,False,False,12,0.8822003113648158
1240,Maruti Ritz VDi,Pune,2013,20248,First,21.1,1248.0,73.9,5.0,4.78 Lakh,4.35,4.78,False,False,True,12,0.20616113744075826
1241,Hyundai Creta 1.6 SX Plus Diesel,Coimbatore,2017,52383,First,19.67,1582.0,126.2,5.0,4.78 Lakh,14.82,4.78,False,False,True,8,0.7534316217590239
1242,Jaguar XE 2.0L Diesel Prestige,Delhi,2018,1000,First,13.6,1999.0,177.0,5.0,52.77 Lakh,40.0,52.77,False,False,False,7,2.9411764705882355
1243,Mahindra Xylo D4,Chennai,2016,85000,First,14.95,2489.0,93.7,7.0,11.67 Lakh,6.15,11.67,False,False,True,9,0.41137123745819404
1244,Toyota Innova 2.5 G (Diesel) 7 Seater,Ahmedabad,2014,47000,First,12.99,2494.0,100.6,7.0,4.78 Lakh,11.25,4.78,False,False,True,11,0.8660508083140878
1245,Toyota Camry 2.5 Hybrid,Pune,2018,17585,First,19.16,2494.0,157.7,5.0,4.78 Lakh,32.0,4.78,False,True,False,7,1.6701461377870563
1246,Audi Q5 3.0 TDI Quattro,Coimbatore,2018,32496,First,13.22,2967.0,241.4,5.0,4.78 Lakh,45.62,4.78,False,False,False,7,3.450832072617246
1247,Maruti Swift VDI,Kochi,2017,34613,First,28.4,1248.0,74.0,5.0,7.92 Lakh,6.24,7.92,False,False,True,8,0.21971830985915494
1248,Maruti Ertiga VDI Limited Edition,Chennai,2015,153000,First,20.77,1248.0,88.76,7.0,4.78 Lakh,4.8,4.78,False,False,True,10,0.23110255175734232
1249,Maruti Swift VXi BSIV,Chennai,2014,54000,Second,16.1,1197.0,85.0,5.0,4.78 Lakh,4.5,4.78,False,True,True,11,0.2795031055900621
1250,Hyundai i10 Sportz,Kochi,2015,16900,First,20.36,1197.0,78.9,5.0,4.78 Lakh,3.87,4.78,False,True,True,10,0.1900785854616896
1251,Hyundai i10 Sportz,Delhi,2013,62334,First,20.36,1197.0,78.9,5.0,4.78 Lakh,2.75,4.78,False,True,True,12,0.1350687622789784
1252,Maruti Baleno Sigma 1.2,Kochi,2018,23714,First,21.4,1197.0,83.1,5.0,4.78 Lakh,6.57,4.78,False,True,True,7,0.30700934579439254
1253,Hyundai Accent Executive,Jaipur,2010,52325,First,16.36,1495.0,93.7,5.0,4.78 Lakh,2.0,4.78,False,True,True,15,0.12224938875305624
1254,Honda Brio S MT,Ahmedabad,2012,50000,First,19.4,1198.0,86.8,5.0,4.78 Lakh,3.65,4.78,False,True,True,13,0.18814432989690721
1255,Maruti Swift ZDi,Hyderabad,2016,55746,First,22.9,1248.0,74.0,5.0,4.78 Lakh,6.95,4.78,False,False,True,9,0.30349344978165943
1256,Hyundai Xcent 1.2 VTVT S,Bangalore,2014,54000,First,20.14,1197.0,81.86,5.0,7.85 Lakh,5.5,7.85,False,True,True,11,0.2730883813306852
1257,Mahindra XUV500 W8 2WD,Kolkata,2013,43000,First,16.0,2179.0,140.0,7.0,4.78 Lakh,7.0,4.78,False,False,True,12,0.4375
1258,Mercedes-Benz E-Class E250 CDI Avantgrade,Delhi,2014,40000,First,13.0,2143.0,201.1,5.0,4.78 Lakh,24.0,4.78,False,False,False,11,1.8461538461538463
1259,Land Rover Freelander 2 TD4 S,Bangalore,2010,125000,Second,0.0,2179.0,115.0,5.0,4.78 Lakh,11.0,4.78,False,False,False,15,
1260,Mercedes-Benz New C-Class C 220 CDI Avantgarde,Bangalore,2016,51944,First,19.27,2143.0,170.0,5.0,4.78 Lakh,32.5,4.78,False,False,False,9,1.6865594187856772
1261,Hyundai i20 Asta 1.4 CRDi,Kochi,2015,46950,First,21.27,1396.0,88.76,5.0,4.78 Lakh,6.45,4.78,False,False,True,10,0.30324400564174897
1262,Skoda Octavia Elegance 2.0 TDI AT,Mumbai,2015,23000,First,19.3,1968.0,141.0,5.0,4.78 Lakh,15.75,4.78,False,False,False,10,0.8160621761658031
1263,Honda City 1.5 S MT,Mumbai,2014,54546,First,17.0,1497.0,118.0,5.0,4.78 Lakh,5.5,4.78,False,True,True,11,0.3235294117647059
1264,Toyota Fortuner 4x2 AT,Kochi,2015,51535,First,12.55,2982.0,168.5,7.0,4.78 Lakh,19.03,4.78,False,False,False,10,1.5163346613545816
1265,Audi Q3 2.0 TDI Quattro,Kolkata,2013,45000,First,17.32,1968.0,184.0,5.0,4.78 Lakh,15.25,4.78,False,False,False,12,0.8804849884526559
1266,Maruti Alto K10 2010-2014 VXI,Hyderabad,2012,46004,First,20.92,998.0,67.1,5.0,4.78 Lakh,2.4,4.78,False,True,True,13,0.11472275334608029
1267,Tata Indigo eCS LX BSIV,Chennai,2011,124000,First,23.03,1396.0,69.0,5.0,4.78 Lakh,2.3,4.78,False,False,True,14,0.09986973512809377
1268,Audi A4 2.0 TDI 177 Bhp Premium Plus,Kochi,2014,77395,First,17.11,1968.0,174.33,5.0,4.78 Lakh,14.35,4.78,False,False,False,11,0.8386908240794857
1270,Honda City i-VTEC CVT VX,Kochi,2018,22974,First,18.0,1497.0,117.3,5.0,15.55 Lakh,11.97,15.55,False,True,False,7,0.665
1272,Toyota Fortuner 2.8 2WD MT,Ahmedabad,2015,65012,First,14.24,2755.0,174.5,7.0,32.45 Lakh,18.9,32.45,False,False,True,10,1.3272471910112358
1273,Hyundai Grand i10 Sportz,Ahmedabad,2017,17125,First,18.9,1197.0,82.0,5.0,4.78 Lakh,5.4,4.78,False,True,True,8,0.28571428571428575
1274,Maruti Eeco 7 Seater Standard,Hyderabad,2015,90413,First,15.1,1196.0,73.0,7.0,4.83 Lakh,2.95,4.83,False,True,True,10,0.19536423841059605
1275,Volkswagen Polo Petrol Highline 1.2L,Bangalore,2013,37000,First,16.47,1198.0,73.9,5.0,4.78 Lakh,5.1,4.78,False,True,True,12,0.30965391621129323
1276,Maruti Wagon R LXI Minor,Jaipur,2006,65000,First,18.9,1061.0,67.0,5.0,4.78 Lakh,1.5,4.78,False,True,True,19,0.07936507936507937
1277,Honda City 1.5 V MT,Bangalore,2011,66000,First,17.0,1497.0,118.0,5.0,4.78 Lakh,4.9,4.78,False,True,True,14,0.2882352941176471
1278,Honda Civic 2010-2013 1.8 S MT,Mumbai,2010,86000,First,14.8,1799.0,130.2,5.0,4.78 Lakh,2.9,4.78,False,True,True,15,0.19594594594594594
1279,Honda City 1.5 EXI,Pune,2005,98437,First,13.0,1493.0,100.0,5.0,4.78 Lakh,1.15,4.78,False,True,True,20,0.08846153846153845
1280,Hyundai i20 1.2 Magna,Kolkata,2010,18000,First,18.5,1197.0,80.0,5.0,4.78 Lakh,2.3,4.78,False,True,True,15,0.12432432432432432
1281,Hyundai Grand i10 CRDi Sportz Celebration Edition,Kochi,2018,35070,First,24.0,1120.0,70.0,5.0,4.78 Lakh,5.99,4.78,False,False,True,7,0.24958333333333335
1282,Volkswagen Vento Petrol Highline AT,Pune,2011,42000,Third,14.4,1598.0,103.6,5.0,4.78 Lakh,3.4,4.78,False,True,False,14,0.2361111111111111
1283,Hyundai i10 Sportz 1.2,Kolkata,2009,40000,First,20.36,1197.0,78.9,5.0,4.78 Lakh,1.7,4.78,False,True,True,16,0.08349705304518663
1284,Hyundai i20 Asta,Kolkata,2009,43000,First,17.0,1197.0,80.0,5.0,4.78 Lakh,1.99,4.78,False,True,True,16,0.11705882352941177
1285,Chevrolet Beat LS,Pune,2012,65000,First,18.6,1199.0,79.4,5.0,4.78 Lakh,2.5,4.78,False,True,True,13,0.13440860215053763
1286,Volkswagen Polo Diesel Highline 1.2L,Hyderabad,2013,74000,First,22.07,1199.0,73.9,5.0,4.78 Lakh,4.85,4.78,False,False,True,12,0.21975532396918893
1287,Ford Figo Petrol LXI,Hyderabad,2010,51192,First,15.6,1196.0,70.0,5.0,4.78 Lakh,2.65,4.78,False,True,True,15,0.16987179487179488
1288,Audi TT 2.0 TFSI,Kochi,2014,14262,First,9.9,1984.0,207.8,2.0,4.78 Lakh,27.35,4.78,False,True,False,11,2.7626262626262625
1289,Honda City i DTEC VX,Jaipur,2015,66339,Second,25.1,1498.0,98.6,5.0,4.78 Lakh,6.9,4.78,False,False,True,10,0.2749003984063745
1290,Ford Figo Diesel Titanium,Hyderabad,2013,90200,First,20.0,1399.0,68.05,5.0,4.78 Lakh,3.5,4.78,False,False,True,12,0.175
1291,Toyota Innova 2.5 ZX Diesel 7 Seater,Delhi,2015,57854,First,12.99,2494.0,100.6,7.0,4.78 Lakh,12.5,4.78,False,False,True,10,0.962278675904542
1292,Maruti Ciaz 1.4 AT Alpha,Delhi,2017,32000,First,19.12,1373.0,91.1,5.0,4.78 Lakh,9.2,4.78,False,True,False,8,0.48117154811715473
1293,Hyundai Grand i10 AT Asta,Mumbai,2015,29631,First,18.9,1197.0,82.0,5.0,4.78 Lakh,4.9,4.78,False,True,False,10,0.2592592592592593
1294,Honda City 1.3 DX,Delhi,2009,55005,First,12.8,1197.0,74.0,5.0,4.78 Lakh,3.2,4.78,False,True,True,16,0.25
1295,Ford EcoSport 1.0 Ecoboost Titanium Plus BE,Kochi,2014,54173,First,18.88,999.0,123.24,5.0,4.78 Lakh,5.55,4.78,False,True,True,11,0.2939618644067797
1296,Skoda Octavia Ambition 1.8 TSI AT,Ahmedabad,2014,50000,First,14.7,1798.0,177.6,5.0,4.78 Lakh,13.5,4.78,False,True,False,11,0.9183673469387755
1297,Fiat Linea Emotion (Diesel),Kolkata,2010,145000,First,20.4,1248.0,91.7,5.0,4.78 Lakh,2.6,4.78,False,False,True,15,0.12745098039215688
1298,Maruti Swift Lxi BSIII,Jaipur,2015,78000,First,16.1,1298.0,88.2,5.0,4.78 Lakh,4.5,4.78,False,True,True,10,0.2795031055900621
1299,Land Rover Discovery 4 TDV6 SE,Delhi,2013,65000,Second,11.8,2993.0,180.0,7.0,4.78 Lakh,34.0,4.78,False,False,False,12,2.8813559322033897
1300,Toyota Innova 2.5 V Diesel 7-seater,Hyderabad,2012,120000,First,12.8,2494.0,102.0,7.0,4.78 Lakh,12.0,4.78,False,False,True,13,0.9375
1301,Maruti Swift LDI,Mumbai,2015,14000,First,28.4,1248.0,74.0,5.0,7.13 Lakh,5.25,7.13,False,False,True,10,0.18485915492957747
1302,Audi A6 2011-2015 2.0 TDI Premium Plus,Kochi,2014,57456,First,17.68,1968.0,174.33,5.0,4.78 Lakh,21.56,4.78,False,False,False,11,1.2194570135746605
1303,BMW 5 Series 520d Luxury Line,Coimbatore,2012,44450,First,22.48,1995.0,190.0,5.0,71.82 Lakh,24.68,71.82,False,False,False,13,1.097864768683274
1304,Hyundai i20 Magna Optional 1.2,Delhi,2013,63777,First,18.5,1197.0,82.9,5.0,4.78 Lakh,3.67,4.78,False,True,True,12,0.19837837837837838
1305,BMW X1 M Sport sDrive 20d,Mumbai,2016,31000,First,17.05,1995.0,190.0,5.0,50.97 Lakh,29.5,50.97,False,False,False,9,1.7302052785923754
1306,Toyota Etios G,Delhi,2012,60000,First,17.6,1496.0,88.73,5.0,4.78 Lakh,3.1,4.78,False,True,True,13,0.17613636363636362
1307,Tata Indigo LX,Ahmedabad,2015,78008,First,17.0,1405.0,70.0,5.0,4.78 Lakh,2.9,4.78,False,False,True,10,0.17058823529411765
1308,Mercedes-Benz M-Class ML 350 4Matic,Bangalore,2014,33000,Second,0.0,2987.0,165.0,5.0,4.78 Lakh,43.0,4.78,False,False,False,11,
1309,Volkswagen Beetle 2.0,Mumbai,2009,27078,First,10.98,1984.0,114.4,4.0,4.78 Lakh,15.95,4.78,False,True,False,16,1.4526411657559197
1310,Volkswagen Polo GT TDI,Hyderabad,2011,57275,First,19.7,1598.0,103.6,5.0,4.78 Lakh,4.5,4.78,False,False,True,14,0.2284263959390863
1311,Hyundai Grand i10 CRDi Magna,Delhi,2014,45000,First,24.0,1120.0,70.0,5.0,4.78 Lakh,3.49,4.78,False,False,True,11,0.14541666666666667
1312,Maruti Swift VDI BSIV,Delhi,2014,57319,First,25.2,1248.0,74.0,5.0,4.78 Lakh,4.25,4.78,False,False,True,11,0.16865079365079366
1313,Hyundai Verna CRDi 1.4 E,Chennai,2008,121097,Second,24.0,1396.0,88.76,5.0,10.73 Lakh,1.9,10.73,False,False,True,17,0.07916666666666666
1314,BMW 5 Series 2003-2012 525d,Mumbai,2011,89000,First,16.73,1995.0,218.0,5.0,4.78 Lakh,16.57,4.78,False,False,False,14,0.990436341900777
1315,Honda City 1.5 S MT,Bangalore,2012,72000,First,17.0,1497.0,118.0,5.0,4.78 Lakh,5.75,4.78,False,True,True,13,0.3382352941176471
1316,Audi A4 2.0 TDI,Delhi,2013,36000,Second,16.55,1968.0,147.51,5.0,4.78 Lakh,14.0,4.78,False,False,False,12,0.8459214501510574
1317,Fiat Linea Classic Plus 1.3 Multijet,Jaipur,2013,86000,Second,19.5,1248.0,75.0,5.0,9.5 Lakh,2.5,9.5,False,False,True,12,0.1282051282051282
1318,Honda City 1.3 EXI,Ahmedabad,2002,85000,First,13.0,1343.0,90.0,5.0,4.78 Lakh,1.2,4.78,False,True,True,23,0.0923076923076923
1320,BMW 3 Series 320d Luxury Line,Kochi,2013,37613,First,22.69,1995.0,190.0,5.0,52.46 Lakh,13.95,52.46,False,False,False,12,0.6148082855883649
1321,Ford Fiesta 1.4 Duratec EXI,Chennai,2007,100000,First,16.6,1388.0,68.0,5.0,4.78 Lakh,1.6,4.78,False,True,True,18,0.09638554216867469
1322,Tata Nano XTA,Coimbatore,2016,5240,First,21.9,624.0,37.48,4.0,4.78 Lakh,3.6,4.78,False,True,False,9,0.16438356164383564
1324,Maruti Ignis 1.2 Delta,Coimbatore,2019,16862,First,20.89,1197.0,81.8,5.0,6.07 Lakh,6.06,6.07,False,True,True,6,0.2900909526089038
1325,Maruti Swift Dzire ZXi,Coimbatore,2013,59254,Second,17.5,1298.0,85.8,5.0,4.78 Lakh,5.29,4.78,False,True,True,12,0.30228571428571427
1326,Ford Ecosport 1.5 DV5 MT Titanium,Jaipur,2014,60000,First,22.7,1498.0,89.84,5.0,4.78 Lakh,5.75,4.78,False,False,True,11,0.2533039647577093
1327,Maruti Swift 1.3 ZXI,Hyderabad,2015,50295,First,16.1,1197.0,74.0,5.0,4.78 Lakh,5.8,4.78,False,True,True,10,0.3602484472049689
1328,Maruti Swift Dzire VXI,Coimbatore,2014,47674,First,19.1,1197.0,85.8,5.0,4.78 Lakh,5.72,4.78,False,True,True,11,0.29947643979057587
1329,Hyundai i10 Sportz AT,Kochi,2014,61517,First,16.95,1197.0,78.9,5.0,4.78 Lakh,4.39,4.78,False,True,False,11,0.25899705014749264
1330,Mahindra XUV500 W6 2WD,Coimbatore,2016,62946,First,15.1,2179.0,140.0,7.0,4.78 Lakh,11.05,4.78,False,False,True,9,0.7317880794701987
1331,Hyundai i20 Magna 1.4 CRDi,Delhi,2015,66823,Second,22.54,1396.0,88.73,5.0,4.78 Lakh,4.83,4.78,False,False,True,10,0.2142857142857143
1333,Hyundai i20 Asta 1.4 CRDi,Chennai,2012,107000,Second,21.27,1396.0,88.76,5.0,4.78 Lakh,4.5,4.78,False,False,True,13,0.21156558533145275
1334,BMW 7 Series 730Ld,Mumbai,2011,55000,Second,16.46,2993.0,258.0,5.0,4.78 Lakh,19.5,4.78,False,False,False,14,1.1846901579586877
1335,Skoda Rapid 1.6 MPI AT Style Plus,Mumbai,2017,24000,First,14.3,1598.0,103.52,5.0,4.78 Lakh,8.75,4.78,False,True,False,8,0.6118881118881119
1336,Audi Q7 45 TDI Quattro Technology,Mumbai,2016,20002,First,14.75,2967.0,245.0,7.0,1.04 Cr,67.0,1.04,False,False,False,9,4.5423728813559325
1337,Honda City i VTEC VX,Kochi,2016,54317,First,17.4,1497.0,117.3,5.0,4.78 Lakh,8.4,4.78,False,True,True,9,0.48275862068965525
1338,Hyundai Xcent 1.2 Kappa SX,Mumbai,2016,10200,First,19.1,1197.0,82.0,5.0,4.78 Lakh,4.99,4.78,False,True,True,9,0.2612565445026178
1339,Honda City i DTec E,Coimbatore,2016,24337,First,26.0,1498.0,98.6,5.0,4.78 Lakh,8.18,4.78,False,False,True,9,0.31461538461538463
1340,Honda Brio S Option MT,Pune,2012,79000,First,18.4,1198.0,86.8,5.0,4.78 Lakh,2.9,4.78,False,True,True,13,0.15760869565217392
1341,Maruti Ciaz ZDi Plus SHVS,Jaipur,2015,40500,First,28.09,1248.0,88.5,5.0,4.78 Lakh,7.1,4.78,False,False,True,10,0.25275898896404414
1342,Maruti Swift Dzire VDI Optional,Pune,2016,23000,First,26.59,1248.0,74.0,5.0,4.78 Lakh,7.05,4.78,False,False,True,9,0.2651372696502444
1343,Honda CR-V 2.4L 4WD AT,Pune,2015,63050,First,11.1,2354.0,158.8,5.0,4.78 Lakh,17.5,4.78,False,True,False,10,1.5765765765765767
1344,Toyota Corolla Altis 2008-2013 1.8 VL AT,Mumbai,2008,78000,Second,14.53,1794.0,138.1,5.0,4.78 Lakh,3.41,4.78,False,True,False,17,0.23468685478320717
1346,Honda City 1.5 V MT,Coimbatore,2012,66245,First,17.0,1497.0,118.0,5.0,4.78 Lakh,5.68,4.78,False,True,True,13,0.3341176470588235
1347,Mahindra Scorpio LX BS IV,Bangalore,2007,74112,First,12.05,2179.0,120.0,9.0,4.78 Lakh,4.1,4.78,False,False,True,18,0.3402489626556016
1348,Skoda Laura 1.8 TSI Ambiente,Delhi,2011,87670,First,13.4,1798.0,157.8,5.0,4.78 Lakh,4.0,4.78,False,True,True,14,0.29850746268656714
1349,BMW 3 Series 320d Sport Line,Hyderabad,2015,10000,First,18.88,1995.0,184.0,5.0,4.78 Lakh,30.0,4.78,False,False,False,10,1.5889830508474576
1350,Maruti SX4 Zxi BSIII,Chennai,2007,62493,First,15.0,1586.0,104.68,5.0,4.78 Lakh,1.8,4.78,False,True,True,18,0.12000000000000001
1351,Maruti Ciaz VXi Plus,Kochi,2015,44620,First,20.73,1373.0,91.1,5.0,4.78 Lakh,6.93,4.78,False,True,True,10,0.3342981186685962
1352,Land Rover Range Rover 3.6 TDV8 Vogue SE Diesel,Bangalore,2012,66538,First,10.2,4367.0,308.0,7.0,4.78 Lakh,70.0,4.78,False,False,False,13,6.862745098039216
1353,Toyota Innova 2.5 G (Diesel) 7 Seater BS IV,Ahmedabad,2013,60000,First,12.99,2494.0,100.0,7.0,4.78 Lakh,7.9,4.78,False,False,True,12,0.6081601231716706
1354,Hyundai Santro Xing GL,Kochi,2011,20842,First,0.0,1086.0,62.0,5.0,4.78 Lakh,2.78,4.78,False,True,True,14,
1355,Hyundai Santa Fe 4WD AT,Chennai,2014,110000,First,13.01,2199.0,194.3,7.0,4.78 Lakh,14.4,4.78,False,False,False,11,1.1068408916218293
1356,Mercedes-Benz New C-Class C250 Avantgarde,Mumbai,2011,45000,Second,11.74,1796.0,186.0,5.0,4.78 Lakh,13.5,4.78,False,True,False,14,1.149914821124361
1358,Maruti Alto LXi,Coimbatore,2012,49008,First,19.7,796.0,46.3,5.0,4.78 Lakh,2.88,4.78,False,True,True,13,0.14619289340101524
1359,Maruti Alto 800 2016-2019 LXI,Kolkata,2016,31000,First,24.7,796.0,47.3,5.0,4.78 Lakh,2.15,4.78,False,True,True,9,0.08704453441295547
1360,Nissan Sunny 2011-2014 XV,Pune,2013,8000,First,16.95,1498.0,97.7,5.0,4.78 Lakh,3.75,4.78,False,True,True,12,0.22123893805309736
1361,Maruti Alto 800 2016-2019 VXI,Mumbai,2019,171,First,24.7,796.0,47.3,5.0,4.78 Lakh,3.6,4.78,False,True,True,6,0.14574898785425103
1362,Maruti Alto K10 VXI,Kolkata,2018,2100,First,24.07,998.0,67.1,5.0,4.33 Lakh,3.6,4.33,False,True,True,7,0.14956377233070212
1363,Hyundai Grand i10 1.2 Kappa Sportz AT,Coimbatore,2018,20667,First,18.9,1197.0,81.86,5.0,8.63 Lakh,7.55,8.63,False,True,False,7,0.3994708994708995
1364,Honda Mobilio S i DTEC,Kolkata,2015,50000,First,24.2,1498.0,98.6,7.0,4.78 Lakh,4.7,4.78,False,False,True,10,0.19421487603305787
1365,Tata Manza Aqua Quadrajet,Jaipur,2010,100030,Second,18.8,1248.0,90.0,5.0,4.78 Lakh,1.6,4.78,False,False,True,15,0.0851063829787234
1366,Chevrolet Optra Magnum 2.0 LT,Pune,2011,75372,First,16.52,1991.0,123.7,5.0,4.78 Lakh,3.34,4.78,False,False,True,14,0.20217917675544794
1367,Honda City i VTEC CVT VX,Kochi,2016,60475,First,18.0,1497.0,117.3,5.0,4.78 Lakh,9.1,4.78,False,True,False,9,0.5055555555555555
1368,Hyundai Grand i10 1.2 Kappa Sportz,Kochi,2019,18453,First,18.9,1197.0,81.86,5.0,6.68 Lakh,6.17,6.68,False,True,True,6,0.3264550264550265
1369,Hyundai Verna CRDi 1.6 SX,Hyderabad,2008,96578,First,22.0,1582.0,126.2,5.0,14.07 Lakh,2.5,14.07,False,False,True,17,0.11363636363636363
1370,Nissan Micra XL,Kolkata,2016,31001,First,18.44,1198.0,75.0,5.0,4.78 Lakh,3.0,4.78,False,True,True,9,0.16268980477223427
1371,Hyundai Verna 1.6 SX,Jaipur,2012,65900,First,22.32,1582.0,126.32,5.0,4.78 Lakh,5.75,4.78,False,False,True,13,0.2576164874551971
1372,Hyundai Creta 1.6 VTVT E Plus,Bangalore,2017,26246,First,15.29,1591.0,121.3,5.0,4.78 Lakh,10.75,4.78,False,True,True,8,0.7030739045127534
1373,Maruti Wagon R VXI BS IV,Jaipur,2013,62700,Second,20.51,998.0,67.04,5.0,4.78 Lakh,2.85,4.78,False,True,True,12,0.13895660653339834
1374,Honda Accord 2.4 Elegance A/T,Chennai,2008,90000,First,10.2,2354.0,180.0,5.0,4.78 Lakh,6.5,4.78,False,True,False,17,0.6372549019607844
1375,Honda City 1.5 S AT,Bangalore,2016,36000,First,16.8,1497.0,118.0,5.0,4.78 Lakh,9.45,4.78,False,True,False,9,0.5624999999999999
1376,Maruti Baleno Alpha 1.3,Delhi,2016,46000,First,27.39,1248.0,74.0,5.0,4.78 Lakh,6.75,4.78,False,False,True,9,0.24644030668127054
1377,Honda City i DTec V,Coimbatore,2017,73003,First,26.0,1498.0,98.6,5.0,4.78 Lakh,7.75,4.78,False,False,True,8,0.2980769230769231
1378,Hyundai i20 Era 1.4 CRDi,Kochi,2014,46566,First,22.54,1396.0,88.76,5.0,4.78 Lakh,4.4,4.78,False,False,True,11,0.19520851818988466
1379,Mercedes-Benz E-Class 2015-2017 E350 Edition E,Jaipur,2015,41493,First,13.0,2987.0,265.0,5.0,4.78 Lakh,42.0,4.78,False,False,False,10,3.230769230769231
1380,Nissan Terrano XV 110 PS,Kochi,2014,103788,First,19.01,1461.0,108.5,5.0,4.78 Lakh,5.67,4.78,False,False,True,11,0.29826407154129403
1381,Renault Duster 110PS Diesel RxZ AMT,Bangalore,2016,45000,First,19.6,1461.0,108.45,5.0,15.05 Lakh,11.5,15.05,False,False,False,9,0.586734693877551
1382,Maruti Wagon R LXI Minor,Pune,2009,120000,First,18.9,998.0,67.1,5.0,4.78 Lakh,1.69,4.78,False,True,True,16,0.08941798941798942
1383,Hyundai Getz 1.5 CRDi GVS,Jaipur,2009,97359,Second,17.1,1493.0,110.0,5.0,4.78 Lakh,1.8,4.78,False,False,True,16,0.10526315789473684
1384,Maruti Ritz LXi,Mumbai,2016,62000,First,18.5,1197.0,85.8,5.0,4.78 Lakh,3.2,4.78,False,True,True,9,0.17297297297297298
1385,Honda City 1.5 GXI,Pune,2004,115000,Second,0.0,1197.0,74.0,5.0,4.78 Lakh,1.5,4.78,False,True,True,21,
1386,BMW 5 Series 520d Sport Line,Kochi,2019,18373,First,22.48,1995.0,187.74,5.0,4.78 Lakh,45.86,4.78,False,False,False,6,2.040035587188612
1387,Volkswagen Polo 1.2 MPI Highline,Hyderabad,2016,60453,First,16.47,1198.0,74.0,5.0,4.78 Lakh,5.1,4.78,False,True,True,9,0.30965391621129323
1389,Ford Figo Petrol ZXI,Mumbai,2010,69009,Second,15.6,1196.0,70.0,5.0,4.78 Lakh,2.4,4.78,False,True,True,15,0.15384615384615385
1390,BMW 3 Series 320d Luxury Line,Hyderabad,2013,30000,First,18.88,1995.0,184.0,5.0,4.78 Lakh,22.0,4.78,False,False,False,12,1.1652542372881356
1391,Hyundai Verna 1.6 SX CRDi (O),Delhi,2012,70707,First,22.32,1582.0,126.32,5.0,4.78 Lakh,4.28,4.78,False,False,True,13,0.1917562724014337
1392,Renault Duster 85PS Diesel RxL,Coimbatore,2015,64677,First,20.45,1461.0,83.8,5.0,4.78 Lakh,5.67,4.78,False,False,True,10,0.27726161369193153
1393,Hyundai Grand i10 1.2 Kappa Magna AT,Bangalore,2018,3000,First,18.9,1197.0,81.86,5.0,7.98 Lakh,6.2,7.98,False,True,False,7,0.3280423280423281
1394,BMW X1 sDrive20d,Bangalore,2013,49000,Second,17.05,1995.0,184.0,5.0,4.78 Lakh,14.49,4.78,False,False,False,12,0.8498533724340176
1395,Maruti Ritz VDi,Pune,2010,71000,First,21.1,1248.0,73.9,5.0,4.78 Lakh,3.0,4.78,False,False,True,15,0.14218009478672985
1396,Hyundai i10 Era 1.1 iTech SE,Jaipur,2010,52000,Second,19.81,1086.0,68.05,5.0,4.78 Lakh,2.25,4.78,False,True,True,15,0.11357900050479557
1397,BMW X5 2014-2019 xDrive 30d Design Pure Experience 7 Seater,Kochi,2016,35659,First,15.97,2993.0,258.0,7.0,4.78 Lakh,43.78,4.78,False,False,False,9,2.741390106449593
1398,Honda City V MT Exclusive,Kochi,2019,5377,First,16.8,1497.0,116.3,5.0,4.78 Lakh,11.45,4.78,False,True,True,6,0.681547619047619
1399,Mahindra Ssangyong Rexton RX7,Delhi,2014,65000,First,11.18,2696.0,184.0,7.0,4.78 Lakh,10.5,4.78,False,False,False,11,0.9391771019677997
1400,Ford Ecosport 1.5 DV5 MT Titanium Optional,Coimbatore,2015,92708,First,22.7,1498.0,89.84,5.0,4.78 Lakh,7.48,4.78,False,False,True,10,0.3295154185022027
1401,Maruti Alto LXi,Coimbatore,2010,48105,First,19.7,796.0,46.3,5.0,4.78 Lakh,3.1,4.78,False,True,True,15,0.15736040609137056
1402,Volkswagen Polo 1.2 MPI Highline,Mumbai,2011,46759,First,16.47,1198.0,74.0,5.0,4.78 Lakh,2.55,4.78,False,True,True,14,0.15482695810564662
1403,Volkswagen Polo Diesel Comfortline 1.2L,Jaipur,2013,62000,First,22.07,1199.0,73.9,5.0,4.78 Lakh,3.5,4.78,False,False,True,12,0.158586316266425
1404,Volkswagen Polo Diesel Highline 1.2L,Kolkata,2012,35175,First,22.07,1199.0,73.9,5.0,4.78 Lakh,2.59,4.78,False,False,True,13,0.1173538740371545
1405,Maruti Ertiga ZDI,Kolkata,2013,70000,First,20.77,1248.0,88.8,7.0,4.78 Lakh,5.45,4.78,False,False,True,12,0.26239768897448246
1406,Ford EcoSport 1.5 TDCi Ambiente,Kolkata,2017,30000,First,22.77,1498.0,98.59,5.0,4.78 Lakh,6.0,4.78,False,False,True,8,0.2635046113306983
1407,Toyota Innova Crysta 2.8 ZX AT,Kolkata,2016,66618,First,11.36,2755.0,171.5,7.0,24.82 Lakh,15.49,24.82,False,False,False,9,1.363556338028169
1408,BMW 5 Series 523i Sedan,Mumbai,2010,69300,Second,10.8,2497.0,150.0,5.0,4.78 Lakh,12.5,4.78,False,True,False,15,1.1574074074074074
1409,Maruti Swift Dzire Tour LDI,Kolkata,2017,148000,First,23.4,1248.0,74.0,5.0,4.78 Lakh,4.75,4.78,False,False,True,8,0.202991452991453
1410,Ford Ecosport 1.0 Ecoboost Platinum Edition,Mumbai,2017,22000,First,18.88,999.0,123.24,5.0,4.78 Lakh,7.85,4.78,False,True,True,8,0.4157838983050848
1411,Hyundai Verna CRDi SX,Ahmedabad,2013,75000,First,16.8,1493.0,110.0,5.0,4.78 Lakh,6.0,4.78,False,False,True,12,0.35714285714285715
1412,Tata Zest Revotron 1.2T XM,Mumbai,2016,43706,First,17.57,1193.0,88.7,5.0,7.63 Lakh,4.0,7.63,False,True,True,9,0.22766078542970972
1413,Audi A7 2011-2015 3.0 TDI Quattro,Mumbai,2011,42000,First,14.4,2967.0,241.4,5.0,4.78 Lakh,28.75,4.78,False,False,False,14,1.9965277777777777
1414,Tata Indica Vista Quadrajet VX,Pune,2012,65000,First,22.3,1248.0,74.0,5.0,4.78 Lakh,2.5,4.78,False,False,True,13,0.11210762331838564
1415,Maruti Swift Dzire VDI,Delhi,2015,76128,First,26.59,1248.0,74.0,5.0,4.78 Lakh,5.5,4.78,False,False,True,10,0.20684467845054533
1416,Fiat Linea Emotion,Kolkata,2010,39852,First,16.0,1368.0,90.0,5.0,4.78 Lakh,1.59,4.78,False,True,True,15,0.099375
1417,Hyundai i20 1.2 Spotz,Mumbai,2017,18673,First,18.6,1197.0,81.83,5.0,4.78 Lakh,6.22,4.78,False,True,True,8,0.3344086021505376
1418,Hyundai EON Era Plus,Kolkata,2016,11583,First,21.1,814.0,55.2,5.0,4.78 Lakh,2.75,4.78,False,True,True,9,0.13033175355450236
1420,Mercedes-Benz GLA Class 200 CDI SPORT,Pune,2017,50000,First,17.9,2143.0,136.0,5.0,4.78 Lakh,25.0,4.78,False,False,False,8,1.3966480446927376
1421,Maruti Celerio VXI,Delhi,2014,77000,First,23.1,998.0,67.04,5.0,4.78 Lakh,2.8,4.78,False,True,True,11,0.1212121212121212
1422,Chevrolet Beat LT,Mumbai,2014,54890,Second,17.8,1199.0,76.8,5.0,4.78 Lakh,2.45,4.78,False,True,True,11,0.13764044943820225
1423,Honda Jazz 1.2 V AT i VTEC Privilege,Pune,2016,21000,First,19.0,1199.0,88.7,5.0,4.78 Lakh,6.35,4.78,False,True,False,9,0.33421052631578946
1424,BMW 3 Series 320d Highline,Mumbai,2009,58557,Third,16.07,1995.0,181.0,5.0,4.78 Lakh,8.0,4.78,False,False,False,16,0.49782202862476665
1425,Renault Duster 110PS Diesel RxL,Bangalore,2014,70000,First,19.01,1461.0,108.45,5.0,4.78 Lakh,8.25,4.78,False,False,True,11,0.433982114676486
1426,Ford Figo 2015-2019 1.5P Titanium AT,Mumbai,2017,16000,First,17.01,1499.0,110.4,5.0,4.78 Lakh,5.95,4.78,False,True,False,8,0.34979423868312753
1427,Toyota Innova Crysta 2.4 VX MT,Kochi,2018,8899,First,13.68,2393.0,147.8,7.0,22.86 Lakh,19.92,22.86,False,False,True,7,1.456140350877193
1428,Chevrolet Beat Diesel LS,Kochi,2016,83629,First,25.44,936.0,56.3,5.0,4.78 Lakh,3.15,4.78,False,False,True,9,0.12382075471698112
1429,Volkswagen Polo GTI,Chennai,2014,35059,First,17.21,1798.0,189.0,4.0,4.78 Lakh,5.75,4.78,False,True,False,11,0.33410807669959325
1430,Ford Endeavour 3.2 Trend AT 4X4,Kochi,2018,30552,First,10.91,3198.0,197.2,7.0,4.78 Lakh,32.44,4.78,False,False,False,7,2.9734188817598532
1431,Hyundai Verna 1.6 SX CRDI (O) AT,Kochi,2016,44875,Second,22.32,1582.0,126.32,5.0,4.78 Lakh,8.01,4.78,False,False,False,9,0.35887096774193544
1432,Ford Figo 2015-2019 1.2P Titanium Opt MT,Coimbatore,2017,25095,First,18.16,1196.0,86.8,5.0,4.78 Lakh,6.48,4.78,False,True,True,8,0.3568281938325991
1433,Maruti 800 AC,Jaipur,2007,59000,First,16.1,796.0,37.0,4.0,4.78 Lakh,0.75,4.78,False,True,True,18,0.046583850931677016
1434,Honda City i DTEC V,Kolkata,2014,36000,First,26.0,1498.0,98.6,5.0,4.78 Lakh,5.0,4.78,False,False,True,11,0.19230769230769232
1435,Mahindra XUV500 W8 2WD,Mumbai,2012,37000,First,16.0,2179.0,140.0,7.0,4.78 Lakh,7.75,4.78,False,False,True,13,0.484375
1436,Ford Figo Diesel ZXI,Chennai,2010,90000,First,20.0,1399.0,68.0,5.0,4.78 Lakh,2.6,4.78,False,False,True,15,0.13
1437,Ford EcoSport 1.5 Petrol Titanium,Pune,2018,17000,First,17.0,1497.0,121.36,5.0,11.06 Lakh,9.2,11.06,False,True,True,7,0.5411764705882353
1438,Hyundai i20 Asta 1.2,Mumbai,2015,42575,First,18.6,1197.0,81.83,5.0,4.78 Lakh,5.05,4.78,False,True,True,10,0.271505376344086
1439,Toyota Innova 2.5 G (Diesel) 7 Seater BS IV,Hyderabad,2012,131000,First,12.99,2494.0,100.0,7.0,4.78 Lakh,9.6,4.78,False,False,True,13,0.7390300230946882
1440,Renault Duster 85PS Diesel RxL Optional,Mumbai,2013,74000,First,20.46,1461.0,83.8,5.0,4.78 Lakh,5.5,4.78,False,False,True,12,0.26881720430107525
1441,Toyota Innova 2.5 VX (Diesel) 8 Seater,Mumbai,2013,47234,First,12.99,2494.0,100.6,8.0,4.78 Lakh,9.35,4.78,False,False,True,12,0.7197844495765974
1442,Honda City 1.5 S MT,Delhi,2009,231673,First,17.0,1497.0,118.0,5.0,4.78 Lakh,2.6,4.78,False,True,True,16,0.15294117647058825
1443,Maruti Alto K10 VXI,Hyderabad,2016,10000,First,24.07,998.0,67.1,5.0,4.53 Lakh,3.5,4.53,False,True,True,9,0.14540922309929372
1444,Nissan Micra Active XL Petrol,Kochi,2016,49389,First,19.49,1198.0,67.04,5.0,4.78 Lakh,4.26,4.78,False,True,True,9,0.2185736275012827
1445,Maruti Celerio VXI AT,Chennai,2016,12000,Second,23.1,998.0,67.04,5.0,4.78 Lakh,4.25,4.78,False,True,False,9,0.18398268398268397
1446,Mercedes-Benz New C-Class 200 Kompressor,Hyderabad,2010,65000,Second,11.7,1796.0,178.0,5.0,4.78 Lakh,11.75,4.78,False,True,True,15,1.0042735042735043
1447,Ford Fiesta Diesel Style,Chennai,2013,177000,First,23.5,1498.0,88.7,5.0,4.78 Lakh,3.5,4.78,False,False,True,12,0.14893617021276595
1448,Hyundai Verna 1.6 VTVT S,Jaipur,2015,89000,First,17.01,1591.0,121.3,5.0,4.78 Lakh,7.5,4.78,False,True,True,10,0.4409171075837742
1449,Hyundai i20 1.4 Asta (AT),Chennai,2009,72000,Third,15.0,1396.0,100.0,5.0,4.78 Lakh,3.25,4.78,False,True,False,16,0.21666666666666667
1450,Maruti Swift Dzire VXi,Chennai,2012,49000,First,17.5,1298.0,85.8,5.0,4.78 Lakh,4.9,4.78,False,True,True,13,0.28
1451,Mercedes-Benz New C-Class C 220CDIBE Avantgarde Command,Hyderabad,2014,51355,First,14.84,2143.0,170.0,5.0,4.78 Lakh,27.0,4.78,False,False,False,11,1.8194070080862534
1452,Hyundai Elite i20 Petrol Asta,Kochi,2017,13460,First,18.6,1197.0,81.86,5.0,4.78 Lakh,8.91,4.78,False,True,True,8,0.4790322580645161
1453,Hyundai Verna 1.6 VTVT EX AT,Kochi,2014,35642,First,17.01,1591.0,121.4,5.0,4.78 Lakh,6.69,4.78,False,True,False,11,0.3932980599647266
1454,Chevrolet Cruze LTZ,Kochi,2014,52895,First,17.3,1998.0,163.7,5.0,4.78 Lakh,6.02,4.78,False,False,True,11,0.3479768786127167
1455,Toyota Corolla Altis 1.8 G,Mumbai,2010,93000,First,14.28,1798.0,138.03,5.0,19.39 Lakh,4.5,19.39,False,True,True,15,0.31512605042016806
1456,Maruti A-Star Vxi,Pune,2011,70000,First,19.0,998.0,66.1,5.0,4.78 Lakh,2.0,4.78,False,True,True,14,0.10526315789473684
1457,Nissan Micra Diesel XV Premium,Kolkata,2012,32048,First,23.08,1461.0,63.1,5.0,4.78 Lakh,2.4,4.78,False,False,True,13,0.10398613518197573
1458,Tata Nano LX,Pune,2013,4700,First,25.4,624.0,37.48,4.0,4.78 Lakh,1.2,4.78,False,True,True,12,0.047244094488188976
1459,Maruti Swift Dzire Tour LDI,Delhi,2014,71800,First,23.4,1248.0,74.0,5.0,4.78 Lakh,2.9,4.78,False,False,True,11,0.12393162393162394
1460,Land Rover Range Rover Sport 2005 2012 Sport,Coimbatore,2008,69078,First,0.0,1197.0,74.0,5.0,4.78 Lakh,40.88,4.78,False,True,True,17,
1461,Audi Q3 2.0 TDI Quattro,Ahmedabad,2016,45000,First,17.32,1968.0,184.0,5.0,4.78 Lakh,27.0,4.78,False,False,False,9,1.5588914549653579
1462,Honda Amaze VX i-DTEC,Chennai,2016,15388,First,25.8,1498.0,98.6,5.0,4.78 Lakh,7.5,4.78,False,False,True,9,0.29069767441860467
1463,Chevrolet Optra 1.6 LS,Mumbai,2004,98798,First,14.7,1599.0,104.0,5.0,4.78 Lakh,1.5,4.78,False,True,True,21,0.10204081632653061
1464,Audi Q5 2.0 TDI Premium Plus,Hyderabad,2016,43000,First,14.16,1968.0,174.3,5.0,4.78 Lakh,39.5,4.78,False,False,False,9,2.7895480225988702
1465,Maruti Ritz VDi,Hyderabad,2012,85112,First,23.2,1248.0,73.94,5.0,4.78 Lakh,3.39,4.78,False,False,True,13,0.14612068965517241
1466,Mahindra Scorpio S6 7 Seater,Kochi,2018,37804,First,15.4,2179.0,120.0,7.0,4.78 Lakh,12.4,4.78,False,False,True,7,0.8051948051948052
1467,Maruti Ciaz ZDi SHVS,Chennai,2014,45000,First,28.09,1248.0,88.5,5.0,4.78 Lakh,6.85,4.78,False,False,True,11,0.24385902456390174
1468,Toyota Corolla Altis Aero D 4D J,Pune,2011,116000,Second,21.43,1364.0,138.0,5.0,4.78 Lakh,5.75,4.78,False,False,True,14,0.26831544563695753
1469,Tata Indica V2 eLS,Chennai,2015,100073,Second,25.0,1396.0,69.0,5.0,4.78 Lakh,2.0,4.78,False,False,True,10,0.08
1470,Maruti 800 Std BSIII,Jaipur,2006,165000,First,16.1,796.0,37.0,4.0,4.78 Lakh,0.9,4.78,False,True,True,19,0.05590062111801242
1471,Volkswagen Polo 1.2 MPI Highline,Kolkata,2015,22000,First,16.47,1198.0,74.0,5.0,4.78 Lakh,3.8,4.78,False,True,True,10,0.230722525804493
1472,Hyundai Elantra 2.0 SX Option AT,Delhi,2017,9500,First,14.62,1999.0,149.92,5.0,21.77 Lakh,16.35,21.77,False,True,False,8,1.1183310533515733
1473,Toyota Fortuner 4x2 4 Speed AT,Hyderabad,2012,152000,First,11.5,2982.0,169.0,7.0,4.78 Lakh,16.5,4.78,False,False,False,13,1.434782608695652
1474,Maruti Baleno Zeta 1.2,Coimbatore,2019,17705,First,21.4,1197.0,83.1,5.0,4.78 Lakh,8.7,4.78,False,True,True,6,0.40654205607476634
1475,Maruti Baleno Zeta 1.2,Mumbai,2016,12000,First,21.4,1197.0,83.1,5.0,4.78 Lakh,6.1,4.78,False,True,True,9,0.2850467289719626
1476,Mini Cooper Countryman D,Hyderabad,2013,51000,First,23.8,1998.0,112.0,5.0,4.78 Lakh,21.94,4.78,False,False,False,12,0.9218487394957984
1477,Mercedes-Benz S Class 2005 2013 320 CDI,Chennai,2009,42000,Second,13.0,2987.0,210.0,5.0,4.78 Lakh,22.0,4.78,False,False,False,16,1.6923076923076923
1478,Maruti Alto K10 LXI,Delhi,2015,51000,First,20.92,998.0,67.1,5.0,4.78 Lakh,2.65,4.78,False,True,True,10,0.12667304015296366
1479,Maruti Swift VXI Optional,Kochi,2017,42527,First,20.4,1197.0,81.8,5.0,4.78 Lakh,5.27,4.78,False,True,True,8,0.2583333333333333
1480,Chevrolet Sail LT ABS,Kolkata,2014,45000,First,22.1,1248.0,74.0,5.0,4.78 Lakh,2.48,4.78,False,False,True,11,0.11221719457013574
1481,Toyota Innova 2.5 G (Diesel) 8 Seater BS IV,Kolkata,2011,70000,First,12.8,2494.0,102.0,8.0,4.78 Lakh,6.0,4.78,False,False,True,14,0.46875
1482,Toyota Fortuner 3.0 Diesel,Mumbai,2009,92000,First,11.5,2982.0,171.0,7.0,4.78 Lakh,8.9,4.78,False,False,True,16,0.773913043478261
1483,BMW 3 Series 320d Sport Line,Hyderabad,2012,57156,Second,18.88,1995.0,184.0,5.0,4.78 Lakh,18.0,4.78,False,False,False,13,0.9533898305084746
1484,Skoda Octavia Ambition 1.4 TSI MT,Coimbatore,2016,53211,First,16.8,1395.0,138.02,5.0,4.78 Lakh,11.64,4.78,False,True,True,9,0.6928571428571428
1485,Toyota Fortuner 3.0 Diesel,Kolkata,2019,80000,First,11.5,2982.0,171.0,7.0,4.78 Lakh,8.99,4.78,False,False,True,6,0.7817391304347826
1486,Volkswagen Jetta 2007-2011 1.9 Highline TDI,Bangalore,2009,74000,First,15.5,1896.0,105.0,5.0,4.78 Lakh,5.25,4.78,False,False,False,16,0.3387096774193548
1487,Hyundai i20 1.4 CRDi Asta,Kolkata,2011,37000,First,23.0,1396.0,90.0,5.0,4.78 Lakh,2.95,4.78,False,False,True,14,0.1282608695652174
1488,Tata Manza Club Class Quadrajet90 LX,Mumbai,2013,64000,Second,21.02,1248.0,88.76,5.0,4.78 Lakh,2.65,4.78,False,False,True,12,0.12607040913415796
1489,Volkswagen Vento Petrol Highline,Pune,2013,57197,First,15.04,1598.0,103.6,5.0,4.78 Lakh,4.0,4.78,False,True,True,12,0.26595744680851063
1490,Hyundai Creta 1.6 SX Automatic Diesel,Chennai,2016,55000,First,17.6,1582.0,126.2,5.0,18.35 Lakh,12.5,18.35,False,False,False,9,0.7102272727272727
1491,Maruti Ritz VXI,Mumbai,2014,33000,First,21.1,1197.0,85.8,5.0,4.78 Lakh,3.25,4.78,False,True,True,11,0.15402843601895733
1492,Honda CR-V 2.0L 2WD MT,Delhi,2008,70000,First,13.1,1997.0,141.1,5.0,4.78 Lakh,4.0,4.78,False,True,True,17,0.3053435114503817
1493,Mahindra XUV500 W8 2WD,Delhi,2012,75000,Second,15.1,2179.0,140.0,7.0,4.78 Lakh,6.25,4.78,False,False,True,13,0.4139072847682119
1494,Volkswagen Ameo 1.5 TDI Comfortline,Jaipur,2016,58095,First,21.66,1498.0,108.62,5.0,9.19 Lakh,5.8,9.19,False,False,True,9,0.2677746999076639
1495,Tata Zest Revotron 1.2 XT,Kolkata,2015,7445,First,17.57,1193.0,88.7,5.0,8.09 Lakh,5.0,8.09,False,True,True,10,0.28457598178713717
1496,Jaguar XJ 3.0L Portfolio LWB,Kochi,2016,17652,First,12.9,2993.0,270.88,5.0,4.78 Lakh,58.73,4.78,False,False,False,9,4.552713178294574
1497,Toyota Corolla Altis 1.8 VL CVT,Kochi,2018,28321,First,14.28,1798.0,138.03,5.0,23.25 Lakh,17.49,23.25,False,True,False,7,1.2247899159663864
1498,Maruti A-Star Vxi,Pune,2011,69000,Second,19.0,998.0,66.1,5.0,4.78 Lakh,1.95,4.78,False,True,True,14,0.10263157894736842
1499,Honda Accord VTi-L (AT),Mumbai,2007,80000,First,11.1,2354.0,142.0,5.0,4.78 Lakh,3.0,4.78,False,True,False,18,0.2702702702702703
1500,Hyundai i20 Asta (o),Delhi,2014,42365,First,17.0,1197.0,80.0,5.0,4.78 Lakh,5.5,4.78,False,True,True,11,0.3235294117647059
1501,Toyota Fortuner 4x2 AT,Delhi,2013,123000,First,12.55,2982.0,168.5,7.0,4.78 Lakh,16.5,4.78,False,False,False,12,1.3147410358565736
1502,Mercedes-Benz New C-Class C 200 CGI Avantgarde,Mumbai,2011,40000,Second,11.74,1796.0,186.0,5.0,4.78 Lakh,14.5,4.78,False,True,False,14,1.2350936967632027
1503,Maruti Baleno Alpha 1.3,Hyderabad,2016,30112,First,27.39,1248.0,74.0,5.0,4.78 Lakh,7.79,4.78,False,False,True,9,0.28441036874771813
1504,Maruti Ertiga VDI,Kochi,2017,43775,First,20.77,1248.0,88.76,7.0,4.78 Lakh,8.27,4.78,False,False,True,8,0.39817043813192105
1505,Land Rover Range Rover Sport SE,Kochi,2019,26013,First,12.65,2993.0,255.0,5.0,1.39 Cr,97.07,1.39,False,False,False,6,7.6735177865612645
1506,Chevrolet Optra Magnum 1.6 LT ABS BS3,Mumbai,2012,56000,First,12.9,1598.0,102.5,5.0,4.78 Lakh,2.15,4.78,False,True,True,13,0.16666666666666666
1507,Honda Civic 2006-2010 1.8 V AT,Hyderabad,2008,95000,Second,12.9,1799.0,130.0,5.0,4.78 Lakh,3.0,4.78,False,True,False,17,0.23255813953488372
1508,BMW X3 xDrive20d,Coimbatore,2014,41089,First,16.09,1995.0,184.0,5.0,4.78 Lakh,28.79,4.78,False,False,False,11,1.7893101305158483
1509,Skoda Laura Ambition 2.0 TDI CR AT,Mumbai,2011,41988,First,20.0,1968.0,138.1,5.0,4.78 Lakh,5.45,4.78,False,False,False,14,0.2725
1510,Maruti Swift Dzire VDI,Delhi,2013,72486,First,23.4,1248.0,74.0,5.0,4.78 Lakh,3.95,4.78,False,False,True,12,0.16880341880341881
1511,Volvo V40 Cross Country D3,Pune,2013,92000,First,23.3,1984.0,150.0,5.0,4.78 Lakh,16.0,4.78,False,False,False,12,0.6866952789699571
1512,Maruti Swift Dzire ZXi,Delhi,2013,40000,First,17.5,1298.0,85.8,5.0,4.78 Lakh,4.25,4.78,False,True,True,12,0.24285714285714285
1513,Land Rover Range Rover 2.2L Pure,Bangalore,2014,56000,First,12.7,2179.0,187.7,5.0,4.78 Lakh,34.5,4.78,False,False,False,11,2.716535433070866
1514,Honda Accord 2.4 AT,Mumbai,2008,125000,Third,11.7,2354.0,177.6,5.0,4.78 Lakh,2.6,4.78,False,True,False,17,0.22222222222222224
1515,Toyota Innova 2.5 G (Diesel) 8 Seater,Kochi,2017,29219,First,12.99,2494.0,100.6,8.0,4.78 Lakh,13.48,4.78,False,False,True,8,1.0377213240954581
1516,Toyota Fortuner 4x4 MT,Hyderabad,2018,39927,First,12.55,2982.0,168.5,7.0,4.78 Lakh,32.1,4.78,False,False,True,7,2.557768924302789
1517,Honda Jazz 1.2 E i VTEC,Kochi,2018,38593,First,18.7,1199.0,88.7,5.0,4.78 Lakh,6.17,4.78,False,True,True,7,0.32994652406417113
1518,Honda City 1.5 V MT,Kolkata,2015,32000,First,17.0,1497.0,118.0,5.0,4.78 Lakh,5.5,4.78,False,True,True,10,0.3235294117647059
1519,Maruti Dzire AMT ZDI Plus,Hyderabad,2017,28226,First,28.4,1248.0,73.75,5.0,11.52 Lakh,9.15,11.52,False,False,False,8,0.3221830985915493
1520,Nissan Sunny 2011-2014 Diesel XL,Pune,2014,95000,First,21.64,1461.0,84.8,5.0,4.78 Lakh,4.5,4.78,False,False,True,11,0.20794824399260628
1521,Toyota Innova 2.5 G (Diesel) 8 Seater,Chennai,2014,194000,First,12.99,2494.0,100.6,8.0,4.78 Lakh,10.5,4.78,False,False,True,11,0.8083140877598153
1522,Honda Brio S MT,Coimbatore,2016,14821,First,19.4,1198.0,86.8,5.0,4.78 Lakh,5.37,4.78,False,True,True,9,0.2768041237113402
1523,Volkswagen Vento Petrol Trendline,Bangalore,2012,52000,First,15.04,1598.0,103.6,5.0,4.78 Lakh,5.45,4.78,False,True,True,13,0.36236702127659576
1524,Mahindra XUV500 W4,Mumbai,2016,33000,First,16.0,2179.0,140.0,7.0,4.78 Lakh,9.25,4.78,False,False,True,9,0.578125
1525,Ford EcoSport 1.5 Diesel Titanium Plus,Chennai,2016,29200,First,23.0,1498.0,98.96,5.0,13.23 Lakh,7.7,13.23,False,False,True,9,0.3347826086956522
1526,Skoda Yeti Ambition 4X2,Hyderabad,2012,99754,First,17.72,1968.0,108.49,5.0,4.78 Lakh,7.99,4.78,False,False,True,13,0.4509029345372461
1527,Hyundai i10 Sportz,Chennai,2012,49000,First,20.36,1197.0,78.9,5.0,4.78 Lakh,3.0,4.78,False,True,True,13,0.14734774066797643
1528,Toyota Innova 2.5 G (Diesel) 8 Seater BS IV,Hyderabad,2005,299322,First,12.8,2494.0,102.0,8.0,4.78 Lakh,4.0,4.78,False,False,True,20,0.3125
1529,Tata Zest Quadrajet 1.3 XT,Coimbatore,2018,38310,First,20.65,1248.0,88.7,5.0,10.06 Lakh,6.69,10.06,False,False,True,7,0.3239709443099274
1530,Maruti Swift VDI,Delhi,2014,56000,First,22.9,1248.0,74.0,5.0,4.78 Lakh,4.25,4.78,False,False,True,11,0.18558951965065504
1531,Skoda Rapid 1.5 TDI AT Style,Kolkata,2017,31300,First,21.72,1498.0,108.4,5.0,15.34 Lakh,10.5,15.34,False,False,False,8,0.4834254143646409
1532,Toyota Innova Crysta 2.4 VX MT 8S,Coimbatore,2019,11241,First,13.68,2393.0,147.8,8.0,24.01 Lakh,22.55,24.01,False,False,True,6,1.648391812865497
1533,Hyundai Verna 1.6 SX VTVT,Pune,2014,48000,Second,17.01,1591.0,121.3,5.0,4.78 Lakh,5.2,4.78,False,True,True,11,0.3057025279247501
1534,Honda City i VTEC VX Option,Coimbatore,2019,23882,First,17.4,1497.0,117.3,5.0,4.78 Lakh,11.87,4.78,False,True,True,6,0.6821839080459771
1535,Honda City i DTEC SV,Hyderabad,2014,65000,First,26.0,1498.0,98.6,5.0,4.78 Lakh,6.99,4.78,False,False,True,11,0.26884615384615385
1536,Volkswagen Vento Diesel Highline,Jaipur,2011,50000,First,20.54,1598.0,103.6,5.0,4.78 Lakh,5.0,4.78,False,False,True,14,0.24342745861733203
1537,Audi Q5 2008-2012 3.0 TDI,Chennai,2014,25000,First,12.19,2967.0,236.0,5.0,4.78 Lakh,44.0,4.78,False,False,False,11,3.609515996718622
1538,Maruti Alto 800 LXI,Chennai,2015,21000,First,22.74,796.0,47.3,5.0,4.78 Lakh,2.79,4.78,False,True,True,10,0.12269129287598945
1539,Tata Manza ELAN Quadrajet BS IV,Pune,2012,148000,Second,21.12,1248.0,88.8,5.0,4.78 Lakh,2.9,4.78,False,False,True,13,0.13731060606060605
1540,Hyundai Creta 1.6 SX Plus Dual Tone Petrol,Delhi,2016,68000,First,15.29,1591.0,121.3,5.0,4.78 Lakh,9.85,4.78,False,True,True,9,0.644211903204709
1541,Mercedes-Benz GL-Class 2007 2012 350 CDI Luxury,Bangalore,2014,52000,First,12.0,2987.0,224.0,7.0,4.78 Lakh,49.0,4.78,False,False,False,11,4.083333333333333
1542,Mahindra Thar CRDe,Jaipur,2016,19000,First,16.55,2498.0,105.0,6.0,11.39 Lakh,9.25,11.39,False,False,True,9,0.5589123867069486
1543,Hyundai Verna 1.6 CRDI,Mumbai,2011,74000,Second,22.32,1582.0,126.3,5.0,4.78 Lakh,3.75,4.78,False,False,True,14,0.16801075268817203
1544,Ford Aspire Titanium Diesel,Coimbatore,2017,30279,First,26.1,1498.0,99.0,5.0,9.79 Lakh,7.29,9.79,False,False,True,8,0.2793103448275862
1545,Mini Cooper 3 DOOR D,Mumbai,2016,20000,First,20.7,1496.0,113.98,4.0,35 Lakh,23.5,35.0,False,False,False,9,1.1352657004830917
1546,Maruti Omni 8 Seater BSIV,Hyderabad,2013,34834,First,14.0,796.0,35.0,5.0,4.78 Lakh,2.6,4.78,False,True,True,12,0.18571428571428572
1547,Mahindra Verito 1.5 D4 BSIV,Pune,2015,90000,Second,21.03,1461.0,65.0,5.0,9.26 Lakh,3.1,9.26,False,False,True,10,0.14740846409890632
1548,Mercedes-Benz E-Class 2009-2013 E250 CDI Elegance,Coimbatore,2016,38730,First,14.21,2143.0,203.0,5.0,4.78 Lakh,29.98,4.78,False,False,False,9,2.1097818437719913
1549,Renault Duster 110PS Diesel RxZ,Kochi,2016,57390,First,19.01,1461.0,108.45,5.0,4.78 Lakh,6.73,4.78,False,False,True,9,0.3540241977906365
1550,Maruti Swift Dzire Tour LDI,Kolkata,2016,100000,First,23.4,1248.0,74.0,5.0,4.78 Lakh,3.5,4.78,False,False,True,9,0.14957264957264957
1551,Volkswagen Polo Petrol Highline 1.2L,Kolkata,2011,50000,First,16.47,1198.0,73.9,5.0,4.78 Lakh,2.35,4.78,False,True,True,14,0.14268366727383122
1552,Mahindra XUV500 W10 2WD,Coimbatore,2017,64961,First,16.0,2179.0,140.0,7.0,4.78 Lakh,16.13,4.78,False,False,True,8,1.008125
1553,Volkswagen Polo 1.2 MPI Highline,Coimbatore,2014,72465,First,16.47,1198.0,74.0,5.0,4.78 Lakh,5.9,4.78,False,True,True,11,0.358227079538555
1554,Maruti Ritz VXI,Hyderabad,2012,68776,First,21.1,1197.0,85.8,5.0,4.78 Lakh,3.9,4.78,False,True,True,13,0.1848341232227488
1556,Toyota Innova 2.5 GX 7 STR BSIV,Delhi,2012,68000,First,12.8,2494.0,102.0,7.0,4.78 Lakh,6.95,4.78,False,False,True,13,0.54296875
1557,Honda City i DTec SV,Delhi,2015,33000,First,26.0,1498.0,98.6,5.0,4.78 Lakh,7.0,4.78,False,False,True,10,0.2692307692307692
1558,Volkswagen Ameo 1.2 MPI Highline,Coimbatore,2017,22389,First,17.0,1198.0,73.75,5.0,8.68 Lakh,7.23,8.68,False,True,True,8,0.4252941176470588
1559,Maruti SX4 ZDI Leather,Mumbai,2012,90000,First,21.5,1248.0,88.8,5.0,4.78 Lakh,3.81,4.78,False,False,True,13,0.1772093023255814
1560,Maruti Swift ZXI,Chennai,2012,42000,Third,18.6,1197.0,85.8,5.0,4.78 Lakh,4.5,4.78,False,True,True,13,0.24193548387096772
1561,Hyundai Creta 1.6 CRDi SX,Pune,2017,38767,First,19.67,1582.0,126.2,5.0,4.78 Lakh,12.6,4.78,False,False,True,8,0.6405693950177935
1562,Audi Q7 35 TDI Quattro Technology,Bangalore,2015,21000,First,12.07,2967.0,241.4,7.0,4.78 Lakh,48.0,4.78,False,False,False,10,3.976801988400994
1563,Maruti Alto LXi BSIII,Coimbatore,2010,59136,First,19.7,796.0,46.3,5.0,4.78 Lakh,2.96,4.78,False,True,True,15,0.150253807106599
1564,Honda Amaze SX i-DTEC,Kolkata,2014,36000,First,25.8,1498.0,98.6,5.0,4.78 Lakh,3.25,4.78,False,False,True,11,0.12596899224806202
1565,Volkswagen Passat Diesel Highline 2.0 TDI,Chennai,2011,95000,Second,18.33,1968.0,167.7,5.0,4.78 Lakh,8.5,4.78,False,False,False,14,0.46372067648663395
1566,Hyundai Elantra CRDi SX AT,Mumbai,2013,51000,First,19.5,1582.0,126.24,5.0,4.78 Lakh,8.75,4.78,False,False,False,12,0.44871794871794873
1567,Maruti Wagon R VXI BS IV,Kochi,2011,36411,First,18.9,998.0,67.1,5.0,4.78 Lakh,3.08,4.78,False,True,True,14,0.16296296296296298
1568,Land Rover Discovery Sport TD4 HSE 7S,Mumbai,2017,40000,First,12.81,1999.0,148.31,7.0,66.39 Lakh,41.5,66.39,False,False,False,8,3.239656518345043
1569,Honda City i VTEC SV,Pune,2016,27300,First,17.8,1497.0,117.3,5.0,4.78 Lakh,7.0,4.78,False,True,True,9,0.3932584269662921
1570,Mercedes-Benz New C-Class C 200 Avantgarde Edition C,Kochi,2011,29813,Second,14.74,1991.0,181.03,5.0,4.78 Lakh,11.5,4.78,False,True,False,14,0.7801899592944369
1571,Maruti Wagon R LX BS IV,Pune,2011,71000,First,20.51,998.0,67.04,5.0,4.78 Lakh,2.6,4.78,False,True,True,14,0.12676743052169673
1572,Hyundai Verna 1.6 CRDI,Kolkata,2014,32000,First,22.32,1582.0,126.3,5.0,4.78 Lakh,4.3,4.78,False,False,True,11,0.19265232974910393
1574,Volkswagen Tiguan 2.0 TDI Highline,Jaipur,2017,50510,First,17.06,1968.0,141.0,5.0,36.45 Lakh,24.9,36.45,False,False,False,8,1.4595545134818289
1575,BMW X1 sDrive 20d Exclusive,Pune,2011,102000,First,15.06,1995.0,177.0,5.0,4.78 Lakh,13.75,4.78,False,False,False,14,0.9130146082337317
1576,Hyundai Grand i10 1.2 CRDi Sportz Option,Kolkata,2014,42277,First,24.0,1186.0,73.97,5.0,4.78 Lakh,3.85,4.78,False,False,True,11,0.16041666666666668
1577,Mercedes-Benz E-Class E250 CDI Avantgrade,Mumbai,2014,46000,First,13.0,2143.0,201.1,5.0,4.78 Lakh,23.25,4.78,False,False,False,11,1.7884615384615385
1579,Hyundai Grand i10 Asta Option,Bangalore,2015,50000,First,18.9,1197.0,82.0,5.0,4.78 Lakh,5.75,4.78,False,True,True,10,0.30423280423280424
1580,Hyundai i10 Magna 1.2,Mumbai,2008,62000,Second,20.36,1197.0,78.9,5.0,4.78 Lakh,1.65,4.78,False,True,True,17,0.08104125736738703
1581,Volkswagen Jetta 2012-2014 2.0L TDI Comfortline,Mumbai,2012,78000,First,19.33,1968.0,138.1,5.0,4.78 Lakh,6.5,4.78,False,False,True,13,0.33626487325400933
1582,Skoda Yeti Elegance,Chennai,2011,79000,First,17.67,1968.0,138.08,5.0,4.78 Lakh,7.5,4.78,False,False,True,14,0.4244482173174872
1583,Audi Q7 45 TDI Quattro Premium Plus,Kochi,2019,6773,First,14.75,2967.0,245.0,7.0,91.38 Lakh,72.94,91.38,False,False,False,6,4.945084745762712
1584,Toyota Fortuner 3.0 Diesel,Chennai,2010,135000,Second,11.5,2982.0,171.0,7.0,4.78 Lakh,11.0,4.78,False,False,True,15,0.9565217391304348
1585,Maruti Wagon R VXI Minor ABS,Kochi,2013,36716,First,18.9,1061.0,67.0,5.0,4.78 Lakh,3.02,4.78,False,True,True,12,0.1597883597883598
1586,Hyundai EON Era,Coimbatore,2013,65060,First,21.1,814.0,55.2,5.0,4.78 Lakh,3.32,4.78,False,True,True,12,0.15734597156398103
1587,Honda Brio S MT,Delhi,2013,33000,First,19.4,1198.0,86.8,5.0,4.78 Lakh,3.24,4.78,False,True,True,12,0.16701030927835053
1588,Maruti Alto 800 VXI,Kolkata,2015,11110,First,22.74,796.0,47.3,5.0,4.78 Lakh,2.35,4.78,False,True,True,10,0.10334212840809148
1589,Mahindra Bolero ZLX,Jaipur,2013,63000,First,15.96,2523.0,62.1,7.0,11.15 Lakh,5.5,11.15,False,False,True,12,0.34461152882205515
1590,Honda City i VTEC SV,Mumbai,2015,27030,First,17.8,1497.0,117.3,5.0,4.78 Lakh,6.75,4.78,False,True,True,10,0.3792134831460674
1591,Skoda Rapid 1.6 MPI Elegance Black Package,Mumbai,2015,19600,First,15.0,1598.0,103.52,5.0,4.78 Lakh,6.15,4.78,False,True,True,10,0.41000000000000003
1592,Maruti Swift VVT VXI,Pune,2016,27755,First,22.0,1197.0,81.8,5.0,4.78 Lakh,5.45,4.78,False,True,True,9,0.24772727272727274
1593,Hyundai EON Magna Plus,Hyderabad,2013,20000,Second,21.1,814.0,55.2,5.0,4.78 Lakh,2.3,4.78,False,True,True,12,0.10900473933649288
1594,Maruti Swift Dzire ZXI,Kochi,2015,24782,First,20.85,1197.0,83.14,5.0,4.78 Lakh,6.21,4.78,False,True,True,10,0.297841726618705
1595,Nissan Micra XV CVT,Coimbatore,2014,47303,First,19.34,1198.0,76.0,5.0,4.78 Lakh,5.21,4.78,False,True,False,11,0.2693898655635988
1596,Audi Q7 4.2 FSI quattro,Delhi,2008,71000,First,8.3,4134.0,250.0,7.0,4.78 Lakh,11.99,4.78,False,True,False,17,1.444578313253012
1597,Maruti Swift Vdi BSIII,Pune,2010,135000,First,17.8,1248.0,75.0,5.0,4.78 Lakh,3.1,4.78,False,False,True,15,0.17415730337078653
1598,Tata Xenon XT EX 4X2,Jaipur,2017,1000,First,13.49,2179.0,138.03,5.0,4.78 Lakh,7.5,4.78,False,False,True,8,0.5559673832468495
1599,Volkswagen Polo 1.5 TDI Comfortline,Kolkata,2016,29000,First,20.14,1498.0,88.8,5.0,4.78 Lakh,4.0,4.78,False,False,True,9,0.19860973187686196
1600,Honda City i VTEC SV,Kochi,2016,36367,First,17.8,1497.0,117.3,5.0,4.78 Lakh,7.73,4.78,False,True,True,9,0.43426966292134833
1601,Honda City i VTEC V,Bangalore,2015,38000,First,17.4,1497.0,117.3,5.0,4.78 Lakh,7.8,4.78,False,True,True,10,0.4482758620689655
1602,Maruti 800 AC BSIII,Hyderabad,2011,83969,First,16.1,796.0,37.0,4.0,4.78 Lakh,1.3,4.78,False,True,True,14,0.08074534161490683
1603,Volkswagen Polo 1.5 TDI Trendline,Jaipur,2014,82621,First,20.14,1498.0,88.8,5.0,4.78 Lakh,4.42,4.78,False,False,True,11,0.21946375372393245
1604,Chevrolet Captiva LTZ VCDi,Pune,2009,89000,First,12.5,1991.0,147.9,7.0,4.78 Lakh,4.0,4.78,False,False,False,16,0.32
1605,Mahindra XUV500 W10 2WD,Kolkata,2016,54000,First,16.0,2179.0,140.0,7.0,4.78 Lakh,13.0,4.78,False,False,True,9,0.8125
1606,Honda Amaze VX i-DTEC,Kochi,2015,61691,First,25.8,1498.0,98.6,5.0,4.78 Lakh,5.38,4.78,False,False,True,10,0.2085271317829457
1607,Hyundai i20 1.2 Sportz Option,Chennai,2011,32200,Second,17.0,1197.0,80.0,5.0,4.78 Lakh,3.25,4.78,False,True,True,14,0.19117647058823528
1608,Maruti Wagon R AMT VXI,Jaipur,2016,68630,First,20.51,998.0,67.0,5.0,4.78 Lakh,3.87,4.78,False,True,False,9,0.1886884446611409
1609,Volkswagen Jetta 2013-2015 2.0L TDI Highline AT,Mumbai,2014,61000,Second,16.96,1968.0,138.03,5.0,4.78 Lakh,8.25,4.78,False,False,False,11,0.486438679245283
1610,Maruti Ciaz 1.4 Zeta,Mumbai,2018,32644,First,20.73,1373.0,91.1,5.0,4.78 Lakh,9.28,4.78,False,True,True,7,0.44766039556198745
1611,Mahindra Scorpio 2009-2014 VLX 4WD AT 7S BSIV,Delhi,2012,85000,First,11.79,2179.0,120.0,7.0,4.78 Lakh,6.25,4.78,False,False,False,13,0.5301102629346904
1612,Chevrolet Aveo U-VA 1.2 LS,Mumbai,2008,75000,Second,15.26,1150.0,74.9,5.0,4.78 Lakh,1.15,4.78,False,True,True,17,0.07536041939711664
1613,Maruti Ciaz ZXi Option,Kochi,2016,40347,First,20.73,1373.0,91.2,5.0,4.78 Lakh,7.8,4.78,False,True,True,9,0.37626628075253254
1614,Hyundai i20 1.4 CRDi Asta,Hyderabad,2012,60788,First,23.0,1396.0,90.0,5.0,4.78 Lakh,4.5,4.78,False,False,True,13,0.1956521739130435
1615,Honda Jazz 1.2 SV i VTEC,Kochi,2018,18664,First,18.7,1199.0,88.7,5.0,4.78 Lakh,7.56,4.78,False,True,True,7,0.4042780748663102
1616,Mahindra XUV500 W10 2WD,Coimbatore,2017,57847,First,16.0,2179.0,140.0,7.0,4.78 Lakh,16.08,4.78,False,False,True,8,1.005
1617,Hyundai i20 1.2 Sportz,Bangalore,2012,52237,First,17.0,1197.0,80.0,5.0,4.78 Lakh,4.5,4.78,False,True,True,13,0.2647058823529412
1618,Hyundai Verna 1.6 SX,Chennai,2012,128000,First,22.32,1582.0,126.32,5.0,4.78 Lakh,5.0,4.78,False,False,True,13,0.22401433691756273
1619,Hyundai i10 Era 1.1,Delhi,2011,54000,First,19.81,1086.0,68.05,5.0,4.78 Lakh,2.2,4.78,False,True,True,14,0.11105502271580012
1620,Maruti Celerio VXI AT,Bangalore,2014,49800,First,23.1,998.0,67.04,5.0,4.78 Lakh,4.0,4.78,False,True,False,11,0.17316017316017315
1621,Skoda Fabia 1.2 TDI Ambition,Kolkata,2012,98000,First,20.86,1199.0,73.9,5.0,4.78 Lakh,2.51,4.78,False,False,True,13,0.12032598274209012
1622,Maruti Swift VDI BSIV,Delhi,2015,60095,First,25.2,1248.0,74.0,5.0,4.78 Lakh,4.75,4.78,False,False,True,10,0.1884920634920635
1623,Hyundai i10 Magna(O) with Sun Roof,Pune,2008,68000,Second,16.0,1086.0,66.7,5.0,4.78 Lakh,2.0,4.78,False,True,True,17,0.125
1624,Hyundai i10 Magna 1.2,Jaipur,2010,81402,Second,20.36,1197.0,78.9,5.0,4.78 Lakh,2.1,4.78,False,True,True,15,0.1031434184675835
1625,Ford Ecosport 1.5 Ti VCT AT Titanium,Mumbai,2013,38000,First,16.5,1499.0,110.0,5.0,4.78 Lakh,6.25,4.78,False,True,False,12,0.3787878787878788
1626,Mercedes-Benz E-Class 2009-2013 E350 CDI Avantgarde,Kochi,2011,92239,Second,11.5,2987.0,210.0,5.0,4.78 Lakh,10.6,4.78,False,False,False,14,0.9217391304347826
1627,Maruti Swift VDI BSIV,Ahmedabad,2017,49224,First,25.2,1248.0,74.0,5.0,4.78 Lakh,6.0,4.78,False,False,True,8,0.2380952380952381
1628,Maruti 800 Std BSIII,Jaipur,2004,12000,Second,16.1,796.0,37.0,4.0,4.78 Lakh,0.45,4.78,False,True,True,21,0.02795031055900621
1629,Maruti Swift Lxi BSIII,Pune,2010,54898,Third,16.1,1298.0,88.2,5.0,4.78 Lakh,2.5,4.78,False,True,True,15,0.15527950310559005
1630,Hyundai Creta 1.6 SX Plus Dual Tone Petrol,Mumbai,2018,2500,First,15.29,1591.0,121.3,5.0,4.78 Lakh,12.75,4.78,False,True,True,7,0.8338783518639634
1631,BMW X1 M Sport sDrive 20d,Kochi,2017,32838,First,17.05,1995.0,190.0,5.0,50.97 Lakh,30.29,50.97,False,False,False,8,1.776539589442815
1632,Ford Ikon 1.3 Flair,Hyderabad,2006,27076,First,13.8,1299.0,70.0,5.0,4.78 Lakh,1.6,4.78,False,True,True,19,0.11594202898550725
1633,Ford Ecosport 1.5 DV5 MT Titanium Optional,Kochi,2017,75445,First,22.7,1498.0,89.84,5.0,4.78 Lakh,7.54,4.78,False,False,True,8,0.3321585903083701
1634,Maruti Ciaz VXi Plus,Kochi,2015,46601,First,20.73,1373.0,91.1,5.0,4.78 Lakh,6.84,4.78,False,True,True,10,0.3299565846599132
1635,Volkswagen Passat Diesel Highline 2.0 TDI,Kolkata,2012,72000,First,18.33,1968.0,167.7,5.0,4.78 Lakh,6.0,4.78,False,False,False,13,0.32733224222585927
1636,Honda Jazz 1.5 VX i DTEC,Pune,2017,27000,First,27.3,1498.0,98.6,5.0,4.78 Lakh,8.0,4.78,False,False,True,8,0.29304029304029305
1637,Audi A4 35 TDI Premium,Coimbatore,2016,68193,First,17.11,1968.0,174.33,5.0,4.78 Lakh,24.74,4.78,False,False,False,9,1.44593804792519
1638,Hyundai Grand i10 CRDi Sportz Celebration Edition,Kochi,2017,34429,First,24.0,1120.0,70.0,5.0,4.78 Lakh,5.5,4.78,False,False,True,8,0.22916666666666666
1639,Mercedes-Benz GL-Class 2007 2012 350 CDI Luxury,Delhi,2013,46000,First,12.0,2987.0,224.0,7.0,4.78 Lakh,36.0,4.78,False,False,False,12,3.0
1640,Toyota Innova 2.5 G (Diesel) 7 Seater,Coimbatore,2013,80544,First,12.99,2494.0,100.6,7.0,4.78 Lakh,11.79,4.78,False,False,True,12,0.9076212471131639
1641,Nissan Sunny 2011-2014 XL,Jaipur,2011,42000,Second,16.95,1498.0,97.7,5.0,4.78 Lakh,3.0,4.78,False,True,True,14,0.17699115044247787
1642,Skoda Laura Ambiente 2.0 TDI CR AT,Bangalore,2011,94821,Second,20.0,1968.0,138.1,5.0,4.78 Lakh,6.75,4.78,False,False,False,14,0.3375
1643,Chevrolet Aveo 1.4 LS,Jaipur,2006,100000,First,14.49,1399.0,92.7,5.0,4.78 Lakh,1.4,4.78,False,True,True,19,0.0966183574879227
1644,Honda Mobilio V i DTEC,Mumbai,2014,57000,First,24.2,1498.0,98.6,7.0,4.78 Lakh,5.75,4.78,False,False,True,11,0.23760330578512398
1645,Maruti Ritz VDi,Hyderabad,2010,79894,First,21.1,1248.0,73.9,5.0,4.78 Lakh,3.4,4.78,False,False,True,15,0.16113744075829384
1646,Volkswagen Polo Petrol Highline 1.2L,Coimbatore,2011,44748,Second,16.47,1198.0,73.9,5.0,4.78 Lakh,4.89,4.78,False,True,True,14,0.29690346083788705
1647,Nissan Terrano XL,Mumbai,2013,31000,First,13.24,1598.0,102.5,5.0,4.78 Lakh,4.95,4.78,False,True,True,12,0.37386706948640486
1648,Maruti A-Star AT Vxi Aktiv,Coimbatore,2013,60587,Second,16.98,998.0,66.1,5.0,4.78 Lakh,3.49,4.78,False,True,False,12,0.20553592461719672
1650,Honda City 1.5 S MT,Pune,2014,43772,First,17.0,1497.0,118.0,5.0,4.78 Lakh,6.35,4.78,False,True,True,11,0.3735294117647059
1651,Hyundai Grand i10 AT Asta,Coimbatore,2017,23576,First,18.9,1197.0,82.0,5.0,4.78 Lakh,7.08,4.78,False,True,False,8,0.37460317460317466
1652,Jaguar XE 2.0L Diesel Prestige,Hyderabad,2017,4000,First,13.6,1999.0,177.0,5.0,53.41 Lakh,38.0,53.41,False,False,False,8,2.794117647058824
1653,Mahindra Scorpio VLX,Kolkata,2012,62000,First,12.05,2179.0,120.0,8.0,4.78 Lakh,6.25,4.78,False,False,True,13,0.5186721991701244
1654,Mercedes-Benz New C-Class C 200 Kompressor Elegance AT,Mumbai,2011,36000,First,11.74,1796.0,186.0,5.0,4.78 Lakh,10.15,4.78,False,True,False,14,0.864565587734242
1655,Skoda Superb Elegance 1.8 TSI AT,Delhi,2014,80000,First,13.7,1798.0,157.75,5.0,4.78 Lakh,10.75,4.78,False,True,False,11,0.7846715328467153
1656,Chevrolet Cruze LTZ AT,Pune,2012,137008,First,18.1,1991.0,147.9,4.0,4.78 Lakh,4.65,4.78,False,False,False,13,0.2569060773480663
1657,Mahindra Scorpio VLX,Delhi,2010,61001,First,12.05,2179.0,120.0,8.0,4.78 Lakh,4.75,4.78,False,False,True,15,0.3941908713692946
1658,Hyundai Verna 1.6 SX VTVT (O),Coimbatore,2015,52191,First,17.1,1591.0,121.3,5.0,4.78 Lakh,7.78,4.78,False,True,True,10,0.4549707602339181
1659,Hyundai i20 1.4 Asta CRDi with AVN,Hyderabad,2016,77076,First,23.0,1396.0,90.0,5.0,4.78 Lakh,6.75,4.78,False,False,True,9,0.29347826086956524
1660,Honda City ZX CVT,Hyderabad,2008,56000,First,16.4,1497.0,78.0,5.0,4.78 Lakh,2.99,4.78,False,True,False,17,0.18231707317073173
1661,Hyundai i10 Magna,Kolkata,2013,21000,First,20.36,1197.0,78.9,5.0,4.78 Lakh,2.35,4.78,False,True,True,12,0.11542239685658154
1662,Honda Amaze S i-Dtech,Delhi,2013,89429,First,25.8,1498.0,98.6,5.0,4.78 Lakh,3.65,4.78,False,False,True,12,0.14147286821705427
1663,Maruti Wagon R LXI,Delhi,2012,45631,Second,22.5,998.0,67.04,5.0,4.59 Lakh,2.74,4.59,False,True,True,13,0.12177777777777779
1664,Honda Brio S MT,Jaipur,2013,53959,First,19.4,1198.0,86.8,5.0,4.78 Lakh,3.5,4.78,False,True,True,12,0.18041237113402064
1665,Hyundai i20 1.2 Sportz Option,Kochi,2014,55804,First,17.0,1197.0,80.0,5.0,4.78 Lakh,4.76,4.78,False,True,True,11,0.27999999999999997
1666,Volkswagen Vento 2013-2015 1.6 Comfortline,Kochi,2016,25899,First,15.04,1598.0,103.2,5.0,4.78 Lakh,6.2,4.78,False,True,True,9,0.4122340425531915
1667,Skoda Octavia Rider 1.9 TDI MT,Pune,2008,82000,Second,18.7,1896.0,66.0,5.0,4.78 Lakh,2.35,4.78,False,False,True,17,0.12566844919786097
1668,Mercedes-Benz E-Class 2015-2017 E250 CDI Avantgarde,Mumbai,2014,52000,First,13.0,2143.0,204.0,5.0,4.78 Lakh,24.5,4.78,False,False,False,11,1.8846153846153846
1669,Renault Duster Petrol RxL,Pune,2013,20000,First,13.24,1598.0,102.57,5.0,4.78 Lakh,6.0,4.78,False,True,True,12,0.45317220543806647
1670,Hyundai EON Sportz,Hyderabad,2017,31829,First,21.1,814.0,55.2,5.0,4.78 Lakh,3.65,4.78,False,True,True,8,0.1729857819905213
1671,Maruti Swift VXI,Coimbatore,2016,18094,Second,18.6,1197.0,85.8,5.0,4.78 Lakh,6.26,4.78,False,True,True,9,0.3365591397849462
1673,Audi Q5 3.0 TDI Quattro Technology,Mumbai,2015,11964,First,13.22,2967.0,241.4,5.0,4.78 Lakh,32.95,4.78,False,False,False,10,2.4924357034795763
1674,Hyundai i20 1.2 Spotz,Coimbatore,2018,22684,First,18.6,1197.0,81.83,5.0,4.78 Lakh,7.8,4.78,False,True,True,7,0.4193548387096774
1675,Honda Brio S MT,Bangalore,2014,43521,First,19.4,1198.0,86.8,5.0,4.78 Lakh,4.25,4.78,False,True,True,11,0.21907216494845363
1676,Maruti Swift Dzire ZXi,Kochi,2014,49386,First,17.5,1298.0,85.8,5.0,4.78 Lakh,4.86,4.78,False,True,True,11,0.27771428571428575
1677,Hyundai Grand i10 1.2 Kappa Magna,Delhi,2017,12248,First,18.9,1197.0,81.86,5.0,6.54 Lakh,4.9,6.54,False,True,True,8,0.2592592592592593
1678,Mahindra Xylo E8 ABS BS IV,Coimbatore,2014,67771,First,11.68,2498.0,112.0,8.0,4.78 Lakh,7.06,4.78,False,False,True,11,0.6044520547945206
1679,Volkswagen Polo GTI,Delhi,2015,60007,First,17.21,1798.0,189.0,4.0,4.78 Lakh,4.5,4.78,False,True,False,10,0.26147588611272515
1680,Maruti Alto K10 VXI,Coimbatore,2011,48624,First,24.07,998.0,67.1,5.0,4.7 Lakh,3.22,4.7,False,True,True,14,0.13377648525135025
1681,Volkswagen Polo Diesel Comfortline 1.2L,Kolkata,2014,30000,First,22.07,1199.0,73.9,5.0,4.78 Lakh,3.25,4.78,False,False,True,11,0.14725872224739464
1682,Hyundai Grand i10 Sportz,Delhi,2016,81605,First,18.9,1197.0,82.0,5.0,4.78 Lakh,4.53,4.78,False,True,True,9,0.23968253968253972
1683,Mercedes-Benz New C-Class C 220 CDI Elegance AT,Coimbatore,2017,32642,First,14.84,2143.0,170.0,5.0,4.78 Lakh,34.78,4.78,False,False,False,8,2.3436657681940702
1684,Hyundai Verna 1.6 SX VTVT AT,Pune,2014,34200,First,15.74,1591.0,121.3,5.0,4.78 Lakh,6.5,4.78,False,True,False,11,0.41296060991105465
1685,Fiat Punto EVO 1.2 Emotion,Chennai,2010,72204,First,15.7,1172.0,67.0,5.0,4.78 Lakh,2.25,4.78,False,True,True,15,0.14331210191082802
1686,Toyota Innova 2.5 VX (Diesel) 8 Seater BS IV,Pune,2011,156347,Second,12.99,2494.0,100.0,8.0,4.78 Lakh,8.0,4.78,False,False,True,14,0.6158583525789069
1687,Mahindra TUV 300 2015-2019 mHAWK100 T8 AMT,Kochi,2017,47357,First,18.49,1493.0,100.0,7.0,4.78 Lakh,8.37,4.78,False,False,False,8,0.45267712276906436
1688,Volkswagen Polo 1.5 TDI Comfortline,Coimbatore,2015,61738,First,20.14,1498.0,88.8,5.0,4.78 Lakh,5.39,4.78,False,False,True,10,0.2676266137040715
1689,BMW 5 Series 520d Luxury Line,Kochi,2018,32586,First,22.48,1995.0,190.0,5.0,67.87 Lakh,37.3,67.87,False,False,False,7,1.6592526690391458
1690,Mercedes-Benz GLE 350d,Coimbatore,2018,40129,First,11.57,2987.0,254.79,5.0,95.13 Lakh,70.8,95.13,False,False,False,7,6.119273984442524
1691,Mercedes-Benz M-Class ML 350 CDI,Mumbai,2012,51000,First,11.74,2987.0,254.8,5.0,4.78 Lakh,22.25,4.78,False,False,False,13,1.8952299829642247
1692,Hyundai Grand i10 1.2 Kappa Sportz,Kochi,2018,10393,First,18.9,1197.0,81.86,5.0,6.62 Lakh,6.03,6.62,False,True,True,7,0.3190476190476191
1693,Skoda Superb Elegance 1.8 TSI AT,Mumbai,2011,46000,First,13.7,1798.0,157.75,5.0,4.78 Lakh,4.9,4.78,False,True,False,14,0.3576642335766424
1694,Hyundai i10 Sportz AT,Chennai,2013,21000,First,16.95,1197.0,78.9,5.0,4.78 Lakh,3.96,4.78,False,True,False,12,0.2336283185840708
1695,Hyundai i20 1.4 CRDi Asta,Hyderabad,2011,113562,First,23.0,1396.0,90.0,5.0,4.78 Lakh,4.6,4.78,False,False,True,14,0.19999999999999998
1696,Mahindra Scorpio VLX,Mumbai,2011,100010,Second,12.05,2179.0,120.0,8.0,4.78 Lakh,5.5,4.78,False,False,True,14,0.45643153526970953
1697,Honda Brio V MT,Mumbai,2013,63107,First,19.4,1198.0,86.8,5.0,4.78 Lakh,3.25,4.78,False,True,True,12,0.1675257731958763
1698,Hyundai i20 1.2 Magna Executive,Jaipur,2017,58500,First,18.6,1197.0,81.83,5.0,4.78 Lakh,6.25,4.78,False,True,True,8,0.33602150537634407
1699,Ford Endeavour 4x2 XLT Limited Edition,Pune,2007,90000,Fourth & Above,10.9,2499.0,143.0,7.0,4.78 Lakh,3.0,4.78,False,False,True,18,0.27522935779816515
1700,Hyundai Verna CRDi SX,Chennai,2011,108242,First,16.8,1493.0,110.0,5.0,4.78 Lakh,4.25,4.78,False,False,True,14,0.25297619047619047
1701,Toyota Fortuner 3.0 Diesel,Pune,2011,146300,First,11.5,2982.0,171.0,7.0,4.78 Lakh,12.25,4.78,False,False,True,14,1.065217391304348
1702,BMW X1 sDrive20d,Pune,2011,62943,Second,17.05,1995.0,184.0,5.0,4.78 Lakh,10.95,4.78,False,False,False,14,0.6422287390029325
1703,Toyota Fortuner 4x2 AT,Delhi,2013,65000,First,12.55,2982.0,168.5,7.0,4.78 Lakh,16.5,4.78,False,False,False,12,1.3147410358565736
1704,Honda Amaze V CVT Petrol,Pune,2018,1700,First,19.0,1199.0,88.76,5.0,9.44 Lakh,7.8,9.44,False,True,False,7,0.4105263157894737
1705,Hyundai i10 Era 1.1,Kochi,2013,34697,First,19.81,1086.0,68.05,5.0,4.78 Lakh,3.7,4.78,False,True,True,12,0.18677435638566384
1706,Hyundai i20 1.2 Sportz,Hyderabad,2012,58000,First,17.0,1197.0,80.0,5.0,4.78 Lakh,4.0,4.78,False,True,True,13,0.23529411764705882
1707,BMW 3 Series 320d GT Luxury Line,Mumbai,2015,32500,First,19.59,1995.0,187.74,5.0,4.78 Lakh,26.75,4.78,False,False,False,10,1.3654925982644206
1708,Audi Q3 35 TDI Quattro Premium Plus,Coimbatore,2016,58661,First,15.17,1968.0,181.0,5.0,48.64 Lakh,28.03,48.64,False,False,False,9,1.8477257745550428
1709,Maruti Swift VXI Optional,Kochi,2017,37124,First,20.4,1197.0,81.8,5.0,4.78 Lakh,5.44,4.78,False,True,True,8,0.2666666666666667
1710,Maruti Baleno Delta Automatic,Delhi,2017,44000,First,21.4,1197.0,83.1,5.0,4.78 Lakh,6.2,4.78,False,True,False,8,0.28971962616822433
1711,Hyundai Accent GLE,Kolkata,2005,45200,First,13.2,1495.0,94.0,5.0,4.78 Lakh,0.9,4.78,False,True,True,20,0.06818181818181819
1712,Maruti Ritz LXi,Mumbai,2016,11000,First,18.5,1197.0,85.8,5.0,4.78 Lakh,3.95,4.78,False,True,True,9,0.21351351351351353
1713,Tata Nano Lx,Pune,2011,65000,Second,26.0,624.0,35.0,4.0,4.78 Lakh,0.44,4.78,False,True,True,14,0.016923076923076923
1714,Ford Figo Diesel EXI,Ahmedabad,2012,55005,First,20.0,1399.0,68.0,5.0,4.78 Lakh,2.75,4.78,False,False,True,13,0.1375
1715,Volkswagen Passat Diesel Highline 2.0 TDI,Hyderabad,2011,81650,First,18.33,1968.0,167.7,5.0,4.78 Lakh,7.5,4.78,False,False,False,14,0.4091653027823241
1716,Fiat Linea Emotion Pack (Diesel),Chennai,2010,160000,Second,19.0,1248.0,93.0,5.0,4.78 Lakh,2.5,4.78,False,False,True,15,0.13157894736842105
1717,Mahindra Xylo D4,Hyderabad,2015,169000,First,14.95,2489.0,93.7,7.0,11.69 Lakh,5.0,11.69,False,False,True,10,0.33444816053511706
1718,Maruti Wagon R VXI,Hyderabad,2013,67263,First,18.9,998.0,67.1,5.0,4.78 Lakh,3.6,4.78,False,True,True,12,0.1904761904761905
1719,Toyota Etios G Safety,Kochi,2012,44223,First,17.6,1496.0,88.7,5.0,4.78 Lakh,3.99,4.78,False,True,True,13,0.22670454545454544
1720,Hyundai Grand i10 Sportz,Coimbatore,2015,36840,First,18.9,1197.0,82.0,5.0,4.78 Lakh,5.64,4.78,False,True,True,10,0.2984126984126984
1721,Toyota Innova 2.5 VX (Diesel) 8 Seater BS IV,Pune,2014,160000,First,12.99,2494.0,100.0,8.0,4.78 Lakh,12.0,4.78,False,False,True,11,0.9237875288683602
1722,Tata Indica V2 DLS TC,Kolkata,2008,133000,First,16.8,1405.0,62.0,5.0,4.78 Lakh,0.7,4.78,False,False,True,17,0.041666666666666664
1723,BMW 3 Series 320d Sport Line,Mumbai,2015,69123,First,18.88,1995.0,184.0,5.0,4.78 Lakh,19.0,4.78,False,False,False,10,1.00635593220339
1724,Ford Endeavour 3.2 Titanium AT 4X4,Delhi,2017,38000,First,10.91,3198.0,197.0,7.0,4.78 Lakh,30.48,4.78,False,False,False,8,2.7937671860678277
1725,Maruti Ciaz Zeta,Mumbai,2017,5500,First,21.56,1462.0,103.25,5.0,11.11 Lakh,8.2,11.11,False,True,True,8,0.38033395176252316
1726,Ford Figo 1.5D Titanium Plus MT,Kolkata,2015,1001,First,25.83,1498.0,99.0,5.0,4.78 Lakh,7.55,4.78,False,False,True,10,0.29229578010065815
1727,Chevrolet Aveo U-VA 1.2 LS,Pune,2007,59000,Third,15.26,1150.0,74.9,5.0,4.78 Lakh,0.99,4.78,False,True,True,18,0.06487549148099607
1728,Honda City 1.5 V AT,Delhi,2011,78256,First,16.8,1497.0,118.0,5.0,4.78 Lakh,4.15,4.78,False,True,False,14,0.24702380952380953
1729,Nissan Sunny XL,Chennai,2016,90000,First,16.95,1498.0,97.6,5.0,4.78 Lakh,6.2,4.78,False,True,True,9,0.3657817109144543
1730,Maruti Swift Dzire VXI,Kolkata,2016,18000,First,19.1,1197.0,85.8,5.0,4.78 Lakh,4.4,4.78,False,True,True,9,0.23036649214659685
1731,Ford Figo Diesel Titanium,Kolkata,2012,60000,First,20.0,1399.0,68.0,5.0,4.78 Lakh,2.1,4.78,False,False,True,13,0.10500000000000001
1732,Fiat Grande Punto 1.3 Emotion (Diesel),Jaipur,2011,130000,First,20.3,1248.0,75.0,5.0,4.78 Lakh,2.2,4.78,False,False,True,14,0.10837438423645321
1733,Hyundai Elite i20 Petrol Asta,Coimbatore,2018,32851,First,18.6,1197.0,81.86,5.0,4.78 Lakh,8.34,4.78,False,True,True,7,0.4483870967741935
1734,Maruti Swift Dzire VDI,Kolkata,2014,32000,First,23.4,1248.0,74.0,5.0,4.78 Lakh,4.35,4.78,False,False,True,11,0.1858974358974359
1735,Ford Ecosport 1.5 DV5 MT Titanium,Hyderabad,2014,62700,First,22.7,1498.0,89.84,5.0,4.78 Lakh,6.8,4.78,False,False,True,11,0.29955947136563876
1736,Maruti Swift Dzire VDi,Jaipur,2010,71000,First,19.3,1248.0,73.9,5.0,4.78 Lakh,3.3,4.78,False,False,True,15,0.17098445595854922
1737,Hyundai Grand i10 Sportz,Kochi,2016,19947,First,18.9,1197.0,82.0,5.0,4.78 Lakh,5.04,4.78,False,True,True,9,0.26666666666666666
1738,Ford Endeavour 3.0L 4X4 AT,Hyderabad,2012,91000,First,11.4,2953.0,153.86,7.0,4.78 Lakh,9.2,4.78,False,False,False,13,0.8070175438596491
1739,Volkswagen Polo Diesel Highline 1.2L,Hyderabad,2014,74000,First,22.07,1199.0,73.9,5.0,4.78 Lakh,5.7,4.78,False,False,True,11,0.25826914363389214
1740,Mahindra TUV 300 2015-2019 mHAWK100 T8,Kochi,2018,55594,First,18.49,1493.0,100.0,7.0,4.78 Lakh,8.48,4.78,False,False,True,7,0.45862628447809634
1741,BMW X6 xDrive 40d,Hyderabad,2013,58000,First,11.2,2993.0,306.0,4.0,4.78 Lakh,48.0,4.78,False,False,False,12,4.285714285714286
1742,Renault Duster 110PS Diesel RxZ,Hyderabad,2012,110224,First,19.01,1461.0,108.45,5.0,4.78 Lakh,6.1,4.78,False,False,True,13,0.32088374539715936
1743,Maruti Wagon R LXI,Ahmedabad,2010,21002,First,22.5,998.0,67.04,5.0,4.74 Lakh,2.75,4.74,False,True,True,15,0.12222222222222222
1744,Maruti Ertiga SHVS VDI,Pune,2017,121000,First,24.52,1248.0,88.5,7.0,4.78 Lakh,8.0,4.78,False,False,True,8,0.3262642740619902
1745,Maruti Alto LXi BSIII,Jaipur,2010,73513,First,19.7,796.0,46.3,5.0,4.78 Lakh,1.85,4.78,False,True,True,15,0.09390862944162437
1746,Maruti Wagon R AMT VXI Option,Jaipur,2015,34000,First,20.51,998.0,67.0,5.0,4.78 Lakh,3.85,4.78,False,True,False,10,0.18771331058020477
1747,Maruti Eeco 7 Seater Standard,Coimbatore,2017,28371,First,15.1,1196.0,73.0,7.0,4.98 Lakh,4.74,4.98,False,True,True,8,0.31390728476821195
1748,Renault Duster 110PS Diesel RxL,Kochi,2013,74755,First,19.6,1461.0,108.45,5.0,4.78 Lakh,5.63,4.78,False,False,True,12,0.2872448979591836
1749,Maruti Zen Estilo 1.1 LX BSIII,Kochi,2011,25805,First,18.2,1061.0,64.0,5.0,4.78 Lakh,2.62,4.78,False,True,True,14,0.14395604395604397
1750,Renault Duster Petrol RxL,Kochi,2015,82603,First,13.06,1598.0,102.53,5.0,4.78 Lakh,4.9,4.78,False,True,True,10,0.37519142419601836
1751,Honda Civic 2006-2010 1.8 S MT,Chennai,2006,110000,First,13.5,1799.0,130.0,5.0,4.78 Lakh,2.65,4.78,False,True,True,19,0.1962962962962963
1752,Mahindra XUV500 W8 2WD,Delhi,2012,88000,First,16.0,2179.0,140.0,7.0,4.78 Lakh,5.99,4.78,False,False,True,13,0.374375
1753,Mahindra Verito 1.5 D6 BSIV,Chennai,2011,110000,Second,21.0,1461.0,64.1,5.0,4.78 Lakh,2.4,4.78,False,False,True,14,0.11428571428571428
1754,Renault KWID Climber 1.0 MT,Delhi,2017,15000,First,21.7,999.0,67.0,5.0,4.98 Lakh,4.25,4.98,False,True,True,8,0.195852534562212
1755,Porsche Cayenne Diesel,Mumbai,2013,70000,First,15.15,2967.0,240.0,5.0,4.78 Lakh,40.0,4.78,False,False,False,12,2.6402640264026402
1756,Maruti Swift DDiS VDI,Pune,2008,150000,Second,28.4,1248.0,74.0,5.0,4.78 Lakh,2.7,4.78,False,False,True,17,0.09507042253521128
1757,Datsun GO T Option,Hyderabad,2016,19000,First,20.63,1198.0,67.0,5.0,4.78 Lakh,2.99,4.78,False,True,True,9,0.14493456131846827
1758,Hyundai i20 1.2 Magna,Chennai,2011,37442,First,18.5,1197.0,80.0,5.0,4.78 Lakh,3.4,4.78,False,True,True,14,0.18378378378378377
1759,BMW 5 Series 2013-2017 520d Luxury Line,Coimbatore,2016,63111,Second,18.12,1995.0,190.0,5.0,4.78 Lakh,30.8,4.78,False,False,False,9,1.6997792494481236
1760,Maruti Ertiga ZDI,Mumbai,2012,88000,First,20.77,1248.0,88.8,7.0,4.78 Lakh,5.85,4.78,False,False,True,13,0.28165623495426095
1761,Hyundai Grand i10 Magna,Jaipur,2014,42355,First,18.9,1197.0,82.0,5.0,4.78 Lakh,4.0,4.78,False,True,True,11,0.21164021164021166
1762,BMW 3 Series 330i,Coimbatore,2011,75871,First,9.43,2996.0,254.0,5.0,4.78 Lakh,14.12,4.78,False,True,False,14,1.4973488865323434
1763,Chevrolet Cruze LTZ,Mumbai,2011,65000,First,17.9,1998.0,163.7,5.0,4.78 Lakh,4.55,4.78,False,False,True,14,0.25418994413407825
1764,Mercedes-Benz M-Class ML 350 4Matic,Pune,2015,69000,First,0.0,2987.0,165.0,5.0,4.78 Lakh,38.0,4.78,False,False,False,10,
1765,Maruti Ritz LDi,Jaipur,2011,79232,First,21.1,1248.0,73.9,5.0,4.78 Lakh,2.9,4.78,False,False,True,14,0.13744075829383884
1766,Mercedes-Benz New C-Class C 200 Kompressor Elegance AT,Pune,2007,220000,Second,11.74,1796.0,186.0,5.0,4.78 Lakh,6.0,4.78,False,True,False,18,0.5110732538330494
1767,Hyundai i20 1.2 Magna Executive,Kochi,2016,28470,First,18.6,1197.0,81.83,5.0,4.78 Lakh,6.95,4.78,False,True,True,9,0.3736559139784946
1768,Hyundai EON 1.0 Kappa Magna Plus Optional,Kolkata,2014,9759,First,20.3,998.0,68.05,5.0,4.78 Lakh,2.75,4.78,False,True,True,11,0.1354679802955665
1769,Maruti Swift VDI,Pune,2014,75216,First,22.9,1248.0,74.0,5.0,4.78 Lakh,5.1,4.78,False,False,True,11,0.22270742358078602
1770,Hyundai i20 Sportz 1.2,Chennai,2017,8000,First,18.6,1197.0,81.83,5.0,4.78 Lakh,6.75,4.78,False,True,True,8,0.36290322580645157
1771,Maruti Ritz ZXi,Mumbai,2014,59451,First,18.5,1197.0,85.8,5.0,4.78 Lakh,3.69,4.78,False,True,True,11,0.19945945945945945
1772,Maruti Swift VDI,Hyderabad,2013,53996,First,22.9,1248.0,74.0,5.0,4.78 Lakh,5.45,4.78,False,False,True,12,0.23799126637554588
1773,Honda WRV i-VTEC VX,Kochi,2018,15135,First,17.5,1199.0,88.7,5.0,10.57 Lakh,9.29,10.57,False,True,True,7,0.5308571428571428
1774,Hyundai Xcent 1.2 Kappa AT S Option,Chennai,2015,53000,Second,16.9,1197.0,81.86,5.0,4.78 Lakh,4.0,4.78,False,True,False,10,0.2366863905325444
1775,Honda Amaze E i-Vtech,Kolkata,2013,40000,First,18.0,1198.0,86.7,5.0,4.78 Lakh,2.9,4.78,False,True,True,12,0.1611111111111111
1776,Hyundai Verna 1.6 SX VTVT (O),Pune,2013,21107,First,17.1,1591.0,121.3,5.0,4.78 Lakh,5.25,4.78,False,True,True,12,0.3070175438596491
1777,Honda City V MT,Mumbai,2014,56000,First,16.8,1497.0,116.3,5.0,4.78 Lakh,5.75,4.78,False,True,True,11,0.34226190476190477
1778,Hyundai Creta 1.6 SX Plus Dual Tone Petrol,Coimbatore,2017,19623,First,15.29,1591.0,121.3,5.0,4.78 Lakh,13.12,4.78,False,True,True,8,0.8580771746239372
1779,Mahindra XUV500 W8 2WD,Kochi,2014,70963,First,15.1,2179.0,140.0,7.0,4.78 Lakh,7.83,4.78,False,False,True,11,0.5185430463576159
1781,Toyota Innova 2.5 V Diesel 7-seater,Mumbai,2013,51450,First,12.8,2494.0,102.0,7.0,4.78 Lakh,10.4,4.78,False,False,True,12,0.8125
1782,Maruti Swift VDI,Pune,2012,75000,First,22.9,1248.0,74.0,5.0,4.78 Lakh,4.35,4.78,False,False,True,13,0.18995633187772926
1783,Maruti Wagon R VXI AMT,Coimbatore,2017,37832,First,22.5,998.0,67.0,5.0,6.33 Lakh,5.23,6.33,False,True,False,8,0.23244444444444445
1784,Hyundai Grand i10 1.2 Kappa Asta,Coimbatore,2016,43041,First,18.9,1197.0,81.86,5.0,8.1 Lakh,6.01,8.1,False,True,True,9,0.317989417989418
1785,Honda Amaze VX i-DTEC,Hyderabad,2014,97236,First,25.8,1498.0,98.6,5.0,4.78 Lakh,4.4,4.78,False,False,True,11,0.17054263565891473
1786,BMW 3 Series 320d Highline,Chennai,2010,83000,First,16.07,1995.0,181.0,5.0,4.78 Lakh,12.75,4.78,False,False,False,15,0.7934038581207218
1787,Ford Figo Petrol Titanium,Delhi,2011,65000,First,15.6,1196.0,70.0,5.0,4.78 Lakh,2.4,4.78,False,True,True,14,0.15384615384615385
1788,Volkswagen Ameo 1.2 MPI Trendline,Kochi,2018,46007,First,17.0,1198.0,73.75,5.0,4.78 Lakh,5.71,4.78,False,True,True,7,0.33588235294117647
1789,Ford Ecosport 1.5 DV5 MT Trend,Kochi,2015,65925,Second,22.7,1498.0,89.84,5.0,4.78 Lakh,5.49,4.78,False,False,True,10,0.24185022026431718
1790,Honda City 1.3 EXI,Pune,2004,73500,Second,13.0,1343.0,90.0,5.0,4.78 Lakh,1.3,4.78,False,True,True,21,0.1
1791,Mahindra XUV500 W6 2WD,Kolkata,2014,55000,First,16.0,2179.0,140.0,7.0,4.78 Lakh,8.5,4.78,False,False,True,11,0.53125
1792,Toyota Fortuner 4x2 Manual,Delhi,2012,115000,First,13.0,2982.0,168.5,7.0,4.78 Lakh,12.99,4.78,False,False,True,13,0.9992307692307693
1793,Hyundai Grand i10 1.2 Kappa Magna,Kolkata,2017,31184,First,18.9,1197.0,81.86,5.0,6.4 Lakh,5.0,6.4,False,True,True,8,0.2645502645502646
1794,Maruti Dzire AMT ZDI Plus,Pune,2017,41747,First,28.4,1248.0,73.75,5.0,11.26 Lakh,9.0,11.26,False,False,False,8,0.31690140845070425
1795,Maruti Swift VDI,Kochi,2016,38143,First,22.9,1248.0,74.0,5.0,4.78 Lakh,5.22,4.78,False,False,True,9,0.22794759825327512
1796,Volkswagen Polo Petrol Highline 1.2L,Pune,2012,19030,First,16.47,1198.0,73.9,5.0,4.78 Lakh,3.8,4.78,False,True,True,13,0.230722525804493
1797,Toyota Etios Liva 1.2 VX Dual Tone,Coimbatore,2019,20877,First,18.16,1197.0,78.9,5.0,7.59 Lakh,7.27,7.59,False,True,True,6,0.4003303964757709
1798,Maruti Swift VXI,Mumbai,2016,23555,First,22.0,1197.0,81.8,5.0,7 Lakh,5.1,7.0,False,True,True,9,0.2318181818181818
1799,Mercedes-Benz E-Class 2009-2013 E250 CDI Elegance,Bangalore,2013,29000,First,14.21,2143.0,203.0,5.0,4.78 Lakh,29.0,4.78,False,False,False,12,2.0408163265306123
1800,Maruti Wagon R VXI,Pune,2013,61000,First,18.9,998.0,67.1,5.0,4.78 Lakh,2.9,4.78,False,True,True,12,0.15343915343915346
1801,Tata Nano Lx BSIV,Kochi,2012,4187,First,26.0,624.0,35.0,4.0,4.78 Lakh,1.38,4.78,False,True,True,13,0.05307692307692307
1802,Skoda Laura 1.8 TSI Ambiente,Bangalore,2011,46000,First,13.4,1798.0,157.8,5.0,4.78 Lakh,5.5,4.78,False,True,True,14,0.4104477611940298
1803,Volkswagen Polo GT TSI,Mumbai,2016,28000,First,17.21,1197.0,103.5,5.0,11.26 Lakh,7.25,11.26,False,True,False,9,0.421266705403835
1804,Hyundai Verna 1.6 SX,Coimbatore,2014,83558,First,22.32,1582.0,126.32,5.0,4.78 Lakh,6.98,4.78,False,False,True,11,0.3127240143369176
1805,Tata Bolt Quadrajet XE,Hyderabad,2017,40000,First,22.95,1248.0,74.0,5.0,7.43 Lakh,5.25,7.43,False,False,True,8,0.22875816993464054
1806,Hyundai EON D Lite Plus,Kolkata,2013,36000,First,21.1,814.0,55.2,5.0,4.78 Lakh,1.95,4.78,False,True,True,12,0.0924170616113744
1807,Audi A4 2.0 TDI 177 Bhp Premium Plus,Bangalore,2014,21000,First,17.11,1968.0,174.33,5.0,4.78 Lakh,24.5,4.78,False,False,False,11,1.4319111630625365
1808,Toyota Innova 2.5 GX (Diesel) 7 Seater,Kochi,2013,62162,First,12.99,2494.0,100.0,7.0,4.78 Lakh,8.31,4.78,False,False,True,12,0.6397228637413395
1809,Mercedes-Benz M-Class ML 350 CDI,Hyderabad,2012,83000,First,11.74,2987.0,254.8,5.0,4.78 Lakh,36.0,4.78,False,False,False,13,3.0664395229982966
1810,Hyundai Xcent 1.1 CRDi S,Pune,2015,58000,First,24.4,1120.0,71.0,5.0,4.78 Lakh,5.5,4.78,False,False,True,10,0.22540983606557377
1811,Honda Accord 2.4 AT,Kochi,2011,62332,First,11.7,2354.0,177.6,5.0,4.78 Lakh,5.89,4.78,False,True,False,14,0.5034188034188034
1812,Volkswagen Vento 1.5 TDI Highline,Kochi,2016,50867,First,20.34,1498.0,103.2,5.0,4.78 Lakh,7.95,4.78,False,False,True,9,0.39085545722713866
1813,Hyundai i20 Sportz Petrol,Mumbai,2010,73000,First,17.0,1197.0,80.0,5.0,4.78 Lakh,2.75,4.78,False,True,True,15,0.16176470588235295
1814,Hyundai Elantra CRDi SX,Jaipur,2012,98008,First,22.7,1582.0,126.24,5.0,4.78 Lakh,6.25,4.78,False,False,True,13,0.27533039647577096
1815,Ford Figo Diesel Titanium,Hyderabad,2015,36000,First,20.0,1399.0,68.05,5.0,4.78 Lakh,4.95,4.78,False,False,True,10,0.2475
1816,Hyundai i20 1.2 Magna Executive,Kochi,2019,27339,First,18.6,1197.0,81.83,5.0,4.78 Lakh,6.27,4.78,False,True,True,6,0.33709677419354833
1817,Hyundai Verna 1.6 CRDi SX,Kolkata,2017,25000,First,23.9,1582.0,126.2,5.0,4.78 Lakh,8.65,4.78,False,False,True,8,0.36192468619246865
1818,Hyundai Grand i10 Asta,Kolkata,2014,37000,First,18.9,1197.0,82.0,5.0,4.78 Lakh,3.5,4.78,False,True,True,11,0.1851851851851852
1819,Audi Q5 2.0 TDI,Hyderabad,2015,56000,First,14.16,1968.0,174.3,5.0,4.78 Lakh,35.0,4.78,False,False,False,10,2.4717514124293785
1820,Maruti Swift Dzire ZXi,Kolkata,2015,27000,First,17.5,1298.0,85.8,5.0,4.78 Lakh,4.45,4.78,False,True,True,10,0.2542857142857143
1821,Hyundai i20 Magna,Kolkata,2012,37000,First,18.5,1197.0,80.0,5.0,4.78 Lakh,2.65,4.78,False,True,True,13,0.14324324324324325
1822,Mahindra KUV 100 mFALCON D75 K4 Plus 5str,Kolkata,2017,10500,First,25.32,1198.0,77.0,5.0,4.78 Lakh,4.7,4.78,False,False,True,8,0.18562401263823064
1823,Hyundai Elantra 1.6 SX Option AT,Ahmedabad,2014,49000,First,18.23,1582.0,126.2,5.0,22.43 Lakh,8.9,22.43,False,False,False,11,0.4882062534284147
1824,Jeep Compass 2.0 Limited Option Black,Mumbai,2017,7000,First,17.1,1956.0,170.0,5.0,24.02 Lakh,17.45,24.02,False,False,True,8,1.0204678362573099
1825,Maruti Vitara Brezza VDi Option,Coimbatore,2017,71256,First,24.3,1248.0,88.5,5.0,4.78 Lakh,9.58,4.78,False,False,True,8,0.394238683127572
1826,Toyota Corolla Altis 1.8 GL,Kochi,2012,83184,First,14.28,1798.0,138.03,5.0,21.69 Lakh,6.22,21.69,False,True,True,13,0.43557422969187676
1827,Mahindra XUV500 W8 2WD,Kolkata,2013,87284,First,15.1,2179.0,140.0,7.0,4.78 Lakh,7.8,4.78,False,False,True,12,0.5165562913907285
1828,BMW X1 xDrive 20d xLine,Mumbai,2016,7000,First,20.68,1995.0,190.0,5.0,4.78 Lakh,27.75,4.78,False,False,False,9,1.3418762088974856
1829,Hyundai i20 Magna 1.4 CRDi,Pune,2015,29000,Second,22.54,1396.0,88.73,5.0,4.78 Lakh,7.0,4.78,False,False,True,10,0.31055900621118016
1830,Mercedes-Benz GLE 350d,Coimbatore,2017,33552,First,11.57,2987.0,254.79,5.0,95.13 Lakh,64.87,95.13,False,False,False,8,5.606741573033708
1831,Chevrolet Cruze LTZ,Bangalore,2013,64000,Second,17.3,1998.0,163.7,5.0,4.78 Lakh,6.5,4.78,False,False,True,12,0.37572254335260113
1832,Hyundai i20 1.2 Magna,Jaipur,2011,82000,Second,18.5,1197.0,80.0,5.0,4.78 Lakh,2.7,4.78,False,True,True,14,0.14594594594594595
1833,Honda Brio S MT,Mumbai,2012,70000,Second,19.4,1198.0,86.8,5.0,4.78 Lakh,2.5,4.78,False,True,True,13,0.1288659793814433
1834,Nissan Evalia 2013 XL,Hyderabad,2013,166194,First,19.3,1461.0,84.8,7.0,4.78 Lakh,3.9,4.78,False,False,True,12,0.20207253886010362
1835,Volkswagen Polo Petrol Trendline 1.2L,Delhi,2015,58000,First,16.47,1198.0,73.9,5.0,4.78 Lakh,3.95,4.78,False,True,True,10,0.2398299939283546
1836,Hyundai i10 Sportz 1.2,Chennai,2010,77000,Second,20.36,1197.0,78.9,5.0,4.78 Lakh,2.1,4.78,False,True,True,15,0.1031434184675835
1837,Chevrolet Cruze LTZ AT,Pune,2009,73204,Third,18.1,1991.0,147.9,4.0,4.78 Lakh,3.5,4.78,False,False,False,16,0.19337016574585633
1838,Hyundai i10 Era,Hyderabad,2007,70000,Second,19.81,1086.0,68.05,5.0,4.78 Lakh,2.0,4.78,False,True,True,18,0.10095911155981828
1839,Maruti Ertiga VDI,Delhi,2014,79870,First,20.77,1248.0,88.76,7.0,4.78 Lakh,5.35,4.78,False,False,True,11,0.2575830524795378
1840,Honda Amaze S i-Dtech,Delhi,2013,90000,First,25.8,1498.0,98.6,5.0,4.78 Lakh,3.8,4.78,False,False,True,12,0.14728682170542634
1841,Mercedes-Benz A Class A180 Sport,Mumbai,2016,17000,First,15.5,1595.0,122.0,5.0,34.63 Lakh,17.25,34.63,False,True,False,9,1.1129032258064515
1842,Hyundai Grand i10 1.2 Kappa Magna,Kochi,2018,46493,First,18.9,1197.0,81.86,5.0,6.32 Lakh,5.53,6.32,False,True,True,7,0.2925925925925926
1843,Hyundai i10 Sportz 1.2,Pune,2009,68000,Third,20.36,1197.0,78.9,5.0,4.78 Lakh,1.95,4.78,False,True,True,16,0.09577603143418467
1844,Maruti Swift DDiS ZDI Plus,Hyderabad,2017,2000,First,28.4,1248.0,74.0,5.0,4.78 Lakh,8.2,4.78,False,False,True,8,0.2887323943661972
1845,Honda City 1.3 EXI,Pune,1999,140000,First,13.0,1343.0,90.0,5.0,4.78 Lakh,0.9,4.78,False,True,True,26,0.06923076923076923
1846,Toyota Innova 2.5 GX (Diesel) 7 Seater,Pune,2013,255000,Third,12.99,2494.0,100.6,7.0,4.78 Lakh,6.5,4.78,False,False,True,12,0.5003849114703618
1847,Mini Cooper Countryman D High,Coimbatore,2014,45535,First,23.8,1998.0,112.0,5.0,4.78 Lakh,19.41,4.78,False,False,False,11,0.815546218487395
1848,Fiat Linea T-Jet Active,Coimbatore,2016,39228,First,15.7,1368.0,112.4,5.0,4.78 Lakh,6.58,4.78,False,True,True,9,0.4191082802547771
1849,Chevrolet Aveo 1.4 LT,Mumbai,2011,57000,Second,14.49,1399.0,92.7,5.0,4.78 Lakh,2.1,4.78,False,True,True,14,0.14492753623188406
1850,Hyundai i10 Era 1.1,Chennai,2008,85445,Second,19.81,1086.0,68.05,5.0,4.78 Lakh,2.0,4.78,False,True,True,17,0.10095911155981828
1851,Hyundai Xcent 1.1 CRDi Base,Delhi,2015,54000,First,24.4,1120.0,71.0,5.0,4.78 Lakh,3.7,4.78,False,False,True,10,0.1516393442622951
1852,Maruti Celerio VXI AT,Mumbai,2014,53000,First,23.1,998.0,67.04,5.0,4.78 Lakh,3.8,4.78,False,True,False,11,0.16450216450216448
1853,Hyundai i10 Sportz,Jaipur,2014,60000,First,20.36,1197.0,78.9,5.0,4.78 Lakh,3.25,4.78,False,True,True,11,0.15962671905697445
1854,Renault Duster 85PS Diesel RxL,Coimbatore,2015,65668,First,19.87,1461.0,83.8,5.0,4.78 Lakh,5.53,4.78,False,False,True,10,0.27830900855561147
1855,BMW 3 Series 320d,Ahmedabad,2011,100000,Second,22.69,1995.0,190.0,5.0,43.31 Lakh,10.9,43.31,False,False,False,14,0.48038783605112384
1856,Hyundai Grand i10 Sportz,Kolkata,2018,1800,First,18.9,1197.0,82.0,5.0,4.78 Lakh,5.1,4.78,False,True,True,7,0.2698412698412698
1858,Chevrolet Spark 1.0 LS,Pune,2009,44200,Second,18.0,995.0,62.0,5.0,4.78 Lakh,1.6,4.78,False,True,True,16,0.08888888888888889
1859,Honda City i VTEC VX Option,Ahmedabad,2018,14000,First,17.4,1497.0,117.3,5.0,4.78 Lakh,11.25,4.78,False,True,True,7,0.646551724137931
1860,Volkswagen Vento Diesel Highline,Chennai,2013,720000,First,20.54,1598.0,103.6,5.0,4.78 Lakh,5.9,4.78,False,False,True,12,0.28724440116845185
1861,Toyota Fortuner 4x2 4 Speed AT,Delhi,2012,73000,First,11.5,2982.0,169.0,7.0,4.78 Lakh,14.4,4.78,False,False,False,13,1.2521739130434784
1862,Honda City 1.5 S MT,Delhi,2011,68000,First,17.0,1497.0,118.0,5.0,4.78 Lakh,3.6,4.78,False,True,True,14,0.21176470588235294
1863,BMW 5 Series 2013-2017 520d Luxury Line,Jaipur,2017,19543,First,18.12,1995.0,190.0,5.0,4.78 Lakh,40.5,4.78,False,False,False,8,2.2350993377483444
1864,Audi Q5 30 TDI quattro Premium Plus,Bangalore,2014,38000,Second,14.16,1968.0,174.3,5.0,4.78 Lakh,38.95,4.78,False,False,False,11,2.7507062146892656
1865,Maruti Ritz LDi,Delhi,2014,32805,First,23.2,1248.0,73.94,5.0,4.78 Lakh,3.6,4.78,False,False,True,11,0.15517241379310345
1866,Volkswagen Vento 1.5 TDI Highline AT,Kochi,2016,44782,First,21.21,1498.0,103.2,5.0,4.78 Lakh,7.12,4.78,False,False,False,9,0.33569071192833566
1867,Honda City i DTEC SV,Kochi,2016,55700,First,26.0,1498.0,98.6,5.0,4.78 Lakh,7.52,4.78,False,False,True,9,0.28923076923076924
1868,Audi A4 New 2.0 TDI Multitronic,Delhi,2012,60000,Second,15.2,1968.0,140.8,5.0,4.78 Lakh,10.35,4.78,False,False,False,13,0.680921052631579
1869,Skoda Rapid 1.6 MPI Elegance,Hyderabad,2014,56000,First,15.0,1598.0,103.52,5.0,4.78 Lakh,7.0,4.78,False,True,True,11,0.4666666666666667
1870,Toyota Fortuner 3.0 Diesel,Delhi,2011,60000,First,11.5,2982.0,171.0,7.0,4.78 Lakh,10.85,4.78,False,False,True,14,0.9434782608695652
1871,Chevrolet Optra Magnum 2.0 LT BS3,Mumbai,2010,78563,First,16.52,1991.0,123.7,5.0,4.78 Lakh,2.35,4.78,False,False,True,15,0.14225181598062955
1872,Maruti Eeco 7 Seater Standard,Mumbai,2014,34669,First,15.1,1196.0,73.0,7.0,4.71 Lakh,2.9,4.71,False,True,True,11,0.19205298013245034
1873,Maruti Ciaz ZXi,Delhi,2017,17000,First,20.73,1373.0,91.1,5.0,4.78 Lakh,7.65,4.78,False,True,True,8,0.36903039073806077
1874,Maruti Ciaz VDi Plus SHVS,Delhi,2016,66000,First,28.09,1248.0,88.5,5.0,4.78 Lakh,6.4,4.78,False,False,True,9,0.22783908864364544
1875,Toyota Innova 2.5 LE 2014 Diesel 7 Seater,Pune,2014,102418,First,12.99,2494.0,100.6,7.0,4.78 Lakh,10.1,4.78,False,False,True,11,0.7775211701308699
1876,Maruti Swift Dzire VXI,Kolkata,2014,48800,First,19.1,1197.0,85.8,5.0,4.78 Lakh,4.25,4.78,False,True,True,11,0.2225130890052356
1877,Toyota Innova Crysta 2.8 GX AT,Kochi,2019,10601,First,11.36,2755.0,171.5,7.0,20.74 Lakh,19.65,20.74,False,False,False,6,1.7297535211267605
1878,Tata Indica V2 eLX,Pune,2017,8200,First,25.0,1396.0,69.0,5.0,4.78 Lakh,4.4,4.78,False,False,True,8,0.17600000000000002
1879,Hyundai i20 Magna,Jaipur,2012,100000,First,18.5,1197.0,82.85,5.0,4.78 Lakh,3.25,4.78,False,True,True,13,0.17567567567567569
1880,Ford Fiesta 1.4 Duratorq ZXI,Pune,2012,78000,First,17.8,1399.0,68.0,5.0,4.78 Lakh,2.8,4.78,False,False,True,13,0.15730337078651685
1881,Chevrolet Enjoy 1.3 TCDi LS 8,Kolkata,2015,50000,First,18.2,1248.0,73.74,8.0,4.78 Lakh,4.3,4.78,False,False,True,10,0.23626373626373626
1882,Ford Fiesta 1.4 Duratorq EXI,Chennai,2006,89327,Third,17.8,1399.0,68.0,5.0,4.78 Lakh,1.55,4.78,False,False,True,19,0.08707865168539326
1883,Honda CR-V 2.4 MT,Chennai,2007,98000,Second,10.8,2354.0,152.0,5.0,4.78 Lakh,4.7,4.78,False,True,True,18,0.4351851851851852
1884,Honda Jazz 1.2 VX i VTEC,Kochi,2017,24700,First,18.7,1199.0,88.7,5.0,4.78 Lakh,7.07,4.78,False,True,True,8,0.37807486631016046
1885,Mercedes-Benz GLS 350d Grand Edition,Delhi,2018,6000,First,11.0,2987.0,258.0,7.0,1.02 Cr,79.0,1.02,False,False,False,7,7.181818181818182
1886,Hyundai Grand i10 1.2 Kappa Sportz,Delhi,2018,9434,First,18.9,1197.0,81.86,5.0,6.71 Lakh,5.75,6.71,False,True,True,7,0.30423280423280424
1887,Maruti Ritz VXi,Mumbai,2012,29000,First,18.5,1197.0,85.8,5.0,4.78 Lakh,3.25,4.78,False,True,True,13,0.17567567567567569
1888,Volkswagen Ameo 1.5 TDI Highline AT,Coimbatore,2017,22440,First,22.0,1498.0,108.495,5.0,4.78 Lakh,8.89,4.78,False,False,False,8,0.4040909090909091
1889,Honda City i VTEC SV,Mumbai,2015,73070,First,17.4,1497.0,117.3,5.0,4.78 Lakh,5.9,4.78,False,True,True,10,0.339080459770115
1890,Honda Jazz 1.2 S i VTEC,Kolkata,2016,21771,First,18.7,1199.0,88.7,5.0,4.78 Lakh,4.95,4.78,False,True,True,9,0.2647058823529412
1891,Maruti Swift Ldi BSIV,Delhi,2014,62000,First,17.8,1248.0,75.0,5.0,4.78 Lakh,3.75,4.78,False,False,True,11,0.21067415730337077
1892,Hyundai Creta 1.6 CRDi AT SX Plus,Kochi,2017,37024,First,17.01,1582.0,126.2,5.0,4.78 Lakh,10.97,4.78,False,False,False,8,0.6449147560258671
1893,Audi A7 2011-2015 3.0 TDI Quattro,Kochi,2014,60336,Second,14.4,2967.0,241.4,5.0,4.78 Lakh,24.94,4.78,False,False,False,11,1.7319444444444445
1894,Hyundai EON D Lite Plus,Kolkata,2014,26008,First,21.1,814.0,55.2,5.0,4.78 Lakh,1.97,4.78,False,True,True,11,0.0933649289099526
1895,Ford Figo Diesel EXI,Jaipur,2010,90000,Second,20.0,1399.0,68.0,5.0,4.78 Lakh,1.4,4.78,False,False,True,15,0.06999999999999999
1896,Volkswagen Ameo 1.2 MPI Highline,Coimbatore,2018,35569,First,17.0,1198.0,73.75,5.0,8.68 Lakh,7.27,8.68,False,True,True,7,0.4276470588235294
1897,Renault Scala Diesel RxL,Kolkata,2013,40000,First,21.64,1461.0,84.8,5.0,4.78 Lakh,4.0,4.78,False,False,True,12,0.18484288354898337
1898,Honda Jazz 1.2 V i VTEC,Kolkata,2015,45000,First,18.7,1199.0,88.7,5.0,4.78 Lakh,4.75,4.78,False,True,True,10,0.2540106951871658
1899,Hyundai i20 1.2 Sportz,Delhi,2015,42000,First,17.0,1197.0,80.0,5.0,4.78 Lakh,5.1,4.78,False,True,True,10,0.3
1900,Audi A4 3.0 TDI Quattro Premium,Coimbatore,2012,46913,First,14.94,2967.0,241.4,5.0,4.78 Lakh,16.11,4.78,False,False,False,13,1.0783132530120483
1901,Mahindra Ssangyong Rexton RX7,Delhi,2014,62000,First,11.18,2696.0,184.0,7.0,4.78 Lakh,10.55,4.78,False,False,False,11,0.9436493738819322
1902,Toyota Fortuner 2.8 2WD AT,Ahmedabad,2017,15000,First,12.9,2755.0,174.5,7.0,34.45 Lakh,30.0,34.45,False,False,False,8,2.3255813953488373
1903,Skoda Octavia Classic 1.9 TDI MT,Kolkata,2002,69000,First,18.7,1896.0,66.0,5.0,4.78 Lakh,1.6,4.78,False,False,True,23,0.08556149732620322
1904,Mercedes-Benz New C-Class 250 CDI Classic,Hyderabad,2012,41367,First,15.8,2148.0,170.0,5.0,4.78 Lakh,18.49,4.78,False,False,False,13,1.1702531645569618
1905,Maruti Ciaz 1.4 Zeta,Kochi,2018,15982,First,20.73,1373.0,91.1,5.0,4.78 Lakh,9.96,4.78,False,True,True,7,0.4804630969609262
1906,Maruti Swift ZDi,Hyderabad,2013,99595,Second,22.9,1248.0,74.0,5.0,4.78 Lakh,4.75,4.78,False,False,True,12,0.2074235807860262
1907,Toyota Qualis FS B3,Bangalore,2002,63000,Third,13.1,2446.0,75.0,10.0,4.78 Lakh,3.65,4.78,False,False,True,23,0.2786259541984733
1908,BMW 5 Series 2007-2010 525d Sedan,Delhi,2012,49000,Second,16.73,2495.0,218.0,5.0,4.78 Lakh,15.5,4.78,False,False,False,13,0.9264793783622235
1909,Mitsubishi Pajero 2.8 SFX BSIII Dual Tone,Kochi,2013,48272,First,10.5,2835.0,116.9,6.0,4.78 Lakh,11.82,4.78,False,False,True,12,1.1257142857142857
1910,Toyota Corolla H2,Delhi,2008,63000,First,13.4,1794.0,125.0,5.0,4.78 Lakh,2.05,4.78,False,True,True,17,0.15298507462686564
1912,Maruti Omni E MPI STD BS IV,Mumbai,2013,11734,First,16.8,796.0,34.2,8.0,4.78 Lakh,2.25,4.78,False,True,True,12,0.13392857142857142
1913,Audi A6 2011-2015 2.0 TDI,Kochi,2014,62012,First,17.68,1968.0,174.33,5.0,4.78 Lakh,20.12,4.78,False,False,False,11,1.1380090497737558
1915,Honda Jazz 1.5 S i DTEC,Coimbatore,2016,45449,First,27.3,1498.0,98.6,5.0,4.78 Lakh,7.48,4.78,False,False,True,9,0.273992673992674
1916,Mercedes-Benz E-Class 200 Kompressor Elegance,Mumbai,2004,85000,Second,10.5,1796.0,157.7,5.0,4.78 Lakh,5.5,4.78,False,True,False,21,0.5238095238095238
1917,Honda City 1.5 EXI,Jaipur,2005,88000,Second,13.0,1493.0,100.0,5.0,4.78 Lakh,1.7,4.78,False,True,True,20,0.13076923076923078
1918,Audi A4 2.0 TDI,Kochi,2013,45330,First,16.55,1968.0,147.51,5.0,4.78 Lakh,13.19,4.78,False,False,False,12,0.7969788519637462
1919,Maruti Swift Dzire VXI,Mumbai,2012,88000,First,19.1,1197.0,85.8,5.0,4.78 Lakh,3.85,4.78,False,True,True,13,0.20157068062827224
1920,Maruti Dzire VDI,Delhi,2016,45376,First,28.4,1248.0,73.75,5.0,8.58 Lakh,5.75,8.58,False,False,True,9,0.20246478873239437
1921,Mahindra XUV500 W8 4WD,Pune,2014,81000,First,15.1,2179.0,140.0,7.0,4.78 Lakh,9.0,4.78,False,False,True,11,0.5960264900662252
1922,Chevrolet Beat LT,Kochi,2012,83381,First,18.6,1199.0,79.4,5.0,4.78 Lakh,2.21,4.78,False,True,True,13,0.11881720430107526
1923,Ford EcoSport 1.5 Diesel Titanium Plus,Kochi,2017,78526,First,23.0,1498.0,98.96,5.0,12.67 Lakh,8.09,12.67,False,False,True,8,0.3517391304347826
1924,BMW 5 Series 2013-2017 530d M Sport,Coimbatore,2017,27313,First,14.69,2993.0,258.0,5.0,4.78 Lakh,48.63,4.78,False,False,False,8,3.3104152484683462
1925,Audi Q5 30 TDI quattro Premium Plus,Coimbatore,2015,42747,Second,14.16,1968.0,174.3,5.0,4.78 Lakh,39.47,4.78,False,False,False,10,2.7874293785310735
1926,BMW X1 sDrive 20d xLine,Coimbatore,2015,42265,Second,20.68,1995.0,190.0,5.0,48.18 Lakh,22.24,48.18,False,False,False,10,1.0754352030947776
1927,Hyundai i10 Magna AT,Mumbai,2009,21000,First,19.2,1197.0,80.0,5.0,4.78 Lakh,2.6,4.78,False,True,False,16,0.13541666666666669
1928,Hyundai Creta 1.6 CRDi AT SX Plus,Ahmedabad,2016,55100,First,17.01,1582.0,126.2,5.0,4.78 Lakh,12.0,4.78,False,False,False,9,0.7054673721340388
1929,Audi A4 2.0 TDI 177 Bhp Premium Plus,Chennai,2014,70000,First,17.11,1968.0,174.33,5.0,4.78 Lakh,18.0,4.78,False,False,False,11,1.0520163646990064
1930,Mercedes-Benz S Class 2005 2013 S 350 L,Mumbai,2007,55000,Third,10.13,3498.0,364.9,5.0,4.78 Lakh,9.99,4.78,False,True,False,18,0.9861796643632773
1931,Hyundai i10 Magna,Kolkata,2012,58235,First,20.36,1197.0,78.9,5.0,4.78 Lakh,2.45,4.78,False,True,True,13,0.12033398821218076
1932,Ford EcoSport 1.5 Diesel Titanium,Mumbai,2017,26000,First,23.0,1498.0,98.96,5.0,11.89 Lakh,8.99,11.89,False,False,True,8,0.3908695652173913
1933,Volkswagen Vento Diesel Highline,Kolkata,2011,35000,First,20.54,1598.0,103.6,5.0,4.78 Lakh,3.15,4.78,False,False,True,14,0.1533592989289192
1934,Maruti Dzire ZDI Plus,Jaipur,2017,24000,First,28.4,1248.0,73.75,5.0,10.48 Lakh,8.2,10.48,False,False,True,8,0.2887323943661972
1935,Mahindra Scorpio 1.99 S10,Ahmedabad,2016,98000,First,15.4,1997.0,120.0,7.0,4.78 Lakh,11.5,4.78,False,False,True,9,0.7467532467532467
1936,Hyundai i20 Asta 1.4 CRDi,Coimbatore,2016,44487,First,22.54,1396.0,88.73,5.0,4.78 Lakh,7.3,4.78,False,False,True,9,0.323868677905945
1937,Maruti Alto LXi,Chennai,2008,65000,First,19.7,796.0,46.3,5.0,4.78 Lakh,1.59,4.78,False,True,True,17,0.08071065989847716
1938,Hyundai i10 Magna,Delhi,2015,34951,Second,20.36,1197.0,78.9,5.0,4.78 Lakh,3.15,4.78,False,True,True,10,0.15471512770137524
1939,Mahindra Scorpio S6 7 Seater,Kolkata,2015,52373,Second,15.4,2179.0,120.0,7.0,4.78 Lakh,8.5,4.78,False,False,True,10,0.551948051948052
1940,Skoda Fabia 1.2L Diesel Classic,Hyderabad,2010,66285,First,19.5,1199.0,75.0,5.0,4.78 Lakh,3.0,4.78,False,False,True,15,0.15384615384615385
1941,BMW X5 xDrive 30d,Mumbai,2012,66000,First,15.3,2993.0,258.0,5.0,4.78 Lakh,21.0,4.78,False,False,False,13,1.3725490196078431
1942,Honda Jazz 1.5 S i DTEC,Hyderabad,2016,43000,First,27.3,1498.0,98.6,5.0,4.78 Lakh,7.75,4.78,False,False,True,9,0.2838827838827839
1943,Mercedes-Benz E-Class 2009-2013 E 220 CDI Avantgarde,Mumbai,2013,45200,First,10.0,2148.0,170.0,5.0,4.78 Lakh,23.0,4.78,False,False,False,12,2.3
1944,Mahindra XUV500 AT W10 FWD,Mumbai,2016,41000,First,16.0,2179.0,140.0,7.0,4.78 Lakh,13.75,4.78,False,False,False,9,0.859375
1945,Honda City i VTEC CVT SV,Kochi,2017,39430,First,18.0,1497.0,117.3,5.0,4.78 Lakh,8.29,4.78,False,True,False,8,0.4605555555555555
1946,Maruti Swift VDI,Coimbatore,2014,83274,First,22.9,1248.0,74.0,5.0,4.78 Lakh,5.79,4.78,False,False,True,11,0.25283842794759825
1947,Mercedes-Benz New C-Class 220 CDI AT,Coimbatore,2017,32324,First,14.84,2143.0,170.0,5.0,4.78 Lakh,30.5,4.78,False,False,False,8,2.055256064690027
1948,Honda City 1.5 S MT,Mumbai,2011,49999,First,17.0,1497.0,118.0,5.0,4.78 Lakh,3.8,4.78,False,True,True,14,0.22352941176470587
1949,Tata Sumo EX,Bangalore,2014,66000,First,15.3,2956.0,83.8,7.0,4.78 Lakh,4.45,4.78,False,False,True,11,0.2908496732026144
1950,Hyundai i20 Magna,Delhi,2012,54000,First,18.5,1197.0,82.85,5.0,4.78 Lakh,3.3,4.78,False,True,True,13,0.17837837837837836
1951,Fiat Linea 1.3 Dynamic,Jaipur,2009,80000,Second,20.4,1248.0,91.2,5.0,4.78 Lakh,1.75,4.78,False,False,True,16,0.0857843137254902
1952,Honda Civic 2006-2010 1.8 V AT,Bangalore,2011,72000,Second,12.9,1799.0,130.0,5.0,4.78 Lakh,5.5,4.78,False,True,False,14,0.4263565891472868
1953,Hyundai Creta 1.6 SX Plus Diesel,Pune,2017,44865,First,19.67,1582.0,126.2,5.0,4.78 Lakh,13.35,4.78,False,False,True,8,0.6786985256736145
1954,Audi A3 35 TDI Technology,Delhi,2017,22000,Second,20.38,1968.0,143.0,5.0,4.78 Lakh,22.5,4.78,False,False,False,8,1.1040235525024535
1955,Hyundai Verna VTVT 1.6 SX Option,Delhi,2013,57478,Second,17.0,1591.0,121.3,5.0,13.59 Lakh,5.25,13.59,False,True,True,12,0.3088235294117647
1956,Hyundai i20 1.4 CRDi Magna,Hyderabad,2011,75000,First,21.9,1396.0,90.0,5.0,4.78 Lakh,3.75,4.78,False,False,True,14,0.17123287671232879
1957,Honda Mobilio S i DTEC,Kochi,2015,50624,First,24.2,1498.0,98.6,7.0,4.78 Lakh,6.32,4.78,False,False,True,10,0.2611570247933884
1958,Hyundai Verna 1.6 SX CRDI (O) AT,Bangalore,2018,75000,First,22.32,1582.0,126.32,5.0,4.78 Lakh,7.75,4.78,False,False,False,7,0.3472222222222222
1959,Ford Fiesta 1.6 ZXI Duratec,Chennai,2006,87000,Second,15.3,1596.0,101.0,5.0,4.78 Lakh,1.37,4.78,False,True,True,19,0.08954248366013072
1960,Hyundai i10 Sportz 1.2,Mumbai,2010,62000,First,20.36,1197.0,78.9,5.0,4.78 Lakh,2.1,4.78,False,True,True,15,0.1031434184675835
1961,Maruti Vitara Brezza ZDi,Hyderabad,2016,41372,First,24.3,1248.0,88.5,5.0,11.02 Lakh,9.3,11.02,False,False,True,9,0.3827160493827161
1962,Toyota Innova 2.5 VX (Diesel) 7 Seater,Ahmedabad,2015,70000,First,12.99,2494.0,100.6,7.0,4.78 Lakh,12.0,4.78,False,False,True,10,0.9237875288683602
1963,Mercedes-Benz GLA Class 200 d Sport,Pune,2017,35000,First,17.9,2143.0,136.0,5.0,41.94 Lakh,23.5,41.94,False,False,False,8,1.3128491620111733
1964,Maruti Alto LXi BSIII,Hyderabad,2006,71993,First,19.7,796.0,46.3,5.0,4.78 Lakh,1.8,4.78,False,True,True,19,0.09137055837563453
1965,Mercedes-Benz New C-Class C 220 CDI Elegance AT,Chennai,2013,62000,Second,14.84,2143.0,170.0,5.0,4.78 Lakh,12.5,4.78,False,False,False,12,0.8423180592991913
1966,Maruti Swift LDI,Delhi,2015,51000,First,22.9,1248.0,74.0,5.0,4.78 Lakh,4.74,4.78,False,False,True,10,0.2069868995633188
1967,Hyundai Grand i10 Sportz,Kochi,2016,26038,First,18.9,1197.0,82.0,5.0,4.78 Lakh,5.43,4.78,False,True,True,9,0.28730158730158734
1968,Toyota Fortuner 4x4 AT,Kochi,2018,37713,Second,12.55,2982.0,168.5,7.0,4.78 Lakh,31.62,4.78,False,False,False,7,2.5195219123505974
1969,Toyota Innova 2.0 GX 8 STR,Kolkata,2011,78088,First,12.4,1998.0,132.0,8.0,4.78 Lakh,6.3,4.78,False,True,True,14,0.5080645161290323
1970,Ford EcoSport 1.5 TDCi Titanium,Kochi,2017,30453,First,22.77,1498.0,98.59,5.0,4.78 Lakh,8.45,4.78,False,False,True,8,0.37110232762406675
1971,Ford Figo 1.2P Titanium MT,Pune,2016,54000,First,18.16,1196.0,86.8,5.0,4.78 Lakh,5.0,4.78,False,True,True,9,0.2753303964757709
1972,Toyota Fortuner 3.0 Diesel,Chennai,2011,190000,First,11.5,2982.0,171.0,7.0,4.78 Lakh,13.0,4.78,False,False,True,14,1.1304347826086956
1973,Maruti Swift Dzire VXI,Hyderabad,2012,65097,First,19.1,1197.0,85.8,5.0,4.78 Lakh,4.7,4.78,False,True,True,13,0.24607329842931935
1974,BMW 7 Series 740Li,Coimbatore,2018,28060,First,12.05,2979.0,320.0,5.0,4.78 Lakh,93.67,4.78,False,True,False,7,7.7734439834024895
1975,Skoda Superb 1.8 TSI MT,Pune,2012,282000,First,13.14,1798.0,160.0,5.0,4.78 Lakh,3.3,4.78,False,True,True,13,0.2511415525114155
1976,Maruti Wagon R LXI Minor,Jaipur,2009,111000,Second,18.9,1061.0,67.0,5.0,4.78 Lakh,1.51,4.78,False,True,True,16,0.0798941798941799
1977,Renault Duster 110PS Diesel RxZ,Kochi,2013,63295,First,19.01,1461.0,108.45,5.0,4.78 Lakh,6.09,4.78,False,False,True,12,0.3203577064702788
1978,Maruti Ciaz VXi Plus,Mumbai,2015,35770,First,20.73,1373.0,91.1,5.0,4.78 Lakh,5.95,4.78,False,True,True,10,0.28702363724071395
1979,Hyundai Elantra CRDi SX,Hyderabad,2012,125928,First,22.7,1582.0,126.24,5.0,4.78 Lakh,9.0,4.78,False,False,True,13,0.39647577092511016
1980,Skoda Rapid 1.5 TDI AT Elegance,Kolkata,2015,45000,First,21.66,1498.0,103.52,5.0,4.78 Lakh,4.25,4.78,False,False,False,10,0.19621421975992612
1981,Mercedes-Benz New C-Class C 220 CDI Elegance AT,Hyderabad,2013,21000,First,14.84,2143.0,170.0,5.0,4.78 Lakh,23.5,4.78,False,False,False,12,1.5835579514824798
1982,Honda Accord 2.4 A/T,Mumbai,2011,54774,First,11.7,2354.0,177.6,5.0,4.78 Lakh,6.35,4.78,False,True,False,14,0.5427350427350427
1983,Maruti Celerio VXI,Chennai,2014,41123,First,23.1,998.0,67.04,5.0,4.78 Lakh,3.4,4.78,False,True,True,11,0.14718614718614717
1984,BMW 7 Series 740Li,Bangalore,2017,17465,First,12.05,2979.0,320.0,5.0,4.78 Lakh,93.0,4.78,False,True,False,8,7.7178423236514515
1985,BMW 3 Series 320d Sport,Chennai,2014,48000,First,22.69,1995.0,190.0,5.0,4.78 Lakh,21.6,4.78,False,False,False,11,0.9519612163948876
1986,Volkswagen Vento Diesel Trendline,Chennai,2011,173000,First,20.54,1598.0,103.6,5.0,4.78 Lakh,4.0,4.78,False,False,True,14,0.19474196689386564
1987,Maruti Swift Dzire Tour LDI,Pune,2018,12000,First,23.4,1248.0,74.0,5.0,4.78 Lakh,5.5,4.78,False,False,True,7,0.23504273504273507
1988,Land Rover Freelander 2 SE,Mumbai,2012,34000,First,12.39,2179.0,147.51,5.0,4.78 Lakh,19.25,4.78,False,False,False,13,1.5536723163841808
1989,Hyundai i20 1.4 CRDi Magna,Hyderabad,2012,71360,First,21.9,1396.0,90.0,5.0,4.78 Lakh,3.95,4.78,False,False,True,13,0.18036529680365299
1990,Maruti Dzire VDI,Mumbai,2012,74000,Second,28.4,1248.0,73.75,5.0,8.94 Lakh,4.25,8.94,False,False,True,13,0.14964788732394366
1991,Jeep Compass 2.0 Longitude,Kochi,2018,28937,First,17.1,1956.0,170.0,5.0,21.38 Lakh,17.02,21.38,False,False,True,7,0.9953216374269005
1992,Maruti Ertiga VDI,Hyderabad,2012,82085,First,20.77,1248.0,88.76,7.0,4.78 Lakh,6.5,4.78,False,False,True,13,0.31295137217140107
1993,Ford Figo Petrol ZXI,Bangalore,2011,68465,First,15.6,1196.0,70.0,5.0,4.78 Lakh,2.95,4.78,False,True,True,14,0.18910256410256412
1994,Toyota Corolla Altis 1.4 DG,Coimbatore,2013,63854,First,21.43,1364.0,86.79,5.0,19.27 Lakh,7.12,19.27,False,False,True,12,0.3322445170321979
1995,Maruti Vitara Brezza ZDi Plus AMT Dual Tone,Chennai,2018,3000,First,24.3,1248.0,88.5,5.0,12.88 Lakh,11.25,12.88,False,False,False,7,0.46296296296296297
1996,Honda City 1.5 S MT,Delhi,2009,65055,First,17.0,1497.0,118.0,5.0,4.78 Lakh,2.75,4.78,False,True,True,16,0.16176470588235295
1997,Mahindra Scorpio S10 4WD,Hyderabad,2015,120000,First,15.4,2179.0,120.0,7.0,4.78 Lakh,12.0,4.78,False,False,True,10,0.7792207792207793
1998,Hyundai Xcent 1.2 VTVT SX,Mumbai,2014,64241,First,20.14,1197.0,81.86,5.0,8.27 Lakh,3.67,8.27,False,True,True,11,0.18222442899702085
2000,Mahindra Renault Logan 1.4 GLX Petrol,Pune,2008,2200,First,15.7,1390.0,75.0,5.0,4.78 Lakh,2.3,4.78,False,True,True,17,0.1464968152866242
2001,Skoda Octavia 1.9 TDI,Pune,2008,88123,First,18.7,1896.0,66.0,5.0,4.78 Lakh,2.2,4.78,False,False,True,17,0.11764705882352942
2002,Mercedes-Benz GL-Class 2007 2012 350 CDI Luxury,Pune,2014,79000,First,12.0,2987.0,224.0,7.0,4.78 Lakh,41.0,4.78,False,False,False,11,3.4166666666666665
2003,BMW X1 sDrive 20d xLine,Bangalore,2016,28143,First,20.68,1995.0,190.0,5.0,48.18 Lakh,28.5,48.18,False,False,False,9,1.3781431334622825
2004,Volkswagen Vento 2013-2015 1.6 Comfortline,Mumbai,2015,23001,First,15.04,1598.0,103.2,5.0,4.78 Lakh,5.49,4.78,False,True,True,10,0.3650265957446809
2005,Audi A4 2.0 TDI,Ahmedabad,2013,82002,Second,16.55,1968.0,147.51,5.0,4.78 Lakh,17.5,4.78,False,False,False,12,1.0574018126888216
2006,Ford Ikon 1.4 TDCi DuraTorq,Bangalore,2009,75000,First,13.8,1399.0,68.0,5.0,4.78 Lakh,1.99,4.78,False,False,True,16,0.14420289855072463
2007,Hyundai Verna 1.6 CRDi EX MT,Kochi,2016,37451,First,22.32,1582.0,126.3,5.0,4.78 Lakh,6.64,4.78,False,False,True,9,0.2974910394265233
2008,Toyota Innova Crysta 2.4 VX MT,Hyderabad,2017,67000,First,13.68,2393.0,147.8,7.0,22.87 Lakh,16.5,22.87,False,False,True,8,1.206140350877193
2009,Hyundai Grand i10 Asta Option,Pune,2016,25000,First,18.9,1197.0,82.0,5.0,4.78 Lakh,5.0,4.78,False,True,True,9,0.2645502645502646
2010,Volkswagen Ameo 1.2 MPI Comfortline,Mumbai,2017,12000,First,17.0,1198.0,73.75,5.0,4.78 Lakh,5.4,4.78,False,True,True,8,0.31764705882352945
2011,Renault KWID RXT,Kolkata,2017,25000,First,25.17,799.0,53.3,5.0,4.78 Lakh,2.99,4.78,False,True,True,8,0.11879221295192689
2012,Honda City 1.5 S MT,Jaipur,2011,95936,First,17.0,1497.0,118.0,5.0,4.78 Lakh,4.1,4.78,False,True,True,14,0.24117647058823527
2013,Hyundai Grand i10 1.2 Kappa Magna AT,Kochi,2018,5354,First,18.9,1197.0,81.86,5.0,7.37 Lakh,6.76,7.37,False,True,False,7,0.3576719576719577
2014,Volkswagen Polo 1.0 MPI Comfortline,Chennai,2016,42000,Second,18.78,999.0,75.0,5.0,7.33 Lakh,5.5,7.33,False,True,True,9,0.2928647497337593
2015,Maruti Swift VDI BSIV,Coimbatore,2014,44282,First,25.2,1248.0,74.0,5.0,4.78 Lakh,5.99,4.78,False,False,True,11,0.23769841269841271
2016,Nissan Sunny 2011-2014 Diesel XV,Delhi,2012,70000,First,21.64,1461.0,84.8,5.0,4.78 Lakh,2.59,4.78,False,False,True,13,0.11968576709796672
2017,Jaguar XF 2.2 Litre Luxury,Mumbai,2013,31400,First,16.36,2179.0,187.7,5.0,4.78 Lakh,26.75,4.78,False,False,False,12,1.635085574572127
2018,Maruti Ciaz ZDi SHVS,Pune,2016,50000,First,28.09,1248.0,88.5,5.0,4.78 Lakh,8.5,4.78,False,False,True,9,0.3025987896048416
2019,Audi Q5 2008-2012 2.0 TDI,Bangalore,2011,53000,First,12.8,1968.0,167.6,5.0,4.78 Lakh,23.0,4.78,False,False,False,14,1.796875
2020,Ford Figo Petrol ZXI,Pune,2014,21727,First,15.6,1196.0,70.02,5.0,4.78 Lakh,3.35,4.78,False,True,True,11,0.21474358974358976
2021,Hyundai Santa Fe 4x4 AT,Bangalore,2012,43000,Second,11.72,2199.0,194.3,7.0,4.78 Lakh,10.75,4.78,False,False,False,13,0.917235494880546
2022,Mahindra Scorpio VLX 2WD AIRBAG BSIV,Kolkata,2013,75000,First,12.05,2179.0,120.0,8.0,4.78 Lakh,6.29,4.78,False,False,True,12,0.5219917012448132
2023,Renault Duster 110PS Diesel RxL,Bangalore,2014,73557,First,19.6,1461.0,108.45,5.0,4.78 Lakh,7.75,4.78,False,False,True,11,0.3954081632653061
2024,Audi A4 New 2.0 TDI Multitronic,Delhi,2012,44555,First,15.2,1968.0,140.8,5.0,4.78 Lakh,13.5,4.78,False,False,False,13,0.8881578947368421
2025,Maruti Eeco 7 Seater Standard,Coimbatore,2013,54885,First,15.1,1196.0,73.0,7.0,4.98 Lakh,3.75,4.98,False,True,True,12,0.24834437086092717
2026,Mahindra Xylo E4,Mumbai,2011,76000,Second,14.0,2498.0,112.0,7.0,4.78 Lakh,3.75,4.78,False,False,True,14,0.26785714285714285
2027,Maruti Wagon R LXI,Jaipur,2006,101000,Second,18.9,998.0,67.1,5.0,4.78 Lakh,1.5,4.78,False,True,True,19,0.07936507936507937
2028,Maruti Wagon R LXI BSIII,Chennai,2005,66000,First,14.0,1061.0,64.0,5.0,4.78 Lakh,1.45,4.78,False,True,True,20,0.10357142857142856
2029,Maruti SX4 ZXI MT BSIV,Coimbatore,2013,84360,First,15.5,1586.0,103.3,5.0,4.78 Lakh,4.12,4.78,False,True,True,12,0.2658064516129032
2030,Toyota Innova Crysta 2.4 VX MT,Mumbai,2016,25121,First,13.68,2393.0,147.8,7.0,23.06 Lakh,17.11,23.06,False,False,True,9,1.2507309941520468
2031,Toyota Innova 2.5 G (Diesel) 7 Seater,Pune,2015,100000,Second,12.99,2494.0,100.6,7.0,4.78 Lakh,10.25,4.78,False,False,True,10,0.7890685142417244
2032,Volkswagen Polo Diesel Trendline 1.2L,Kolkata,2011,66035,First,22.07,1199.0,73.9,5.0,4.78 Lakh,2.49,4.78,False,False,True,14,0.11282283642954237
2033,Toyota Etios G,Pune,2015,190000,Second,16.78,1496.0,88.73,5.0,4.78 Lakh,3.85,4.78,False,True,True,10,0.22943980929678187
2034,Ford Ecosport 1.5 DV5 MT Titanium,Hyderabad,2014,85670,First,22.7,1498.0,89.84,5.0,4.78 Lakh,6.25,4.78,False,False,True,11,0.27533039647577096
2035,Hyundai Grand i10 CRDi Magna,Hyderabad,2015,35000,First,24.0,1120.0,70.0,5.0,4.78 Lakh,4.88,4.78,False,False,True,10,0.20333333333333334
2036,Honda City i VTEC CVT SV,Mumbai,2016,8000,First,18.0,1497.0,117.3,5.0,4.78 Lakh,9.45,4.78,False,True,False,9,0.5249999999999999
2037,Toyota Innova 2.5 G3,Hyderabad,2007,162000,Second,12.8,2494.0,102.0,8.0,4.78 Lakh,4.8,4.78,False,False,True,18,0.37499999999999994
2038,Hyundai EON Era Plus,Kolkata,2012,60000,First,21.1,814.0,55.2,5.0,4.78 Lakh,1.99,4.78,False,True,True,13,0.0943127962085308
2039,Hyundai i10 Magna 1.2,Hyderabad,2010,70600,First,20.36,1197.0,78.9,5.0,4.78 Lakh,2.8,4.78,False,True,True,15,0.13752455795677798
2040,Mercedes-Benz E-Class 2009-2013 E 200 CGI Elegance,Bangalore,2011,25000,Second,12.3,1796.0,185.0,5.0,4.78 Lakh,22.0,4.78,False,True,False,14,1.7886178861788617
2041,Mahindra Bolero SLE,Hyderabad,2012,75000,First,15.96,2523.0,62.1,7.0,10.32 Lakh,4.3,10.32,False,False,True,13,0.26942355889724307
2042,Skoda Laura Ambition 2.0 TDI CR AT,Coimbatore,2014,85071,First,20.0,1968.0,138.1,5.0,4.78 Lakh,9.75,4.78,False,False,False,11,0.4875
2043,Maruti Swift ZXI,Ahmedabad,2015,40000,First,20.4,1197.0,81.8,5.0,4.78 Lakh,5.9,4.78,False,True,True,10,0.28921568627450983
2044,Audi A4 2.0 TDI,Delhi,2013,67000,First,16.55,1968.0,147.51,5.0,4.78 Lakh,14.5,4.78,False,False,False,12,0.8761329305135951
2045,Ford Fiesta 1.4 SXi TDCi ABS,Hyderabad,2009,55000,Second,17.8,1399.0,68.0,5.0,4.78 Lakh,2.4,4.78,False,False,True,16,0.1348314606741573
2046,Maruti SX4 Vxi BSIII,Mumbai,2008,62000,Second,15.0,1586.0,104.68,5.0,4.78 Lakh,2.11,4.78,False,True,True,17,0.14066666666666666
2047,Hyundai Grand i10 AT Asta,Coimbatore,2017,22526,First,18.9,1197.0,82.0,5.0,4.78 Lakh,7.6,4.78,False,True,False,8,0.40211640211640215
2048,Maruti Ritz AT,Hyderabad,2012,57788,First,17.16,1197.0,85.8,5.0,4.78 Lakh,3.6,4.78,False,True,False,13,0.2097902097902098
2049,Mahindra Scorpio 2.6 CRDe,Jaipur,2013,72000,First,10.5,2179.0,120.0,8.0,4.78 Lakh,6.0,4.78,False,False,True,12,0.5714285714285714
2050,Mahindra Scorpio S4 7 Seater,Mumbai,2014,83128,First,15.4,2179.0,120.0,7.0,4.78 Lakh,7.45,4.78,False,False,True,11,0.4837662337662338
2051,Maruti Alto LXi,Chennai,2011,75000,First,19.7,796.0,46.3,5.0,4.78 Lakh,2.1,4.78,False,True,True,14,0.10659898477157362
2052,Renault Duster 110PS Diesel RxZ,Ahmedabad,2013,58000,Second,19.01,1461.0,108.45,5.0,4.78 Lakh,5.2,4.78,False,False,True,12,0.27354024197790633
2054,Maruti Ignis 1.2 Alpha,Mumbai,2017,1000,First,20.89,1197.0,81.8,5.0,7.87 Lakh,6.36,7.87,False,True,True,8,0.3044518908568693
2055,Toyota Innova 2.5 ZX Diesel 7 Seater,Kochi,2015,59751,First,12.99,2494.0,100.6,7.0,4.78 Lakh,11.62,4.78,False,False,True,10,0.8945342571208621
2056,BMW 7 Series 730Ld Eminence,Kochi,2015,29966,Second,16.77,2993.0,261.49,5.0,1.4 Cr,43.6,1.4,False,False,False,10,2.599880739415623
2057,Hyundai Sonata Embera 2.0L CRDi MT,Kolkata,2009,65000,Second,13.6,1991.0,142.0,5.0,4.78 Lakh,4.9,4.78,False,False,True,16,0.3602941176470589
2058,Renault Duster Adventure Edition,Kochi,2015,75863,First,19.01,1461.0,108.45,5.0,4.78 Lakh,6.7,4.78,False,False,True,10,0.3524460810099947
2060,Audi A4 2.0 TDI 177 Bhp Technology Edition,Bangalore,2014,24000,First,17.11,1968.0,174.33,5.0,4.78 Lakh,25.0,4.78,False,False,False,11,1.461133839859731
2061,Jeep Compass 2.0 Longitude,Coimbatore,2018,33218,First,17.1,1956.0,170.0,5.0,22.46 Lakh,19.05,22.46,False,False,True,7,1.1140350877192982
2062,Hyundai Verna 1.4 VTVT,Kolkata,2015,33425,First,17.43,1396.0,105.5,5.0,4.78 Lakh,4.5,4.78,False,True,True,10,0.25817555938037867
2063,Honda Amaze VX i-Vtech,Pune,2013,47000,First,18.0,1198.0,86.7,5.0,4.78 Lakh,4.15,4.78,False,True,True,12,0.23055555555555557
2064,Hyundai Creta 1.6 CRDi SX Option,Chennai,2015,41000,First,19.67,1582.0,126.2,5.0,4.78 Lakh,11.9,4.78,False,False,True,10,0.6049822064056939
2065,Hyundai i10 Magna 1.1,Delhi,2011,62000,First,19.81,1086.0,68.05,5.0,4.78 Lakh,2.1,4.78,False,True,True,14,0.1060070671378092
2066,Mahindra TUV 300 T8,Delhi,2016,47035,First,18.49,1493.0,100.0,7.0,4.78 Lakh,6.95,4.78,False,False,True,9,0.37587885343428884
2067,Maruti Swift Dzire VXi,Pune,2008,56230,Second,17.5,1298.0,85.8,5.0,4.78 Lakh,2.4,4.78,False,True,True,17,0.13714285714285715
2068,Hyundai Accent GLE 1,Chennai,2007,55000,First,13.2,1495.0,94.0,5.0,4.78 Lakh,2.65,4.78,False,True,True,18,0.20075757575757577
2069,Mahindra XUV500 W8 2WD,Jaipur,2014,70669,First,15.1,2179.0,140.0,7.0,4.78 Lakh,9.0,4.78,False,False,True,11,0.5960264900662252
2070,Maruti Alto K10 2010-2014 VXI,Pune,2012,69000,First,20.92,998.0,67.1,5.0,4.78 Lakh,2.1,4.78,False,True,True,13,0.10038240917782026
2071,Chevrolet Beat LT,Pune,2011,65000,Second,18.6,1199.0,79.4,5.0,4.78 Lakh,2.5,4.78,False,True,True,14,0.13440860215053763
2072,Audi A6 2.7 TDI,Mumbai,2009,30000,First,12.4,2698.0,179.5,5.0,4.78 Lakh,8.95,4.78,False,False,False,16,0.721774193548387
2073,Mini Cooper 5 DOOR D,Hyderabad,2017,2000,First,20.7,1496.0,113.98,5.0,42.48 Lakh,34.0,42.48,False,False,False,8,1.642512077294686
2074,Maruti Swift 1.3 LXI,Pune,2011,24255,First,16.1,1197.0,74.0,5.0,4.78 Lakh,3.15,4.78,False,True,True,14,0.19565217391304346
2075,Tata Zest Revotron 1.2T XMS,Chennai,2015,40000,First,17.57,1193.0,88.7,5.0,7.69 Lakh,4.0,7.69,False,True,True,10,0.22766078542970972
2076,Honda City i DTEC SV,Kolkata,2014,40000,First,26.0,1498.0,98.6,5.0,4.78 Lakh,4.45,4.78,False,False,True,11,0.17115384615384616
2077,Chevrolet Beat LT,Jaipur,2010,26000,First,18.6,1199.0,79.4,5.0,4.78 Lakh,1.5,4.78,False,True,True,15,0.08064516129032258
2078,Audi A4 2.0 TDI Multitronic,Jaipur,2011,105000,Second,16.55,1968.0,140.0,5.0,4.78 Lakh,14.5,4.78,False,False,False,14,0.8761329305135951
2079,Ford Aspire Titanium Plus Diesel,Kolkata,2015,2800,First,26.1,1498.0,99.0,5.0,9.4 Lakh,8.41,9.4,False,False,True,10,0.3222222222222222
2080,Hyundai Verna SX CRDi AT,Mumbai,2014,71000,Second,19.08,1582.0,126.32,5.0,4.78 Lakh,5.45,4.78,False,False,False,11,0.2856394129979036
2081,Honda City i VTEC CVT VX,Mumbai,2015,32896,First,18.0,1497.0,117.3,5.0,4.78 Lakh,8.9,4.78,False,True,False,10,0.49444444444444446
2082,Hyundai i10 Sportz 1.2,Hyderabad,2012,45000,First,20.36,1197.0,78.9,5.0,4.78 Lakh,3.65,4.78,False,True,True,13,0.17927308447937132
2083,BMW X3 xDrive20d Expedition,Bangalore,2015,65000,Second,18.56,1995.0,190.0,5.0,4.78 Lakh,29.0,4.78,False,False,False,10,1.5625
2084,Audi A4 2.0 TDI,Mumbai,2013,45200,First,16.55,1968.0,147.51,5.0,4.78 Lakh,13.5,4.78,False,False,False,12,0.8157099697885196
2085,Honda CR-V 2.4 AT,Hyderabad,2008,82167,First,10.1,2354.0,152.0,5.0,4.78 Lakh,5.4,4.78,False,True,False,17,0.5346534653465347
2086,Hyundai Grand i10 1.2 Kappa Asta,Coimbatore,2016,37429,First,18.9,1197.0,81.86,5.0,8.1 Lakh,5.89,8.1,False,True,True,9,0.31164021164021166
2087,Maruti Ciaz ZDi Plus SHVS,Hyderabad,2016,46000,First,28.09,1248.0,88.5,5.0,4.78 Lakh,8.45,4.78,False,False,True,9,0.3008187967248131
2088,Honda City i-VTEC V,Delhi,2011,67031,First,17.4,1497.0,117.3,5.0,11.85 Lakh,4.0,11.85,False,True,True,14,0.2298850574712644
2089,BMW 6 Series 640d Coupe,Mumbai,2013,30000,First,9.52,2993.0,313.0,4.0,4.78 Lakh,45.0,4.78,False,False,False,12,4.726890756302521
2090,Maruti Celerio VXI AMT,Mumbai,2016,47691,First,23.1,998.0,67.04,5.0,6.08 Lakh,3.94,6.08,False,True,False,9,0.17056277056277055
2091,Renault Koleos 2.0 Diesel,Jaipur,2011,32531,Second,13.73,1995.0,148.0,5.0,4.78 Lakh,8.0,4.78,False,False,False,14,0.5826656955571741
2092,Ford Figo Diesel ZXI,Hyderabad,2013,71336,First,20.0,1399.0,68.0,5.0,4.78 Lakh,4.1,4.78,False,False,True,12,0.205
2093,Toyota Innova 2.5 V Diesel 7-seater,Chennai,2006,196000,First,12.8,2494.0,102.0,7.0,4.78 Lakh,6.25,4.78,False,False,True,19,0.48828125
2094,Maruti Dzire VDI,Kolkata,2015,28193,First,28.4,1248.0,73.75,5.0,8.36 Lakh,5.25,8.36,False,False,True,10,0.18485915492957747
2095,Mercedes-Benz SLC 43 AMG,Coimbatore,2019,2526,First,19.0,2996.0,362.07,2.0,1.06 Cr,83.96,1.06,False,True,False,6,4.418947368421052
2096,Hyundai Santro LP zipPlus,Coimbatore,2004,52146,First,0.0,1197.0,74.0,5.0,4.78 Lakh,1.93,4.78,False,True,True,21,
2097,Mercedes-Benz E-Class E 220 d,Hyderabad,2013,85000,First,16.1,1950.0,194.0,5.0,71.15 Lakh,21.0,71.15,False,False,False,12,1.3043478260869563
2098,Hyundai Grand i10 1.2 Kappa Sportz,Ahmedabad,2015,20780,First,18.9,1197.0,81.86,5.0,6.82 Lakh,4.3,6.82,False,True,True,10,0.22751322751322753
2099,Honda Mobilio S i VTEC,Mumbai,2014,43081,First,17.3,1497.0,117.3,7.0,4.78 Lakh,5.25,4.78,False,True,True,11,0.30346820809248554
2100,Porsche Cayenne Turbo S,Mumbai,2010,35000,Second,11.9,4806.0,550.0,5.0,4.78 Lakh,32.0,4.78,False,True,False,15,2.6890756302521006
2101,Mahindra Quanto C8,Kolkata,2013,36000,First,17.21,1493.0,100.0,7.0,4.78 Lakh,3.9,4.78,False,False,True,12,0.22661243463102845
2102,Toyota Corolla H5,Mumbai,2007,67000,Third,13.4,1794.0,125.0,5.0,4.78 Lakh,2.2,4.78,False,True,True,18,0.16417910447761194
2103,Mahindra KUV 100 mFALCON D75 K4,Mumbai,2016,34079,First,25.32,1198.0,77.0,6.0,4.78 Lakh,3.7,4.78,False,False,True,9,0.14612954186413904
2104,BMW 3 Series 2005-2011 325i Sedan,Coimbatore,2010,77849,Second,10.9,2497.0,215.0,5.0,4.78 Lakh,11.27,4.78,False,True,False,15,1.0339449541284402
2105,Maruti Alto 800 LXI,Jaipur,2013,86000,First,22.74,796.0,47.3,5.0,4.78 Lakh,2.41,4.78,False,True,True,12,0.10598065083553211
2106,Audi Q3 35 TDI Quattro Premium,Pune,2015,110000,First,15.73,1968.0,174.33,5.0,4.78 Lakh,19.0,4.78,False,False,False,10,1.2078830260648443
2107,Toyota Etios GD,Hyderabad,2015,116000,Second,23.59,1364.0,67.05,5.0,4.78 Lakh,5.8,4.78,False,False,True,10,0.24586689275116574
2108,Mahindra XUV500 W8 2WD,Coimbatore,2016,41840,First,15.1,2179.0,140.0,7.0,4.78 Lakh,13.52,4.78,False,False,True,9,0.895364238410596
2109,Toyota Fortuner 4x2 MT TRD Sportivo,Hyderabad,2015,19317,First,13.0,2982.0,168.7,7.0,4.78 Lakh,24.5,4.78,False,False,True,10,1.8846153846153846
2111,Mercedes-Benz GLE 250d,Kochi,2017,25601,First,17.9,2143.0,201.15,5.0,78.76 Lakh,56.73,78.76,False,False,False,8,3.1692737430167597
2112,Hyundai Creta 1.6 CRDi SX,Jaipur,2015,83950,First,19.67,1582.0,126.2,5.0,4.78 Lakh,9.95,4.78,False,False,True,10,0.5058464667005591
2113,Honda City 1.5 V AT,Pune,2012,60000,First,16.8,1497.0,118.0,5.0,4.78 Lakh,5.5,4.78,False,True,False,13,0.3273809523809524
2114,Audi A4 35 TDI Premium,Hyderabad,2015,50000,First,17.11,1968.0,174.33,5.0,4.78 Lakh,25.0,4.78,False,False,False,10,1.461133839859731
2115,Maruti Zen VXI,Kolkata,2009,37000,First,17.3,993.0,60.0,5.0,4.78 Lakh,1.0,4.78,False,True,True,16,0.057803468208092484
2116,Maruti Alto LXi,Hyderabad,2011,76976,Second,19.7,796.0,46.3,5.0,4.78 Lakh,2.15,4.78,False,True,True,14,0.10913705583756345
2117,Maruti Baleno Delta Automatic,Kochi,2018,21684,First,21.4,1197.0,83.1,5.0,4.78 Lakh,7.89,4.78,False,True,False,7,0.36869158878504676
2118,Mahindra XUV500 W10 2WD,Delhi,2015,62000,First,16.0,2179.0,140.0,7.0,4.78 Lakh,10.25,4.78,False,False,True,10,0.640625
2119,Ford Freestyle Titanium Petrol,Mumbai,2007,1261,First,19.0,1194.0,94.68,5.0,8.12 Lakh,6.0,8.12,False,True,True,18,0.3157894736842105
2120,Hyundai Elite i20 Asta Option,Coimbatore,2017,59450,First,18.6,1197.0,81.86,5.0,9.78 Lakh,7.53,9.78,False,True,True,8,0.40483870967741936
2121,Mercedes-Benz New C-Class C 220d Avantgarde Edition C,Coimbatore,2018,24465,First,19.27,2143.0,167.62,5.0,4.78 Lakh,39.45,4.78,False,False,False,7,2.0472236637259993
2122,Honda City i VTEC SV,Delhi,2014,55000,First,17.8,1497.0,117.3,5.0,4.78 Lakh,5.84,4.78,False,True,True,11,0.32808988764044944
2123,Ford EcoSport 1.5 Ti VCT MT Titanium BE,Mumbai,2017,2000,First,18.88,1499.0,110.4,5.0,4.78 Lakh,8.65,4.78,False,True,True,8,0.458156779661017
2124,Maruti Baleno Alpha 1.2,Kochi,2017,25040,First,21.4,1197.0,83.1,5.0,4.78 Lakh,7.74,4.78,False,True,True,8,0.3616822429906542
2125,Hyundai i10 Sportz,Bangalore,2008,84000,First,20.36,1197.0,78.9,5.0,4.78 Lakh,2.5,4.78,False,True,True,17,0.12278978388998035
2126,Toyota Innova 2.5 G (Diesel) 8 Seater BS IV,Pune,2007,170428,Second,12.8,2494.0,102.0,8.0,4.78 Lakh,5.7,4.78,False,False,True,18,0.4453125
2127,Maruti Baleno Delta,Mumbai,2016,12573,First,21.4,1197.0,83.1,5.0,7.36 Lakh,5.8,7.36,False,True,True,9,0.2710280373831776
2128,Audi Q7 3.0 TDI Quattro Technology,Hyderabad,2012,88000,First,12.07,2967.0,241.4,7.0,4.78 Lakh,36.5,4.78,False,False,False,13,3.024026512013256
2129,Hyundai Santa Fe 2WD AT,Delhi,2012,86000,Second,13.01,2199.0,194.3,7.0,4.78 Lakh,9.5,4.78,False,False,False,13,0.7302075326671791
2131,Honda City 1.5 V MT Exclusive,Mumbai,2013,45000,First,17.0,1497.0,118.0,5.0,4.78 Lakh,4.55,4.78,False,True,True,12,0.2676470588235294
2132,Hyundai i20 1.4 CRDi Magna,Jaipur,2012,51000,First,21.9,1396.0,90.0,5.0,4.78 Lakh,3.9,4.78,False,False,True,13,0.17808219178082194
2133,Mahindra Bolero SLE BSIII,Pune,2007,92000,First,13.6,2523.0,63.0,7.0,4.78 Lakh,2.7,4.78,False,False,True,18,0.1985294117647059
2134,Toyota Fortuner 2.8 2WD AT,Pune,2017,29000,First,12.9,2755.0,174.5,7.0,38.11 Lakh,31.0,38.11,False,False,False,8,2.4031007751937983
2135,BMW 3 Series 2005-2011 325i Sedan,Bangalore,2009,70521,Second,10.9,2497.0,215.0,5.0,4.78 Lakh,10.3,4.78,False,True,False,16,0.944954128440367
2136,BMW 3 Series 320d Sedan,Kolkata,2010,51000,First,16.07,1995.0,181.0,5.0,4.78 Lakh,7.75,4.78,False,False,False,15,0.48226509023024267
2137,Maruti Wagon R LXI,Hyderabad,2012,52618,First,18.9,998.0,67.1,5.0,4.78 Lakh,3.2,4.78,False,True,True,13,0.16931216931216933
2138,Maruti Ertiga ZDI,Delhi,2013,68000,First,25.47,1248.0,88.5,7.0,11.75 Lakh,4.85,11.75,False,False,True,12,0.19042010208087945
2139,Land Rover Range Rover Evoque 2.0 TD4 Pure,Kochi,2016,29022,Second,15.68,1999.0,177.0,5.0,4.78 Lakh,34.08,4.78,False,False,False,9,2.173469387755102
2140,Maruti Ertiga SHVS VDI,Chennai,2017,80000,First,24.52,1248.0,88.5,7.0,4.78 Lakh,8.1,4.78,False,False,True,8,0.3303425774877651
2141,Tata Indigo CS eVX,Chennai,2016,78000,Second,25.0,1396.0,69.01,5.0,4.78 Lakh,2.35,4.78,False,False,True,9,0.094
2142,Maruti Alto K10 LXI,Pune,2012,100000,First,20.92,998.0,67.1,5.0,4.78 Lakh,1.8,4.78,False,True,True,13,0.08604206500956023
2143,Hyundai EON D Lite Plus,Coimbatore,2015,31412,First,21.1,814.0,55.2,5.0,4.78 Lakh,3.42,4.78,False,True,True,10,0.16208530805687202
2144,Ford Endeavour 3.0L 4X4 AT,Mumbai,2010,78000,Second,11.4,2953.0,153.86,7.0,4.78 Lakh,5.34,4.78,False,False,False,15,0.4684210526315789
2145,Ford Endeavour 2.2 Titanium AT 4X2,Hyderabad,2018,14000,First,12.62,2198.0,158.0,7.0,4.78 Lakh,31.99,4.78,False,False,False,7,2.53486529318542
2146,Volkswagen Vento Diesel Highline,Bangalore,2011,80000,First,20.54,1598.0,103.6,5.0,4.78 Lakh,4.75,4.78,False,False,True,14,0.23125608568646544
2147,Maruti Ciaz AT ZXi,Mumbai,2014,46738,First,19.12,1373.0,91.1,5.0,4.78 Lakh,6.1,4.78,False,True,False,11,0.3190376569037657
2148,Hyundai EON D Lite Plus,Coimbatore,2013,54884,Second,21.1,814.0,55.2,5.0,4.78 Lakh,3.69,4.78,False,True,True,12,0.1748815165876777
2149,Audi Q5 2.0 TDI Premium Plus,Delhi,2012,74500,Second,14.16,1968.0,174.3,5.0,4.78 Lakh,15.0,4.78,False,False,False,13,1.0593220338983051
2150,Mahindra XUV500 W10 AWD,Coimbatore,2016,67472,First,16.0,2179.0,140.0,7.0,4.78 Lakh,14.5,4.78,False,False,True,9,0.90625
2151,Maruti Swift VDI,Hyderabad,2013,84000,First,28.4,1248.0,74.0,5.0,8.44 Lakh,5.65,8.44,False,False,True,12,0.198943661971831
2152,Maruti Ritz VDi,Kolkata,2011,77400,First,21.1,1248.0,73.9,5.0,4.78 Lakh,2.5,4.78,False,False,True,14,0.11848341232227487
2153,Mercedes-Benz New C-Class C 250 CDI Avantgarde,Mumbai,2017,14470,First,19.71,2143.0,201.15,5.0,4.78 Lakh,38.5,4.78,False,False,False,8,1.9533231861998985
2154,Renault Duster 110PS Diesel RxZ,Kolkata,2014,52108,First,19.01,1461.0,108.45,5.0,4.78 Lakh,5.49,4.78,False,False,True,11,0.28879537085744345
2155,Maruti Swift Dzire VXI,Kolkata,2013,40000,First,19.1,1197.0,85.8,5.0,4.78 Lakh,3.55,4.78,False,True,True,12,0.1858638743455497
2156,Toyota Innova 2.5 VX (Diesel) 7 Seater,Jaipur,2014,105044,First,12.99,2494.0,100.6,7.0,4.78 Lakh,10.75,4.78,False,False,True,11,0.827559661277906
2157,Hyundai Creta 1.6 SX Option,Delhi,2016,24347,First,15.8,1591.0,121.3,5.0,16.06 Lakh,11.0,16.06,False,True,True,9,0.6962025316455696
2158,Maruti SX4 ZDI,Ahmedabad,2014,58000,First,21.79,1248.0,88.73,5.0,4.78 Lakh,4.5,4.78,False,False,True,11,0.2065167508031207
2159,Mahindra XUV500 W8 2WD,Kochi,2014,49663,First,15.1,2179.0,140.0,7.0,4.78 Lakh,8.42,4.78,False,False,True,11,0.5576158940397351
2160,Honda City i-VTEC CVT VX,Mumbai,2017,17000,First,18.0,1497.0,117.3,5.0,15.29 Lakh,11.6,15.29,False,True,False,8,0.6444444444444444
2161,Jaguar XF 2.2 Litre Luxury,Kochi,2016,13418,First,16.36,2179.0,187.7,5.0,4.78 Lakh,33.63,4.78,False,False,False,9,2.0556234718826407
2162,Ford Fiesta 1.4 SXi TDCi ABS,Pune,2008,117080,Third,17.8,1399.0,68.0,5.0,4.78 Lakh,2.25,4.78,False,False,True,17,0.12640449438202248
2163,BMW 5 Series 523i Sedan,Mumbai,2010,74000,First,10.8,2497.0,150.0,5.0,4.78 Lakh,12.95,4.78,False,True,False,15,1.199074074074074
2165,Audi A6 2011-2015 2.0 TDI Premium Plus,Coimbatore,2014,66882,First,17.68,1968.0,174.33,5.0,4.78 Lakh,25.02,4.78,False,False,False,11,1.415158371040724
2166,Honda Brio 1.2 VX MT,Kochi,2014,41460,First,18.5,1198.0,86.8,5.0,6.63 Lakh,3.95,6.63,False,True,True,11,0.21351351351351353
2167,Honda City 1.5 V AT,Mumbai,2011,57000,First,16.8,1497.0,118.0,5.0,4.78 Lakh,4.4,4.78,False,True,False,14,0.2619047619047619
2168,Volkswagen Polo Petrol Comfortline 1.2L,Bangalore,2015,34010,Third,16.47,1198.0,73.9,5.0,4.78 Lakh,4.95,4.78,False,True,True,10,0.30054644808743175
2169,Mahindra Scorpio SLE BSIII,Pune,2010,96813,Second,12.05,2179.0,120.0,8.0,4.78 Lakh,5.5,4.78,False,False,True,15,0.45643153526970953
2170,Honda City V MT,Mumbai,2011,84000,First,16.8,1497.0,116.3,5.0,4.78 Lakh,3.25,4.78,False,True,True,14,0.19345238095238093
2171,Skoda Rapid 1.6 MPI Elegance,Kochi,2013,50004,First,15.0,1598.0,103.5,5.0,4.78 Lakh,4.02,4.78,False,True,True,12,0.26799999999999996
2172,Mahindra XUV500 W6 2WD,Coimbatore,2016,67995,First,16.0,2179.0,140.0,7.0,4.78 Lakh,11.73,4.78,False,False,True,9,0.733125
2173,Volkswagen Jetta 2007-2011 2.0 TDI Trendline,Chennai,2012,55000,First,15.0,1896.0,105.0,5.0,4.78 Lakh,9.5,4.78,False,False,True,13,0.6333333333333333
2174,Maruti Baleno Alpha Automatic,Hyderabad,2017,14900,First,21.4,1197.0,83.1,5.0,4.78 Lakh,8.6,4.78,False,True,False,8,0.40186915887850466
2175,Honda Amaze EX i-Dtech,Jaipur,2013,70961,First,25.8,1498.0,98.6,5.0,4.78 Lakh,4.0,4.78,False,False,True,12,0.15503875968992248
2176,Volkswagen Vento 1.6 Highline,Mumbai,2015,40194,First,15.04,1598.0,103.2,5.0,4.78 Lakh,5.55,4.78,False,True,True,10,0.36901595744680854
2177,Maruti Alto 800 LXI,Hyderabad,2015,96000,First,22.74,796.0,47.3,5.0,4.78 Lakh,2.5,4.78,False,True,True,10,0.10993843447669306
2178,Land Rover Discovery HSE Luxury 3.0 TD6,Mumbai,2017,35000,First,18.0,2993.0,255.0,7.0,1.27 Cr,41.6,1.27,False,False,False,8,2.3111111111111113
2179,Honda City i VTEC CVT VX,Delhi,2015,50000,First,18.0,1497.0,117.3,5.0,4.78 Lakh,7.41,4.78,False,True,False,10,0.4116666666666667
2180,Nissan Terrano XL 110 PS,Mumbai,2014,50000,First,19.01,1461.0,108.5,5.0,4.78 Lakh,6.5,4.78,False,False,True,11,0.34192530247238295
2181,Maruti Alto LXi,Mumbai,2008,26299,First,19.7,796.0,46.3,5.0,4.78 Lakh,1.2,4.78,False,True,True,17,0.06091370558375635
2182,Toyota Fortuner 2.8 4WD MT,Bangalore,2015,150386,First,14.24,2755.0,174.5,7.0,39.6 Lakh,23.0,39.6,False,False,True,10,1.6151685393258426
2183,Hyundai i20 1.4 CRDi Magna,Kolkata,2012,60000,First,21.9,1396.0,90.0,5.0,4.78 Lakh,2.74,4.78,False,False,True,13,0.12511415525114156
2184,Ford Figo Diesel Titanium,Hyderabad,2013,65000,First,20.0,1399.0,68.0,5.0,4.78 Lakh,3.9,4.78,False,False,True,12,0.195
2185,Maruti Vitara Brezza ZDi Plus,Ahmedabad,2017,80000,First,24.3,1248.0,88.5,5.0,10.91 Lakh,8.0,10.91,False,False,True,8,0.3292181069958848
2186,Hyundai Verna 1.6 SX,Chennai,2012,92000,Third,22.32,1582.0,126.32,5.0,4.78 Lakh,4.0,4.78,False,False,True,13,0.17921146953405018
2187,Hyundai Tucson 2.0 Dual VTVT 2WD AT GL,Mumbai,2016,13000,First,12.95,1999.0,152.88,5.0,25.75 Lakh,17.75,25.75,False,True,False,9,1.3706563706563708
2188,Maruti Ritz VDi,Coimbatore,2013,73278,First,21.1,1248.0,73.9,5.0,4.78 Lakh,5.05,4.78,False,False,True,12,0.23933649289099523
2189,Audi A4 2.0 TFSI,Mumbai,2011,38000,First,10.8,1984.0,132.0,5.0,4.78 Lakh,12.0,4.78,False,True,False,14,1.111111111111111
2190,Mercedes-Benz E-Class E250 CDI Launch Edition,Kochi,2016,46936,First,13.0,2143.0,204.0,5.0,4.78 Lakh,29.6,4.78,False,False,False,9,2.276923076923077
2191,Renault Duster 85PS Diesel RxE,Jaipur,2015,55000,First,19.87,1461.0,83.8,5.0,4.78 Lakh,6.5,4.78,False,False,True,10,0.3271263210870659
2192,Honda Amaze S AT i-Vtech,Mumbai,2014,19000,First,15.5,1198.0,86.7,5.0,4.78 Lakh,4.75,4.78,False,True,False,11,0.3064516129032258
2193,Volvo S60 D4 SUMMUM,Coimbatore,2016,42259,First,9.0,1984.0,181.0,5.0,4.78 Lakh,24.36,4.78,False,False,False,9,2.7066666666666666
2194,Maruti Swift Dzire 1.2 Lxi BSIV,Mumbai,2011,14000,Second,17.5,1197.0,85.8,5.0,4.78 Lakh,3.2,4.78,False,True,True,14,0.18285714285714286
2195,Maruti Wagon R VXI,Kolkata,2016,16956,First,22.5,998.0,67.04,5.0,5.29 Lakh,3.6,5.29,False,True,True,9,0.16
2196,Maruti Omni MPI STD BSIV,Coimbatore,2017,15473,First,16.8,796.0,34.2,5.0,4.78 Lakh,3.58,4.78,False,True,True,8,0.2130952380952381
2197,Maruti SX4 VDI,Delhi,2011,75000,First,21.5,1248.0,88.8,5.0,4.78 Lakh,2.5,4.78,False,False,True,14,0.11627906976744186
2198,Ford Fiesta Titanium 1.5 TDCi,Ahmedabad,2013,96000,Second,23.5,1498.0,90.0,5.0,4.78 Lakh,3.5,4.78,False,False,True,12,0.14893617021276595
2199,Toyota Camry Hybrid,Delhi,2015,25000,First,19.16,2494.0,158.2,5.0,4.78 Lakh,25.0,4.78,False,True,False,10,1.3048016701461378
2200,Maruti Wagon R VXI,Mumbai,2010,38000,Second,22.5,998.0,67.04,5.0,5.61 Lakh,1.75,5.61,False,True,True,15,0.07777777777777778
2201,Mercedes-Benz E-Class E270 CDI,Bangalore,2005,54000,First,11.0,2987.0,198.5,5.0,4.78 Lakh,10.0,4.78,False,False,False,20,0.9090909090909091
2202,Maruti Baleno Zeta Automatic,Jaipur,2018,4131,First,21.4,1197.0,83.1,5.0,4.78 Lakh,7.75,4.78,False,True,False,7,0.3621495327102804
2203,Honda Jazz 1.2 VX i VTEC,Hyderabad,2016,31700,First,18.7,1199.0,88.7,5.0,4.78 Lakh,6.45,4.78,False,True,True,9,0.34491978609625673
2204,Mahindra Scorpio S10 AT 4WD,Pune,2017,66988,First,15.4,2179.0,120.0,7.0,4.78 Lakh,10.0,4.78,False,False,False,8,0.6493506493506493
2205,Volkswagen Polo 1.2 MPI Trendline,Mumbai,2014,54230,First,16.47,1198.0,74.0,5.0,4.78 Lakh,4.5,4.78,False,True,True,11,0.273224043715847
2206,Hyundai i20 1.2 Era,Kolkata,2015,35000,First,17.0,1197.0,80.0,5.0,4.78 Lakh,3.4,4.78,False,True,True,10,0.19999999999999998
2207,Toyota Camry W4 (AT),Mumbai,2010,62714,First,12.1,2362.0,164.7,5.0,4.78 Lakh,4.5,4.78,False,True,False,15,0.37190082644628103
2208,Maruti Wagon R VXI,Hyderabad,2015,45295,First,18.9,998.0,67.1,5.0,4.78 Lakh,4.3,4.78,False,True,True,10,0.22751322751322753
2209,BMW 5 Series 2013-2017 520d M Sport,Pune,2018,7000,First,18.12,1995.0,190.0,5.0,4.78 Lakh,46.0,4.78,False,False,False,7,2.538631346578366
2210,Maruti Alto K10 VXI AGS,Chennai,2016,57000,First,24.07,998.0,67.1,5.0,4.78 Lakh,3.4,4.78,False,True,False,9,0.14125467386788532
2211,Mercedes-Benz New C-Class 220 CDI AT,Delhi,2013,40100,First,14.84,2143.0,170.0,5.0,4.78 Lakh,14.5,4.78,False,False,False,12,0.977088948787062
2212,Maruti Alto 800 2016-2019 LXI,Delhi,2013,56000,First,24.7,796.0,47.3,5.0,4.78 Lakh,2.1,4.78,False,True,True,12,0.08502024291497977
2213,Maruti Swift VXI,Mumbai,2012,15000,First,18.6,1197.0,85.8,5.0,4.78 Lakh,3.65,4.78,False,True,True,13,0.19623655913978494
2214,Chevrolet Sail Hatchback 1.2 LS ABS,Kolkata,2014,14000,First,18.2,1199.0,82.5,5.0,4.78 Lakh,3.0,4.78,False,True,True,11,0.16483516483516483
2215,Hyundai i20 Asta 1.4 CRDi (Diesel),Ahmedabad,2009,68000,Second,23.0,1396.0,90.0,5.0,4.78 Lakh,3.95,4.78,False,False,True,16,0.17173913043478262
2216,Skoda Superb 2.5 TDi AT,Delhi,2012,83000,First,11.9,2496.0,163.2,5.0,4.78 Lakh,6.75,4.78,False,False,False,13,0.5672268907563025
2217,Toyota Corolla Altis D-4D G,Kochi,2013,81504,First,21.43,1364.0,87.2,5.0,4.78 Lakh,6.53,4.78,False,False,True,12,0.3047130191320579
2218,Toyota Fortuner 4x2 Manual,Hyderabad,2015,73500,First,13.0,2982.0,168.5,7.0,4.78 Lakh,22.0,4.78,False,False,True,10,1.6923076923076923
2219,Skoda Rapid 1.6 MPI AT Elegance,Pune,2013,52900,First,14.3,1598.0,103.52,5.0,4.78 Lakh,4.75,4.78,False,True,False,12,0.33216783216783213
2220,Honda Brio 1.2 VX AT,Mumbai,2017,20000,First,16.5,1198.0,86.8,5.0,8.05 Lakh,5.99,8.05,False,True,False,8,0.36303030303030304
2221,Volkswagen Polo Petrol Comfortline 1.2L,Jaipur,2011,46000,First,16.47,1198.0,73.9,5.0,4.78 Lakh,3.05,4.78,False,True,True,14,0.18518518518518517
2222,Volkswagen Polo Petrol Comfortline 1.2L,Delhi,2010,65000,First,16.47,1198.0,73.9,5.0,4.78 Lakh,2.4,4.78,False,True,True,15,0.14571948998178508
2223,Maruti Zen Estilo LXI BSIII,Pune,2007,42000,Third,18.2,998.0,67.1,5.0,4.78 Lakh,1.3,4.78,False,True,True,18,0.07142857142857144
2224,Toyota Etios Cross 1.4L GD,Kochi,2016,36681,First,23.59,1364.0,67.06,5.0,8.82 Lakh,6.71,8.82,False,False,True,9,0.2844425604069521
2225,Mahindra XUV500 W8 2WD,Ahmedabad,2014,67000,Second,15.1,2179.0,140.0,7.0,4.78 Lakh,7.2,4.78,False,False,True,11,0.4768211920529802
2226,Hyundai Grand i10 AT Asta,Chennai,2016,18000,First,18.9,1197.0,82.0,5.0,4.78 Lakh,5.4,4.78,False,True,False,9,0.28571428571428575
2227,Ford Ecosport 1.5 DV5 MT Titanium Optional,Kochi,2015,56409,First,22.7,1498.0,89.84,5.0,4.78 Lakh,6.63,4.78,False,False,True,10,0.2920704845814978
2229,Honda City i-VTEC CVT ZX,Coimbatore,2018,20300,First,18.0,1497.0,117.3,5.0,17.38 Lakh,14.21,17.38,False,True,False,7,0.7894444444444445
2230,Honda City 1.5 V MT,Kolkata,2010,45008,First,17.0,1497.0,118.0,5.0,4.78 Lakh,3.0,4.78,False,True,True,15,0.17647058823529413
2231,Maruti Celerio ZXI MT,Kochi,2017,21799,First,23.1,998.0,67.04,5.0,5.69 Lakh,5.11,5.69,False,True,True,8,0.22121212121212122
2232,Volkswagen Vento Petrol Highline,Pune,2011,57328,First,15.04,1598.0,103.6,5.0,4.78 Lakh,3.39,4.78,False,True,True,14,0.22539893617021278
2233,Toyota Innova Crysta 2.8 ZX AT,Hyderabad,2017,35358,First,11.36,2755.0,171.5,7.0,26.56 Lakh,22.99,26.56,False,False,False,8,2.023767605633803
2234,Hyundai i20 Magna,Delhi,2009,46946,Second,18.5,1197.0,80.0,5.0,4.78 Lakh,2.35,4.78,False,True,True,16,0.12702702702702703
2235,Maruti Ritz VDi,Kolkata,2012,39772,First,23.2,1248.0,73.94,5.0,4.78 Lakh,2.85,4.78,False,False,True,13,0.1228448275862069
2236,Audi A6 2011-2015 2.0 TDI Premium Plus,Delhi,2014,58000,First,17.68,1968.0,174.33,5.0,4.78 Lakh,18.5,4.78,False,False,False,11,1.0463800904977376
2237,Renault Duster Petrol RxL,Bangalore,2014,52000,First,13.24,1598.0,102.57,5.0,4.78 Lakh,5.99,4.78,False,True,True,11,0.45241691842900306
2238,Honda Civic 2006-2010 1.8 V MT,Hyderabad,2008,152000,Second,13.5,1799.0,130.0,5.0,4.78 Lakh,3.0,4.78,False,True,True,17,0.2222222222222222
2239,Tata Tiago 1.2 Revotron XT,Jaipur,2016,42700,First,23.84,1199.0,84.0,5.0,5.61 Lakh,3.6,5.61,False,True,True,9,0.15100671140939598
2240,Audi A4 2.0 TDI,Hyderabad,2014,60000,First,16.55,1968.0,147.51,5.0,4.78 Lakh,24.0,4.78,False,False,False,11,1.4501510574018126
2241,Maruti Swift Dzire VXI,Coimbatore,2015,33195,First,19.1,1197.0,85.8,5.0,4.78 Lakh,6.26,4.78,False,True,True,10,0.3277486910994764
2242,Toyota Fortuner 2.8 4WD MT,Hyderabad,2010,110000,First,14.24,2755.0,174.5,7.0,37.51 Lakh,13.7,37.51,False,False,True,15,0.9620786516853932
2243,Mercedes-Benz M-Class ML 250 CDI,Mumbai,2016,52000,First,15.26,2143.0,203.2,5.0,4.78 Lakh,35.0,4.78,False,False,False,9,2.293577981651376
2244,Hyundai i20 Magna 1.4 CRDi,Kochi,2015,64399,First,21.9,1396.0,90.0,5.0,4.78 Lakh,5.02,4.78,False,False,True,10,0.22922374429223744
2245,Maruti Wagon R VXI 1.2,Mumbai,2015,55000,First,21.5,1197.0,81.8,5.0,5.88 Lakh,3.1,5.88,False,True,True,10,0.14418604651162792
2246,Volkswagen Vento Diesel Highline,Bangalore,2012,50000,First,20.54,1598.0,103.6,5.0,4.78 Lakh,5.5,4.78,False,False,True,13,0.26777020447906524
2247,Maruti Swift Dzire VXI,Kolkata,2014,33485,First,19.1,1197.0,85.8,5.0,4.78 Lakh,3.59,4.78,False,True,True,11,0.18795811518324604
2248,Fiat Linea Emotion (Diesel),Kolkata,2015,32000,First,20.4,1248.0,91.7,5.0,4.78 Lakh,4.65,4.78,False,False,True,10,0.22794117647058826
2249,Honda City 1.5 V MT,Bangalore,2009,71400,Third,17.0,1497.0,118.0,5.0,4.78 Lakh,3.8,4.78,False,True,True,16,0.22352941176470587
2250,Hyundai Creta 1.6 SX Plus Diesel,Hyderabad,2016,41713,First,19.67,1582.0,126.2,5.0,4.78 Lakh,12.5,4.78,False,False,True,9,0.6354855109303508
2251,Honda City i-DTEC ZX,Hyderabad,2017,46000,First,25.6,1498.0,98.6,5.0,16.95 Lakh,12.9,16.95,False,False,True,8,0.50390625
2252,Maruti Omni 8 Seater BSIV,Hyderabad,2015,52950,First,14.0,796.0,35.0,5.0,4.78 Lakh,2.35,4.78,False,True,True,10,0.16785714285714287
2253,Maruti Swift LXI Option,Chennai,2015,29500,First,20.4,1197.0,81.8,5.0,4.78 Lakh,4.15,4.78,False,True,True,10,0.20343137254901963
2254,Mercedes-Benz M-Class ML 350 CDI Corporate,Coimbatore,2012,63888,First,14.0,2987.0,224.0,5.0,4.78 Lakh,22.58,4.78,False,False,False,13,1.6128571428571428
2255,Maruti Alto 800 2016-2019 LXI,Ahmedabad,2016,60000,First,24.7,796.0,47.3,5.0,4.78 Lakh,2.65,4.78,False,True,True,9,0.10728744939271255
2256,Ford Figo Petrol Titanium,Delhi,2010,59196,Second,15.6,1196.0,70.0,5.0,4.78 Lakh,2.25,4.78,False,True,True,15,0.14423076923076925
2257,Toyota Innova Crysta 2.4 G MT,Hyderabad,2016,121362,First,13.68,2393.0,147.8,7.0,4.78 Lakh,16.0,4.78,False,False,True,9,1.1695906432748537
2258,BMW 5 Series 2003-2012 520d,Mumbai,2013,78000,First,18.48,1995.0,177.0,5.0,4.78 Lakh,19.5,4.78,False,False,False,12,1.0551948051948052
2259,Hyundai Santa Fe 4WD AT,Bangalore,2015,59000,First,13.01,2199.0,194.3,7.0,4.78 Lakh,21.0,4.78,False,False,False,10,1.6141429669485012
2260,BMW 5 Series 520d Luxury Line,Ahmedabad,2012,95000,Second,22.48,1995.0,190.0,5.0,63.71 Lakh,17.5,63.71,False,False,False,13,0.7784697508896797
2261,Ford Fiesta EXi 1.4 TDCi Ltd,Hyderabad,2010,84000,Second,17.8,1399.0,68.0,5.0,4.78 Lakh,2.41,4.78,False,False,True,15,0.13539325842696628
2263,Land Rover Range Rover 2.2L Prestige,Coimbatore,2014,64557,Second,12.7,2179.0,187.7,5.0,4.78 Lakh,29.93,4.78,False,False,False,11,2.3566929133858268
2264,Toyota Etios Liva V,Pune,2012,24500,Second,18.3,1197.0,74.0,5.0,4.78 Lakh,2.95,4.78,False,True,True,13,0.16120218579234974
2265,Maruti Alto LX,Kolkata,2009,68078,First,19.7,796.0,46.3,5.0,4.78 Lakh,1.02,4.78,False,True,True,16,0.05177664974619289
2266,Toyota Fortuner 3.0 Diesel,Jaipur,2009,149706,First,11.5,2982.0,171.0,7.0,4.78 Lakh,11.0,4.78,False,False,True,16,0.9565217391304348
2268,Ford Ecosport 1.5 Ti VCT MT Titanium,Mumbai,2013,25984,First,15.8,1499.0,110.0,5.0,4.78 Lakh,5.35,4.78,False,True,True,12,0.33860759493670883
2269,Maruti Baleno Sigma 1.2,Mumbai,2017,15544,First,21.4,1197.0,83.1,5.0,4.78 Lakh,5.65,4.78,False,True,True,8,0.2640186915887851
2270,Mini Cooper Countryman D High,Mumbai,2015,34000,First,23.8,1998.0,112.0,5.0,4.78 Lakh,22.0,4.78,False,False,False,10,0.9243697478991596
2271,Hyundai Verna 1.6 VTVT EX AT,Mumbai,2013,24000,First,17.01,1591.0,121.4,5.0,4.78 Lakh,5.95,4.78,False,True,False,12,0.34979423868312753
2272,Ford Figo Diesel Titanium,Pune,2011,95000,Third,20.0,1399.0,68.0,5.0,4.78 Lakh,2.35,4.78,False,False,True,14,0.11750000000000001
2273,Honda Amaze S i-Dtech,Pune,2014,52000,Second,25.8,1498.0,98.6,5.0,4.78 Lakh,4.1,4.78,False,False,True,11,0.15891472868217052
2274,Renault Duster 110PS Diesel RxZ,Pune,2012,135000,First,19.01,1461.0,108.45,5.0,4.78 Lakh,5.4,4.78,False,False,True,13,0.2840610205155181
2275,Ford EcoSport 1.5 Diesel Titanium,Delhi,2017,39000,First,23.0,1498.0,98.96,5.0,11.47 Lakh,8.45,11.47,False,False,True,8,0.3673913043478261
2276,BMW X6 xDrive30d,Jaipur,2013,45306,Second,11.2,2993.0,241.0,4.0,4.78 Lakh,42.5,4.78,False,False,False,12,3.794642857142857
2277,Toyota Fortuner 2.8 4WD MT,Mumbai,2010,140000,First,14.24,2755.0,174.5,7.0,37.46 Lakh,10.75,37.46,False,False,True,15,0.7549157303370786
2279,Mahindra Ssangyong Rexton RX7,Kochi,2015,67415,First,11.18,2696.0,184.0,7.0,4.78 Lakh,11.03,4.78,False,False,False,10,0.9865831842576028
2280,Maruti Celerio VXI,Kolkata,2016,25562,First,23.1,998.0,67.04,5.0,4.78 Lakh,3.5,4.78,False,True,True,9,0.15151515151515152
2281,Hyundai i20 Sportz 1.2,Jaipur,2016,30292,First,18.6,1197.0,81.83,5.0,4.78 Lakh,6.3,4.78,False,True,True,9,0.3387096774193548
2282,Ford EcoSport 1.0 Ecoboost Titanium Plus,Bangalore,2014,84056,First,18.88,999.0,123.24,5.0,4.78 Lakh,6.75,4.78,False,True,True,11,0.357521186440678
2283,Maruti Ciaz VDi,Jaipur,2017,62691,First,26.21,1248.0,88.5,5.0,4.78 Lakh,7.5,4.78,False,False,True,8,0.28615032430370085
2284,Audi A4 2.0 TDI 177 Bhp Premium Plus,Pune,2013,87000,First,17.11,1968.0,174.33,5.0,4.78 Lakh,15.5,4.78,False,False,False,12,0.9059029807130333
2285,Honda Amaze S i-Vtech,Delhi,2015,52513,First,18.0,1198.0,86.7,5.0,4.78 Lakh,4.65,4.78,False,True,True,10,0.25833333333333336
2286,Ford EcoSport 1.5 Ti VCT AT Titanium,Kochi,2016,43983,First,15.63,1499.0,110.4,5.0,4.78 Lakh,7.58,4.78,False,True,False,9,0.48496481126039664
2287,Maruti Alto K10 2010-2014 VXI,Hyderabad,2013,90121,First,20.92,998.0,67.1,5.0,4.78 Lakh,2.2,4.78,False,True,True,12,0.10516252390057361
2288,Audi A6 3.0 TDI quattro,Bangalore,2011,50000,Third,16.77,2967.0,241.38,5.0,4.78 Lakh,21.0,4.78,False,False,False,14,1.2522361359570662
2289,Volkswagen Passat Diesel Highline 2.0 TDI,Kolkata,2011,42500,First,18.33,1968.0,167.7,5.0,4.78 Lakh,5.25,4.78,False,False,False,14,0.2864157119476269
2290,Maruti Swift VDI,Kochi,2016,62192,First,28.4,1248.0,74.0,5.0,7.88 Lakh,5.22,7.88,False,False,True,9,0.18380281690140846
2291,Mahindra Logan Diesel 1.5 DLS,Chennai,2011,128000,Third,19.2,1461.0,65.0,5.0,4.78 Lakh,2.0,4.78,False,False,True,14,0.10416666666666667
2292,Maruti Ciaz Alpha,Kochi,2018,38394,First,21.56,1462.0,103.25,5.0,11.37 Lakh,9.18,11.37,False,True,True,7,0.4257884972170687
2293,Tata Nano Lx,Coimbatore,2013,37287,First,26.0,624.0,35.0,4.0,4.78 Lakh,1.74,4.78,False,True,True,12,0.06692307692307692
2294,Honda City 1.5 V AT,Delhi,2011,60000,First,16.8,1497.0,118.0,5.0,4.78 Lakh,4.45,4.78,False,True,False,14,0.2648809523809524
2295,Ford Figo 2015-2019 1.2P Trend MT,Coimbatore,2017,39419,First,18.16,1196.0,86.8,5.0,4.78 Lakh,4.95,4.78,False,True,True,8,0.2725770925110132
2296,Hyundai i20 Sportz 1.4 CRDi,Delhi,2014,55000,First,22.54,1396.0,88.73,5.0,4.78 Lakh,5.64,4.78,False,False,True,11,0.2502218278615794
2297,Ford EcoSport 1.5 Ti VCT MT Titanium BE,Mumbai,2016,7000,First,18.88,1499.0,110.4,5.0,4.78 Lakh,6.9,4.78,False,True,True,9,0.3654661016949153
2298,Audi A4 2.0 TDI,Hyderabad,2011,85000,First,16.55,1968.0,147.51,5.0,4.78 Lakh,13.95,4.78,False,False,False,14,0.8429003021148036
2299,BMW 1 Series 118d Sport Line,Hyderabad,2013,51000,Second,20.58,1995.0,143.0,5.0,4.78 Lakh,17.0,4.78,False,False,False,12,0.826044703595724
2300,Tata Safari DICOR 2.2 LX 4x2,Bangalore,2012,90000,Second,13.93,2179.0,138.03,7.0,4.78 Lakh,4.6,4.78,False,False,True,13,0.33022254127781764
2301,Mahindra Scorpio VLX 4WD AIRBAG BSIV,Jaipur,2010,105000,Second,12.05,2179.0,120.0,8.0,4.78 Lakh,5.21,4.78,False,False,True,15,0.43236514522821573
2302,Hyundai Creta 1.6 SX Plus Dual Tone Petrol,Coimbatore,2017,36458,First,15.29,1591.0,121.3,5.0,4.78 Lakh,12.34,4.78,False,True,True,8,0.8070634401569654
2303,Honda City ZX VTEC,Chennai,2006,109000,First,16.9,1497.0,100.0,5.0,4.78 Lakh,1.5,4.78,False,True,True,19,0.08875739644970415
2304,BMW X1 sDrive 20d Sportline,Delhi,2015,49000,First,17.05,1995.0,184.0,5.0,4.78 Lakh,22.99,4.78,False,False,False,10,1.3483870967741933
2306,Land Rover Range Rover Sport 2005 2012 HSE,Hyderabad,2010,45000,First,14.7,2993.0,241.4,6.0,4.78 Lakh,40.0,4.78,False,False,False,15,2.7210884353741496
2307,Maruti Alto LXi BSIII,Chennai,2008,68000,Third,19.7,796.0,46.3,5.0,4.78 Lakh,1.2,4.78,False,True,True,17,0.06091370558375635
2308,Hyundai i10 Asta Sunroof AT,Mumbai,2011,54000,First,19.2,1197.0,80.0,5.0,4.78 Lakh,2.9,4.78,False,True,False,14,0.15104166666666666
2309,Hyundai Elantra 2.0 SX Option AT,Delhi,2016,28000,First,14.62,1999.0,149.92,5.0,21.77 Lakh,13.9,21.77,False,True,False,9,0.9507523939808482
2310,Maruti Ciaz RS ZDi Plus SHVS,Delhi,2016,38500,Second,28.09,1248.0,88.5,5.0,4.78 Lakh,7.85,4.78,False,False,True,9,0.27945888216447134
2311,BMW X5 xDrive 30d,Coimbatore,2016,17738,First,15.3,2993.0,258.0,5.0,4.78 Lakh,54.45,4.78,False,False,False,9,3.558823529411765
2312,Chevrolet Tavera LT 9 Str BS IV,Kolkata,2012,67132,First,13.58,2499.0,78.0,9.0,4.78 Lakh,4.75,4.78,False,False,True,13,0.34977908689248893
2313,Volkswagen Vento 1.5 TDI Trendline,Mumbai,2011,47000,First,20.64,1498.0,108.5,5.0,11.3 Lakh,3.25,11.3,False,False,True,14,0.15746124031007752
2314,Honda City i VTEC V,Mumbai,2015,28005,First,17.8,1497.0,117.3,5.0,4.78 Lakh,7.1,4.78,False,True,True,10,0.398876404494382
2315,Maruti Swift VXI BSIV,Kolkata,2017,13000,First,20.4,1197.0,81.8,5.0,4.78 Lakh,4.65,4.78,False,True,True,8,0.22794117647058826
2316,Volkswagen Jetta 2012-2014 2.0L TDI Comfortline,Kolkata,2012,67000,First,19.33,1968.0,138.1,5.0,4.78 Lakh,5.0,4.78,False,False,True,13,0.2586652871184687
2317,Hyundai i20 Sportz 1.2,Delhi,2015,50000,First,18.6,1197.0,81.83,5.0,4.78 Lakh,4.95,4.78,False,True,True,10,0.2661290322580645
2318,Mahindra XUV500 W8 2WD,Bangalore,2014,55000,First,15.1,2179.0,140.0,7.0,4.78 Lakh,9.8,4.78,False,False,True,11,0.6490066225165564
2319,Mercedes-Benz E-Class E 350 d,Coimbatore,2019,9312,First,18.0,2987.0,258.0,5.0,92.5 Lakh,78.8,92.5,False,False,False,6,4.377777777777777
2320,Maruti Celerio LXI,Kolkata,2015,30458,First,23.1,998.0,67.04,5.0,4.78 Lakh,2.99,4.78,False,True,True,10,0.12943722943722943
2321,Volkswagen Vento 1.6 Highline,Mumbai,2014,46000,First,15.04,1598.0,103.2,5.0,4.78 Lakh,4.45,4.78,False,True,True,11,0.2958776595744681
2322,Tata Nano XT,Pune,2011,50000,Second,23.9,624.0,37.48,4.0,4.78 Lakh,0.75,4.78,False,True,True,14,0.03138075313807531
2324,Ford EcoSport 1.5 TDCi Titanium,Chennai,2014,72563,Second,22.77,1498.0,98.59,5.0,4.78 Lakh,5.0,4.78,False,False,True,11,0.21958717610891523
2325,Maruti Swift 1.3 VXI ABS,Pune,2015,67000,First,16.1,1197.0,74.0,5.0,4.78 Lakh,4.7,4.78,False,True,True,10,0.2919254658385093
2326,Hyundai Elantra 2.0 SX Option AT,Coimbatore,2015,58239,First,14.62,1999.0,149.92,5.0,23.64 Lakh,9.69,23.64,False,True,False,10,0.6627906976744186
2327,Chevrolet Enjoy 1.3 TCDi LTZ 8,Coimbatore,2015,57934,First,18.2,1248.0,73.74,8.0,4.78 Lakh,5.5,4.78,False,False,True,10,0.30219780219780223
2328,BMW X5 xDrive 30d M Sport,Chennai,2017,6500000,First,15.97,2993.0,258.0,5.0,4.78 Lakh,65.0,4.78,False,False,False,8,4.0701314965560424
2329,Volkswagen Polo 1.5 TDI Highline,Jaipur,2015,63000,First,20.14,1498.0,88.8,5.0,4.78 Lakh,5.11,4.78,False,False,True,10,0.25372393247269115
2330,Skoda Fabia 1.2 MPI Ambition Plus,Mumbai,2012,27014,First,16.25,1198.0,75.0,5.0,4.78 Lakh,2.19,4.78,False,True,True,13,0.13476923076923075
2331,Volkswagen Vento Diesel Comfortline,Chennai,2012,90906,First,20.54,1598.0,103.6,5.0,4.78 Lakh,4.25,4.78,False,False,True,13,0.20691333982473223
2332,Mahindra Ssangyong Rexton RX7,Hyderabad,2013,61202,First,11.18,2696.0,184.0,7.0,4.78 Lakh,14.5,4.78,False,False,False,12,1.29695885509839
2333,Nissan Terrano XL D Option,Mumbai,2014,51000,First,19.87,1461.0,83.14,5.0,15.06 Lakh,5.65,15.06,False,False,True,11,0.2843482637141419
2334,Toyota Fortuner 2.8 2WD AT,Ahmedabad,2016,88008,Second,12.9,2755.0,174.5,7.0,34.45 Lakh,22.5,34.45,False,False,False,9,1.744186046511628
2335,Maruti Swift 1.3 VXi,Mumbai,2007,55000,Second,16.1,1197.0,74.0,5.0,4.78 Lakh,1.75,4.78,False,True,True,18,0.10869565217391304
2336,Toyota Corolla H4,Jaipur,2004,160000,Second,11.3,1794.0,125.0,5.0,4.78 Lakh,1.5,4.78,False,True,False,21,0.1327433628318584
2337,Hyundai i10 Sportz,Kochi,2012,42591,First,20.36,1197.0,78.9,5.0,4.78 Lakh,3.2,4.78,False,True,True,13,0.15717092337917488
2338,Hyundai i20 1.4 CRDi Sportz,Bangalore,2012,67000,First,23.0,1396.0,90.0,5.0,4.78 Lakh,4.5,4.78,False,False,True,13,0.1956521739130435
2339,Honda Amaze S i-Dtech,Pune,2014,48000,Second,25.8,1498.0,98.6,5.0,4.78 Lakh,4.5,4.78,False,False,True,11,0.1744186046511628
2340,Hyundai Verna 1.6 SX CRDI (O) AT,Jaipur,2014,97000,First,22.32,1582.0,126.32,5.0,4.78 Lakh,8.0,4.78,False,False,False,11,0.35842293906810035
2341,Mercedes-Benz GLA Class 200 d Sport,Mumbai,2018,10000,First,17.9,2143.0,136.0,5.0,41.94 Lakh,28.9,41.94,False,False,False,7,1.6145251396648046
2342,Volkswagen Polo 1.5 TDI Trendline,Coimbatore,2015,56900,First,20.14,1498.0,88.8,5.0,4.78 Lakh,4.1,4.78,False,False,True,10,0.20357497517378348
2344,Maruti Baleno Zeta Automatic,Kochi,2017,36152,First,21.4,1197.0,83.1,5.0,4.78 Lakh,7.22,4.78,False,True,False,8,0.33738317757009345
2345,Maruti Swift VDI,Hyderabad,2014,85512,First,22.9,1248.0,74.0,5.0,4.78 Lakh,5.8,4.78,False,False,True,11,0.2532751091703057
2346,Mahindra Xylo D2 BSIV,Chennai,2013,234000,Second,14.0,2489.0,95.0,8.0,4.78 Lakh,3.5,4.78,False,False,True,12,0.25
2347,Ford Ecosport 1.5 DV5 MT Trend,Bangalore,2013,36000,Second,22.7,1498.0,89.84,5.0,4.78 Lakh,6.35,4.78,False,False,True,12,0.27973568281938327
2348,Mahindra XUV500 W8 2WD,Delhi,2015,36096,First,15.1,2179.0,140.0,7.0,4.78 Lakh,8.85,4.78,False,False,True,10,0.5860927152317881
2349,Chevrolet Beat LS,Hyderabad,2010,111111,Second,18.6,1199.0,79.4,5.0,4.78 Lakh,2.0,4.78,False,True,True,15,0.1075268817204301
2350,Hyundai Verna 1.6 VTVT,Bangalore,2012,73000,First,17.01,1591.0,121.3,5.0,4.78 Lakh,5.5,4.78,False,True,True,13,0.3233392122281011
2351,Hyundai Grand i10 Asta,Kolkata,2014,44300,Second,18.9,1197.0,82.0,5.0,4.78 Lakh,2.3,4.78,False,True,True,11,0.12169312169312169
2352,Renault Duster 110PS Diesel RxZ,Bangalore,2014,74500,First,19.01,1461.0,108.45,5.0,4.78 Lakh,7.95,4.78,False,False,True,11,0.41820094687006837
2353,Hyundai Xcent 1.2 Kappa S Option,Coimbatore,2016,21495,First,19.1,1197.0,81.86,5.0,4.78 Lakh,6.16,4.78,False,True,True,9,0.32251308900523556
2354,Hyundai i10 Sportz,Delhi,2012,59000,First,20.36,1197.0,78.9,5.0,4.78 Lakh,2.85,4.78,False,True,True,13,0.13998035363457761
2355,Mercedes-Benz GLA Class 200 Sport Edition,Delhi,2016,23000,First,13.7,1991.0,183.0,5.0,4.78 Lakh,25.0,4.78,False,True,False,9,1.8248175182481752
2356,Mercedes-Benz New C-Class 220 CDI MT,Coimbatore,2008,50135,First,15.8,2148.0,170.0,5.0,4.78 Lakh,10.36,4.78,False,False,True,17,0.6556962025316455
2357,Mercedes-Benz CLA 200 Sport Edition,Delhi,2016,25000,First,15.04,1991.0,183.0,5.0,4.78 Lakh,26.0,4.78,False,True,False,9,1.7287234042553192
2358,Hyundai Verna 1.6 SX CRDi (O),Kolkata,2013,47000,First,22.32,1582.0,126.32,5.0,4.78 Lakh,4.35,4.78,False,False,True,12,0.19489247311827956
2359,Mahindra Xylo D2 Maxx,Chennai,2016,150000,First,14.95,2489.0,93.7,9.0,4.78 Lakh,4.5,4.78,False,False,True,9,0.3010033444816054
2360,Maruti Swift Dzire LDI,Delhi,2015,53503,First,26.59,1248.0,74.0,5.0,4.78 Lakh,5.0,4.78,False,False,True,10,0.188040616773223
2361,Hyundai i10 Sportz,Ahmedabad,2014,47003,First,20.36,1197.0,78.9,5.0,4.78 Lakh,3.67,4.78,False,True,True,11,0.18025540275049115
2362,Tata Safari Storme Explorer Edition,Delhi,2014,80000,First,14.0,2179.0,138.1,7.0,4.78 Lakh,6.0,4.78,False,False,True,11,0.42857142857142855
2363,Hyundai Grand i10 Asta,Coimbatore,2018,20492,First,18.9,1197.0,82.0,5.0,4.78 Lakh,6.34,4.78,False,True,True,7,0.33544973544973544
2364,Mini Cooper Convertible S,Chennai,2012,17000,Second,16.82,1998.0,189.08,4.0,44.28 Lakh,22.0,44.28,False,True,False,13,1.3079667063020213
2365,Toyota Corolla H5,Delhi,2006,79000,Second,13.4,1794.0,125.0,5.0,4.78 Lakh,1.67,4.78,False,True,True,19,0.12462686567164179
2366,Toyota Corolla Altis G MT,Kolkata,2014,27000,First,14.28,1798.0,138.03,5.0,4.78 Lakh,7.95,4.78,False,True,True,11,0.5567226890756303
2367,Maruti Grand Vitara 2.4 MT,Kochi,2018,28786,First,10.4,2393.0,163.5,5.0,4.78 Lakh,9.74,4.78,False,True,True,7,0.9365384615384615
2368,Mahindra XUV500 W8 1.99 mHawk,Chennai,2011,143354,Second,16.0,1997.0,140.0,7.0,4.78 Lakh,6.0,4.78,False,False,True,14,0.375
2370,Mini Cooper 3 DOOR S,Mumbai,2013,21000,First,17.44,1998.0,189.08,4.0,39.57 Lakh,21.5,39.57,False,True,False,12,1.2327981651376145
2372,Maruti Ritz VDi,Jaipur,2009,73000,Second,21.1,1248.0,73.9,5.0,4.78 Lakh,2.35,4.78,False,False,True,16,0.11137440758293839
2373,Volkswagen Polo Diesel Comfortline 1.2L,Delhi,2012,74000,Second,22.07,1199.0,73.9,5.0,4.78 Lakh,2.65,4.78,False,False,True,13,0.12007249660172178
2374,Hyundai i10 Magna,Kochi,2011,65423,First,20.36,1197.0,78.9,5.0,4.78 Lakh,3.16,4.78,False,True,True,14,0.1552062868369352
2375,Maruti A-Star Vxi,Jaipur,2009,65000,Second,19.0,998.0,66.1,5.0,4.78 Lakh,2.05,4.78,False,True,True,16,0.10789473684210525
2377,Maruti Wagon R Stingray LXI,Hyderabad,2014,55277,First,20.51,998.0,67.04,5.0,4.78 Lakh,3.9,4.78,False,True,True,11,0.19015114578254508
2378,Honda Mobilio S i DTEC,Coimbatore,2017,50808,Second,24.2,1498.0,98.6,7.0,4.78 Lakh,6.68,4.78,False,False,True,8,0.27603305785123966
2379,Hyundai EON Era Plus,Jaipur,2017,52000,Second,21.1,814.0,55.2,5.0,4.78 Lakh,3.5,4.78,False,True,True,8,0.16587677725118483
2380,Skoda Rapid 1.6 MPI AT Ambition,Mumbai,2017,32000,First,14.84,1598.0,103.52,5.0,13.7 Lakh,8.11,13.7,False,True,False,8,0.5464959568733153
2381,Maruti Ciaz VDi Plus SHVS,Delhi,2017,25000,First,28.09,1248.0,88.5,5.0,4.78 Lakh,8.3,4.78,False,False,True,8,0.2954788180847277
2382,Mercedes-Benz M-Class ML 250 CDI,Coimbatore,2016,23218,First,15.26,2143.0,203.2,5.0,4.78 Lakh,45.61,4.78,False,False,False,9,2.988859764089122
2383,Skoda Laura Elegance 2.0 TDI CR AT,Pune,2010,84000,First,20.0,1968.0,138.1,5.0,4.78 Lakh,4.45,4.78,False,False,False,15,0.2225
2384,Maruti Vitara Brezza VDi Option,Delhi,2017,40000,First,24.3,1248.0,88.5,5.0,4.78 Lakh,7.85,4.78,False,False,True,8,0.3230452674897119
2386,Hyundai Grand i10 CRDi Sportz,Kolkata,2014,25135,First,24.0,1120.0,70.0,5.0,4.78 Lakh,3.75,4.78,False,False,True,11,0.15625
2387,Maruti Ertiga VDI,Delhi,2017,65000,First,25.47,1248.0,88.5,7.0,11.16 Lakh,7.65,11.16,False,False,True,8,0.3003533568904594
2388,Hyundai i20 1.2 Sportz,Ahmedabad,2013,40000,First,17.0,1197.0,80.0,5.0,4.78 Lakh,4.9,4.78,False,True,True,12,0.2882352941176471
2389,Mahindra XUV500 AT W10 FWD,Coimbatore,2018,24500,First,16.0,2179.0,140.0,7.0,4.78 Lakh,16.52,4.78,False,False,False,7,1.0325
2390,Skoda Superb Elegance 1.8 TSI AT,Kochi,2016,56674,First,13.7,1798.0,157.75,5.0,4.78 Lakh,14.05,4.78,False,True,False,9,1.0255474452554745
2391,Maruti Ciaz VXi Plus,Kochi,2016,51950,First,20.73,1373.0,91.1,5.0,4.78 Lakh,6.75,4.78,False,True,True,9,0.3256150506512301
2392,Hyundai Creta 1.6 CRDi SX,Kolkata,2016,51000,First,19.67,1582.0,126.2,5.0,4.78 Lakh,9.2,4.78,False,False,True,9,0.4677173360447381
2394,Honda City 1.5 S MT,Chennai,2008,114750,Second,17.0,1497.0,118.0,5.0,4.78 Lakh,2.75,4.78,False,True,True,17,0.16176470588235295
2395,Ford Endeavour 2.2 Trend MT 4X4,Hyderabad,2016,107890,First,13.5,2198.0,157.7,7.0,4.78 Lakh,20.5,4.78,False,False,True,9,1.5185185185185186
2396,Hyundai i20 2015-2017 1.4 Magna ABS,Pune,2012,64000,First,21.9,1396.0,90.0,5.0,4.78 Lakh,4.25,4.78,False,False,True,13,0.1940639269406393
2397,Ford EcoSport 1.5 Petrol Trend,Kolkata,2016,21460,First,17.0,1497.0,121.36,5.0,9.47 Lakh,6.0,9.47,False,True,True,9,0.35294117647058826
2398,Hyundai i20 1.2 Sportz,Coimbatore,2015,29634,Second,17.0,1197.0,80.0,5.0,4.78 Lakh,6.0,4.78,False,True,True,10,0.35294117647058826
2399,Maruti Swift VXI BSIII,Ahmedabad,2008,52000,First,16.1,1298.0,88.2,5.0,4.78 Lakh,2.41,4.78,False,True,True,17,0.1496894409937888
2400,Honda Jazz V CVT,Hyderabad,2015,33000,First,19.0,1199.0,88.7,5.0,10.17 Lakh,7.25,10.17,False,True,False,10,0.3815789473684211
2401,Volvo XC90 2007-2015 D5 AWD,Kochi,2014,89230,First,11.1,2400.0,200.0,7.0,4.78 Lakh,23.65,4.78,False,False,True,11,2.1306306306306304
2402,Maruti Baleno Alpha 1.2,Delhi,2016,27000,First,21.4,1197.0,83.1,5.0,4.78 Lakh,6.5,4.78,False,True,True,9,0.3037383177570094
2403,Mercedes-Benz GLA Class 200 CDI SPORT,Kochi,2017,72524,Second,17.9,2143.0,136.0,5.0,4.78 Lakh,18.06,4.78,False,False,False,8,1.0089385474860335
2404,Renault KWID RXT,Hyderabad,2016,73000,First,25.17,799.0,53.3,5.0,4.78 Lakh,3.2,4.78,False,True,True,9,0.12713547874453715
2405,Ford Figo 2015-2019 1.2P Titanium Opt MT,Coimbatore,2017,21740,First,18.16,1196.0,86.8,5.0,4.78 Lakh,6.42,4.78,False,True,True,8,0.35352422907488984
2406,Toyota Fortuner 4x2 Manual,Jaipur,2015,59000,First,13.0,2982.0,168.5,7.0,4.78 Lakh,23.0,4.78,False,False,True,10,1.7692307692307692
2407,Honda City 1.5 S MT,Chennai,2013,83432,First,17.0,1497.0,118.0,5.0,4.78 Lakh,5.9,4.78,False,True,True,12,0.3470588235294118
2408,Mahindra Scorpio S2 7 Seater,Pune,2014,87200,First,15.4,2523.0,75.0,7.0,4.78 Lakh,7.75,4.78,False,False,True,11,0.5032467532467533
2409,BMW 3 Series 320d,Hyderabad,2012,88000,First,13.2,1995.0,170.0,5.0,4.78 Lakh,15.0,4.78,False,False,False,13,1.1363636363636365
2410,Maruti Vitara Brezza ZDi Plus,Jaipur,2017,48324,First,24.3,1248.0,88.5,5.0,11.47 Lakh,9.0,11.47,False,False,True,8,0.37037037037037035
2411,Mercedes-Benz New C-Class C 200 CGI Elegance,Delhi,2011,51000,First,11.74,1796.0,186.0,5.0,4.78 Lakh,11.5,4.78,False,True,False,14,0.979557069846678
2412,Hyundai Verna 1.6 VTVT,Kolkata,2012,24000,Second,17.01,1591.0,121.3,5.0,4.78 Lakh,6.2,4.78,False,True,True,13,0.3644914756025867
2413,Hyundai Grand i10 1.2 CRDi Sportz,Kochi,2017,20773,First,24.0,1186.0,73.97,5.0,8.17 Lakh,5.92,8.17,False,False,True,8,0.24666666666666667
2414,Volkswagen Polo 1.5 TDI Highline,Kolkata,2016,22000,First,20.14,1498.0,88.0,5.0,9.58 Lakh,6.29,9.58,False,False,True,9,0.31231380337636544
2415,Honda Amaze S i-Vtech,Kochi,2014,66355,First,18.0,1198.0,86.7,5.0,4.78 Lakh,4.12,4.78,False,True,True,11,0.2288888888888889
2416,Honda CR-V 2.4 AT,Pune,2007,115800,Third,10.1,2354.0,152.0,5.0,4.78 Lakh,3.8,4.78,False,True,False,18,0.37623762376237624
2417,Hyundai Santro Xing GL Plus,Ahmedabad,2014,41125,First,17.92,1086.0,62.1,5.0,4.78 Lakh,2.7,4.78,False,True,True,11,0.15066964285714285
2418,Mercedes-Benz B Class B200 CDI,Coimbatore,2017,43812,First,15.0,2143.0,107.3,5.0,4.78 Lakh,20.28,4.78,False,False,False,8,1.352
2419,Honda Amaze S i-Vtech,Delhi,2014,69876,First,18.0,1198.0,86.7,5.0,4.78 Lakh,3.9,4.78,False,True,True,11,0.21666666666666667
2420,Toyota Fortuner 4x2 AT,Pune,2014,102000,Second,12.55,2982.0,168.5,7.0,4.78 Lakh,16.5,4.78,False,False,False,11,1.3147410358565736
2421,Hyundai Verna 1.6 VTVT,Pune,2011,68000,First,17.01,1591.0,121.3,5.0,4.78 Lakh,3.7,4.78,False,True,True,14,0.2175191064079953
2422,Jaguar XJ 3.0L Portfolio,Delhi,2016,12000,First,10.5,2993.0,271.23,4.0,4.78 Lakh,79.0,4.78,False,False,False,9,7.523809523809524
2423,BMW 3 Series 320d,Mumbai,2013,25000,First,22.69,1995.0,190.0,5.0,47.87 Lakh,17.99,47.87,False,False,False,12,0.7928602908770382
2424,Hyundai i20 Magna 1.4 CRDi (Diesel),Jaipur,2013,51873,First,21.9,1396.0,88.76,5.0,4.78 Lakh,3.9,4.78,False,False,True,12,0.17808219178082194
2425,Ford Figo Diesel EXI Option,Chennai,2012,72500,First,18.5,1399.0,68.0,5.0,4.78 Lakh,3.12,4.78,False,False,True,13,0.16864864864864865
2426,Maruti Wagon R LXI BSIII,Pune,2007,83000,First,14.0,1061.0,64.0,5.0,4.78 Lakh,1.65,4.78,False,True,True,18,0.11785714285714285
2427,Hyundai Xcent 1.2 Kappa S Option,Kolkata,2015,39871,First,19.1,1197.0,81.86,5.0,4.78 Lakh,3.5,4.78,False,True,True,10,0.18324607329842932
2428,Mahindra Xylo H4,Chennai,2015,82000,Second,14.02,2179.0,118.3,7.0,11.67 Lakh,4.85,11.67,False,False,True,10,0.3459343794579173
2429,Mercedes-Benz New C-Class C 220d Avantgarde Edition C,Coimbatore,2018,23152,First,19.27,2143.0,167.62,5.0,4.78 Lakh,39.22,4.78,False,False,False,7,2.0352880124545925
2430,Hyundai i10 Magna,Kolkata,2007,71600,Second,20.36,1197.0,78.9,5.0,4.78 Lakh,2.0,4.78,False,True,True,18,0.09823182711198429
2431,Toyota Fortuner 3.0 Diesel,Mumbai,2010,122000,Second,11.5,2982.0,171.0,7.0,4.78 Lakh,10.45,4.78,False,False,True,15,0.908695652173913
2432,Toyota Camry Hybrid,Chennai,2016,29277,First,19.16,2494.0,158.2,5.0,4.78 Lakh,27.0,4.78,False,True,False,9,1.4091858037578289
2433,Ford Figo Diesel ZXI,Kolkata,2011,60000,First,20.0,1399.0,68.0,5.0,4.78 Lakh,2.25,4.78,False,False,True,14,0.1125
2434,Hyundai Xcent 1.2 Kappa S Option,Kolkata,2014,42000,First,19.1,1197.0,81.86,5.0,4.78 Lakh,3.45,4.78,False,True,True,11,0.1806282722513089
2435,Hyundai i20 Sportz 1.2,Kochi,2016,61823,First,18.6,1197.0,81.83,5.0,4.78 Lakh,6.14,4.78,False,True,True,9,0.3301075268817204
2438,Maruti Dzire VDI,Hyderabad,2011,110000,First,28.4,1248.0,73.75,5.0,9.14 Lakh,4.0,9.14,False,False,True,14,0.14084507042253522
2439,Honda City 1.5 S MT,Kolkata,2010,38446,First,17.0,1497.0,118.0,5.0,4.78 Lakh,2.59,4.78,False,True,True,15,0.15235294117647058
2440,Maruti Baleno Delta 1.3,Delhi,2017,33000,First,27.39,1248.0,74.0,5.0,4.78 Lakh,6.96,4.78,False,False,True,8,0.25410733844468786
2442,Hyundai EON Era Plus,Jaipur,2016,70000,First,21.1,814.0,55.2,5.0,4.78 Lakh,3.0,4.78,False,True,True,9,0.14218009478672985
2443,Volkswagen Polo 1.5 TDI Highline,Delhi,2012,68038,First,20.14,1498.0,88.0,5.0,9.96 Lakh,3.6,9.96,False,False,True,13,0.17874875868917578
2444,Chevrolet Beat Diesel LS,Coimbatore,2014,55012,Second,25.44,936.0,57.6,5.0,4.78 Lakh,3.7,4.78,False,False,True,11,0.14544025157232704
2445,BMW 5 Series 520d Luxury Line,Ahmedabad,2013,55000,First,22.48,1995.0,190.0,5.0,63.71 Lakh,21.75,63.71,False,False,False,12,0.9675266903914591
2446,Mercedes-Benz GLC 220d 4MATIC Sport,Mumbai,2017,25000,First,17.9,2143.0,170.0,5.0,64.14 Lakh,45.0,64.14,False,False,False,8,2.5139664804469275
2447,Maruti Alto K10 VXI,Coimbatore,2011,46808,Second,24.07,998.0,67.1,5.0,4.7 Lakh,3.19,4.7,False,True,True,14,0.1325301204819277
2448,Hyundai Xcent 1.2 VTVT S,Coimbatore,2015,65743,First,20.14,1197.0,81.86,5.0,7.85 Lakh,6.2,7.85,False,True,True,10,0.30784508440913605
2449,Hyundai i10 Magna 1.1,Coimbatore,2013,64466,First,19.81,1086.0,68.05,5.0,4.78 Lakh,3.96,4.78,False,True,True,12,0.19989904088844018
2451,Maruti Swift Dzire Tour LDI,Jaipur,2016,80000,First,23.4,1248.0,74.0,5.0,4.78 Lakh,4.5,4.78,False,False,True,9,0.19230769230769232
2452,Hyundai Xcent 1.2 CRDi E Plus,Mumbai,2017,69000,First,25.4,1186.0,73.97,5.0,4.78 Lakh,3.55,4.78,False,False,True,8,0.13976377952755906
2453,Nissan Sunny Diesel XV,Chennai,2014,79200,First,22.71,1461.0,84.8,5.0,4.78 Lakh,5.5,4.78,False,False,True,11,0.24218405988551298
2454,Hyundai Creta 1.6 SX Option,Mumbai,2016,29477,First,15.8,1591.0,121.3,5.0,16.36 Lakh,10.25,16.36,False,True,True,9,0.6487341772151899
2455,Toyota Fortuner 2.8 2WD AT,Delhi,2017,40000,First,12.9,2755.0,174.5,7.0,37.38 Lakh,30.0,37.38,False,False,False,8,2.3255813953488373
2456,Maruti Ritz VXi,Pune,2014,25000,Second,18.5,1197.0,85.8,5.0,4.78 Lakh,3.5,4.78,False,True,True,11,0.1891891891891892
2457,Renault Pulse RxL,Delhi,2014,67668,First,23.08,1461.0,63.12,5.0,4.78 Lakh,3.1,4.78,False,False,True,11,0.134315424610052
2458,Skoda Fabia 1.2 MPI Ambiente Petrol,Hyderabad,2010,78000,First,17.5,1198.0,75.0,5.0,4.78 Lakh,3.25,4.78,False,True,True,15,0.18571428571428572
2459,Ford EcoSport 1.5 Diesel Titanium,Mumbai,2017,30000,First,23.0,1498.0,98.96,5.0,11.89 Lakh,8.99,11.89,False,False,True,8,0.3908695652173913
2460,Volkswagen Vento Petrol Comfortline,Kolkata,2015,70623,First,15.04,1598.0,103.6,5.0,4.78 Lakh,3.99,4.78,False,True,True,10,0.26529255319148937
2461,Nissan Terrano XV 110 PS,Mumbai,2015,54000,Second,19.01,1461.0,108.5,5.0,4.78 Lakh,6.0,4.78,False,False,True,10,0.31562335612835346
2462,Audi Q3 2012-2015 35 TDI Quattro Premium,Mumbai,2015,48000,First,15.73,1968.0,174.33,5.0,4.78 Lakh,18.25,4.78,False,False,False,10,1.1602034329307056
2463,Toyota Innova 2.5 GX (Diesel) 7 Seater,Delhi,2012,62000,First,12.99,2494.0,100.0,7.0,4.78 Lakh,7.75,4.78,False,False,True,13,0.596612779060816
2464,Tata Zest Revotron 1.2T XE,Delhi,2017,47000,Second,17.57,1193.0,88.7,5.0,6.62 Lakh,4.5,6.62,False,True,True,8,0.25611838360842343
2465,Toyota Fortuner 3.0 Diesel,Bangalore,2014,171000,First,11.5,2982.0,171.0,7.0,4.78 Lakh,16.75,4.78,False,False,True,11,1.4565217391304348
2466,BMW X3 xDrive20d,Pune,2012,108000,First,16.09,1995.0,184.0,5.0,4.78 Lakh,17.5,4.78,False,False,False,13,1.0876320696084525
2467,Maruti SX4 S Cross DDiS 320 Zeta,Chennai,2016,41000,First,22.7,1598.0,118.0,5.0,4.78 Lakh,7.7,4.78,False,False,True,9,0.3392070484581498
2468,Honda City 1.5 S MT,Pune,2012,66000,Second,17.0,1497.0,118.0,5.0,4.78 Lakh,4.45,4.78,False,True,True,13,0.26176470588235295
2469,Maruti Swift Dzire LDI,Jaipur,2015,144000,First,26.59,1248.0,74.0,5.0,4.78 Lakh,5.25,4.78,False,False,True,10,0.19744264761188418
2470,BMW 3 Series 320d M Sport,Kochi,2017,23806,First,22.69,1995.0,190.0,5.0,4.78 Lakh,33.66,4.78,False,False,False,8,1.4834728955486995
2471,Nissan Micra XV CVT,Chennai,2013,89000,Second,19.34,1198.0,76.0,5.0,4.78 Lakh,2.8,4.78,False,True,False,12,0.14477766287487073
2472,Maruti Baleno Zeta Automatic,Coimbatore,2018,38852,First,21.4,1197.0,83.1,5.0,4.78 Lakh,8.47,4.78,False,True,False,7,0.39579439252336457
2473,Maruti Ciaz ZDi Plus,Coimbatore,2018,68737,First,26.21,1248.0,88.5,5.0,4.78 Lakh,9.32,4.78,False,False,True,7,0.35558946966806565
2474,Mercedes-Benz CLA 200 CDI Style,Coimbatore,2017,23106,First,17.9,2143.0,136.0,5.0,4.78 Lakh,27.43,4.78,False,False,False,8,1.5324022346368715
2475,Honda Mobilio RS i DTEC,Delhi,2015,31250,First,24.5,1498.0,98.6,7.0,4.78 Lakh,6.5,4.78,False,False,True,10,0.2653061224489796
2476,Toyota Innova 2.5 GX (Diesel) 8 Seater,Delhi,2014,77795,First,12.99,2494.0,100.6,8.0,4.78 Lakh,9.5,4.78,False,False,True,11,0.7313317936874518
2477,Jaguar XF 3.0 Litre S Premium Luxury,Kochi,2015,47759,First,14.74,2993.0,270.9,5.0,4.78 Lakh,31.8,4.78,False,False,False,10,2.1573948439620083
2478,Toyota Etios Petrol TRD Sportivo,Chennai,2013,67620,Second,17.6,1496.0,88.8,5.0,4.78 Lakh,4.2,4.78,False,True,True,12,0.23863636363636362
2479,Chevrolet Beat Diesel LS,Kochi,2013,44378,First,25.44,936.0,57.6,5.0,4.78 Lakh,3.85,4.78,False,False,True,12,0.1513364779874214
2480,Honda Accord 2.4 M/T,Delhi,2012,64709,Second,12.8,2354.0,177.6,5.0,4.78 Lakh,6.0,4.78,False,True,True,13,0.46875
2481,Maruti Alto LXi,Hyderabad,2007,76161,First,19.7,796.0,46.3,5.0,4.78 Lakh,1.65,4.78,False,True,True,18,0.08375634517766498
2482,Skoda Octavia Ambition 2.0 TDI AT,Bangalore,2013,58410,First,19.3,1968.0,141.0,5.0,4.78 Lakh,14.5,4.78,False,False,False,12,0.7512953367875648
2483,Toyota Innova 2.5 V Diesel 7-seater,Delhi,2011,72000,First,12.8,2494.0,102.0,7.0,4.78 Lakh,7.1,4.78,False,False,True,14,0.5546874999999999
2484,Audi A4 35 TDI Premium Sport,Chennai,2016,11000,First,17.11,1968.0,174.33,5.0,4.78 Lakh,28.0,4.78,False,False,False,9,1.6364699006428989
2485,Maruti Vitara Brezza ZDi Plus Dual Tone,Kochi,2017,45362,First,24.3,1248.0,88.5,5.0,11.75 Lakh,9.38,11.75,False,False,True,8,0.3860082304526749
2486,Hyundai Grand i10 Sportz,Kochi,2016,59767,First,18.9,1197.0,82.0,5.0,4.78 Lakh,4.78,4.78,False,True,True,9,0.2529100529100529
2487,Toyota Corolla DX,Chennai,2003,70000,Second,13.4,1794.0,125.0,5.0,4.78 Lakh,1.7,4.78,False,True,True,22,0.12686567164179105
2488,Tata Hexa XTA,Coimbatore,2019,14233,First,17.6,2179.0,153.86,7.0,22.74 Lakh,17.85,22.74,False,False,False,6,1.0142045454545454
2489,Hyundai i20 2015-2017 1.2 Asta,Pune,2010,72000,Second,17.0,1197.0,80.0,5.0,4.78 Lakh,2.75,4.78,False,True,True,15,0.16176470588235295
2490,Hyundai Verna 1.6 SX VTVT,Mumbai,2014,11000,First,17.01,1591.0,121.3,5.0,4.78 Lakh,5.95,4.78,False,True,True,11,0.34979423868312753
2491,Maruti Omni 8 Seater BSIV,Mumbai,2011,39000,First,14.0,796.0,35.0,5.0,4.78 Lakh,1.5,4.78,False,True,True,14,0.10714285714285714
2492,Maruti Alto 800 2016-2019 VXI,Kochi,2019,19855,First,24.7,796.0,47.3,5.0,4.78 Lakh,3.8,4.78,False,True,True,6,0.15384615384615385
2493,Mercedes-Benz New C-Class C 220d Avantgarde Edition C,Bangalore,2017,20149,First,19.27,2143.0,167.62,5.0,4.78 Lakh,38.5,4.78,False,False,False,8,1.9979242345614947
2494,Hyundai i10 Era 1.1,Jaipur,2011,70000,First,19.81,1086.0,68.05,5.0,4.78 Lakh,2.15,4.78,False,True,True,14,0.10853104492680464
2495,Skoda Superb Style 1.8 TSI AT,Mumbai,2010,62004,Second,14.67,1798.0,177.46,5.0,33.36 Lakh,3.75,33.36,False,True,False,15,0.2556237218813906
2496,Volkswagen Vento 1.5 TDI Highline AT,Mumbai,2016,25500,First,21.5,1498.0,108.5,5.0,15.86 Lakh,8.95,15.86,False,False,False,9,0.41627906976744183
2498,Honda Civic 2010-2013 1.8 V MT,Pune,2010,61700,First,14.8,1799.0,130.2,5.0,4.78 Lakh,2.95,4.78,False,True,True,15,0.19932432432432431
2499,BMW 3 Series 320i Sedan,Coimbatore,2010,59660,First,12.05,1995.0,154.0,5.0,4.78 Lakh,10.49,4.78,False,True,False,15,0.870539419087137
2500,Hyundai Santro Xing GLS,Hyderabad,2007,69775,Second,17.92,1086.0,62.1,5.0,4.78 Lakh,1.85,4.78,False,True,True,18,0.10323660714285714
2502,Honda Accord 2001-2003 2.3 VTi L AT,Jaipur,2009,88000,First,11.1,2354.0,142.0,5.0,4.78 Lakh,5.25,4.78,False,True,False,16,0.47297297297297297
2503,Maruti Ertiga VDI,Kolkata,2014,47052,First,20.77,1248.0,88.76,7.0,4.78 Lakh,5.99,4.78,False,False,True,11,0.28839672604718347
2504,Ford Fiesta Classic 1.4 Duratorq LXI,Kochi,2015,69749,First,18.6,1388.0,67.0,5.0,4.78 Lakh,3.82,4.78,False,False,True,10,0.20537634408602148
2505,Audi Q7 3.0 TDI Quattro Premium Plus,Hyderabad,2012,79000,First,12.07,2967.0,241.4,7.0,4.78 Lakh,39.0,4.78,False,False,False,13,3.2311516155758078
2506,Audi A4 35 TDI Premium,Coimbatore,2016,39644,First,17.11,1968.0,174.33,5.0,4.78 Lakh,25.75,4.78,False,False,False,9,1.5049678550555232
2507,Tata Indica Vista Quadrajet VX,Hyderabad,2012,137800,First,22.3,1248.0,74.0,5.0,4.78 Lakh,2.2,4.78,False,False,True,13,0.09865470852017938
2508,Hyundai Verna CRDi ABS,Chennai,2008,120000,Second,18.1,1493.0,110.0,5.0,4.78 Lakh,2.0,4.78,False,False,True,17,0.11049723756906077
2509,Mercedes-Benz E-Class E 220 d,Mumbai,2018,11000,First,16.1,1950.0,194.0,5.0,70.55 Lakh,56.5,70.55,False,False,False,7,3.5093167701863353
2510,BMW 3 Series 320d Luxury Line,Mumbai,2014,18600,Second,22.69,1995.0,190.0,5.0,54.43 Lakh,21.0,54.43,False,False,False,11,0.9255178492728073
2511,Hyundai Grand i10 CRDi Asta,Ahmedabad,2014,116905,First,24.0,1120.0,70.0,5.0,4.78 Lakh,4.0,4.78,False,False,True,11,0.16666666666666666
2512,Hyundai i10 Sportz AT,Coimbatore,2011,32824,First,16.95,1197.0,78.9,5.0,4.78 Lakh,3.83,4.78,False,True,False,14,0.22595870206489677
2513,Maruti Swift VXi BSIV,Kochi,2016,19148,First,16.1,1197.0,85.0,5.0,4.78 Lakh,5.89,4.78,False,True,True,9,0.36583850931677014
2514,Hyundai Santro Xing GLS,Kolkata,2010,35008,First,17.92,1086.0,62.1,5.0,4.78 Lakh,1.36,4.78,False,True,True,15,0.07589285714285714
2515,BMW 6 Series Gran Coupe,Delhi,2013,21000,Second,17.54,2993.0,313.0,4.0,4.78 Lakh,44.0,4.78,False,False,False,12,2.5085518814139114
2517,Hyundai Verna 1.4 VTVT,Bangalore,2016,36000,First,17.43,1396.0,105.5,5.0,4.78 Lakh,8.0,4.78,False,True,True,9,0.4589787722317843
2518,Maruti Swift Dzire ZDI,Ahmedabad,2012,56121,First,23.4,1248.0,74.0,5.0,4.78 Lakh,4.25,4.78,False,False,True,13,0.18162393162393164
2519,Maruti Swift VDI,Pune,2018,30000,First,28.4,1248.0,74.0,5.0,4.78 Lakh,6.0,4.78,False,False,True,7,0.21126760563380284
2520,Skoda Octavia 2.0 TDI AT Style Plus,Kochi,2016,31021,First,19.5,1968.0,141.0,5.0,4.78 Lakh,16.61,4.78,False,False,False,9,0.8517948717948718
2521,Renault Duster 110PS Diesel RxL,Coimbatore,2013,52600,First,19.6,1461.0,108.45,5.0,4.78 Lakh,7.26,4.78,False,False,True,12,0.37040816326530607
2522,Mahindra Scorpio 2.6 CRDe,Bangalore,2005,60000,First,10.5,2179.0,120.0,8.0,4.78 Lakh,4.0,4.78,False,False,True,20,0.38095238095238093
2523,BMW 5 Series 2013-2017 520d Luxury Line,Ahmedabad,2016,44001,First,18.12,1995.0,190.0,5.0,4.78 Lakh,34.51,4.78,False,False,False,9,1.9045253863134655
2524,Maruti Wagon R VXI BSIII,Chennai,2003,101000,Third,17.3,1061.0,64.0,5.0,4.78 Lakh,0.95,4.78,False,True,True,22,0.054913294797687855
2525,Maruti Wagon R LXI BSIII,Hyderabad,2007,84169,First,14.0,1061.0,64.0,5.0,4.78 Lakh,2.2,4.78,False,True,True,18,0.15714285714285717
2526,Hyundai i20 Sportz 1.2,Mumbai,2017,14001,First,18.6,1197.0,81.83,5.0,4.78 Lakh,5.75,4.78,False,True,True,8,0.30913978494623656
2528,Land Rover Discovery SE 3.0 TD6,Delhi,2016,59000,First,18.0,2993.0,255.0,7.0,1.13 Cr,36.75,1.13,False,False,False,9,2.0416666666666665
2529,Mercedes-Benz New C-Class 230 Avantgarde,Hyderabad,2009,29000,Second,11.7,1796.0,178.0,5.0,4.78 Lakh,10.0,4.78,False,True,False,16,0.8547008547008548
2530,BMW 5 Series 520d Sedan,Kochi,2014,64158,First,18.48,1197.0,74.0,5.0,4.78 Lakh,17.89,4.78,False,False,False,11,0.9680735930735931
2531,Nissan Sunny 2011-2014 Diesel XV,Mumbai,2012,38800,First,21.64,1461.0,84.8,5.0,4.78 Lakh,4.05,4.78,False,False,True,13,0.18715341959334564
2532,Audi Q7 3.0 TDI quattro,Hyderabad,2011,98000,First,12.07,2967.0,241.4,7.0,4.78 Lakh,22.0,4.78,False,False,False,14,1.8227009113504555
2533,Mercedes-Benz CLA 200 CDI Sport,Coimbatore,2017,20969,First,17.9,2143.0,136.0,5.0,45.36 Lakh,27.87,45.36,False,False,False,8,1.5569832402234638
2534,Maruti Vitara Brezza ZDi,Kolkata,2018,2900,First,24.3,1248.0,88.5,5.0,10.13 Lakh,8.75,10.13,False,False,True,7,0.36008230452674894
2535,Maruti Swift Dzire Vdi BSIV,Hyderabad,2016,69000,First,19.3,1248.0,73.9,5.0,4.78 Lakh,4.79,4.78,False,False,True,9,0.24818652849740933
2536,Skoda Rapid 1.5 TDI Ambition,Coimbatore,2018,5833,First,21.13,1498.0,108.4,5.0,14.22 Lakh,11.92,14.22,False,False,True,7,0.5641268338854709
2537,Audi Q7 35 TDI Quattro Technology,Coimbatore,2016,28733,Second,12.07,2967.0,241.4,7.0,4.78 Lakh,53.11,4.78,False,False,False,9,4.40016570008285
2538,Maruti Wagon R LXI,Jaipur,2006,145000,First,18.9,998.0,67.1,5.0,4.78 Lakh,1.15,4.78,False,True,True,19,0.06084656084656084
2539,Honda City i DTEC VX Option,Pune,2014,71000,First,25.1,1498.0,98.6,5.0,4.78 Lakh,7.45,4.78,False,False,True,11,0.2968127490039841
2540,Hyundai EON Magna Plus,Jaipur,2017,12000,First,21.1,814.0,55.2,5.0,4.78 Lakh,3.5,4.78,False,True,True,8,0.16587677725118483
2541,Mercedes-Benz E-Class 2015-2017 E350 CDI Avantgrade,Kochi,2018,21603,First,13.0,2987.0,265.0,5.0,4.78 Lakh,70.15,4.78,False,False,False,7,5.3961538461538465
2542,Hyundai Santro GLS II - Euro II,Bangalore,2011,65000,Second,0.0,1197.0,74.0,5.0,4.78 Lakh,3.15,4.78,False,True,True,14,
2543,BMW 3 Series 320d,Hyderabad,2013,58000,First,13.2,1995.0,170.0,5.0,4.78 Lakh,19.5,4.78,False,False,False,12,1.4772727272727273
2544,BMW 3 Series 318i Sedan,Pune,2012,39000,Second,12.05,1995.0,154.0,5.0,4.78 Lakh,15.0,4.78,False,True,False,13,1.2448132780082988
2545,Mahindra NuvoSport N8,Coimbatore,2017,37712,First,17.45,1493.0,100.0,7.0,11.77 Lakh,7.57,11.77,False,False,True,8,0.43381088825214903
2546,Maruti Ritz VXi,Hyderabad,2012,68000,First,18.5,1197.0,85.8,5.0,4.78 Lakh,4.4,4.78,False,True,True,13,0.23783783783783785
2547,BMW X6 xDrive 40d M Sport,Chennai,2016,25000,First,15.87,2993.0,308.43,5.0,4.78 Lakh,60.0,4.78,False,False,False,9,3.780718336483932
2548,Chevrolet Beat LT,Kolkata,2010,30000,First,18.6,1199.0,79.4,5.0,4.78 Lakh,1.6,4.78,False,True,True,15,0.08602150537634408
2549,Maruti Swift Dzire VXI,Pune,2014,68218,First,19.1,1197.0,85.8,5.0,4.78 Lakh,4.9,4.78,False,True,True,11,0.25654450261780104
2550,Maruti Ertiga ZDI,Delhi,2014,52000,First,20.77,1248.0,88.8,7.0,4.78 Lakh,5.95,4.78,False,False,True,11,0.2864708714492056
2551,Renault Duster 85PS Diesel RxL,Coimbatore,2015,63591,First,20.45,1461.0,83.8,5.0,4.78 Lakh,5.35,4.78,False,False,True,10,0.2616136919315403
2552,Honda Amaze VX AT i-Vtech,Hyderabad,2014,57937,First,15.5,1198.0,86.7,5.0,4.78 Lakh,5.4,4.78,False,True,False,11,0.34838709677419355
2553,Audi A4 2.0 TDI Premium Sport Limited Edition,Coimbatore,2015,21979,First,17.11,1968.0,174.33,5.0,4.78 Lakh,23.45,4.78,False,False,False,10,1.3705435417884277
2554,Skoda Octavia Ambiente 1.9 TDI MT,Hyderabad,2002,99000,Second,18.7,1896.0,66.0,5.0,4.78 Lakh,1.9,4.78,False,False,True,23,0.10160427807486631
2555,Honda Amaze E i-Dtech,Pune,2016,62000,First,25.8,1498.0,98.6,5.0,4.78 Lakh,6.1,4.78,False,False,True,9,0.23643410852713176
2556,Toyota Innova 2.5 EV Diesel MS 8 Str BSIII,Mumbai,2006,127001,First,12.8,2494.0,102.0,8.0,4.78 Lakh,4.95,4.78,False,False,True,19,0.38671875
2557,Hyundai EON D Lite Plus,Hyderabad,2013,84600,Second,21.1,814.0,55.2,5.0,4.78 Lakh,2.5,4.78,False,True,True,12,0.11848341232227487
2558,Datsun redi-GO T Option,Kochi,2018,30953,First,22.7,799.0,53.64,5.0,4.05 Lakh,3.48,4.05,False,True,True,7,0.15330396475770924
2559,Maruti Swift VDI,Chennai,2012,78000,First,22.9,1248.0,74.0,5.0,4.78 Lakh,4.4,4.78,False,False,True,13,0.1921397379912664
2560,Mitsubishi Pajero 2.8 GLX Sports,Hyderabad,2008,85000,First,9.5,2835.0,118.6,6.0,4.78 Lakh,7.99,4.78,False,False,True,17,0.8410526315789474
2561,Volvo S80 D5,Hyderabad,2008,79000,First,13.1,2400.0,215.0,5.0,4.78 Lakh,10.99,4.78,False,False,False,17,0.8389312977099237
2562,Toyota Fortuner 4x2 AT,Delhi,2014,79000,First,12.55,2982.0,168.5,7.0,4.78 Lakh,18.5,4.78,False,False,False,11,1.4741035856573705
2563,Jeep Compass 2.0 Limited 4X4,Coimbatore,2018,48188,First,16.3,1956.0,170.0,5.0,26.95 Lakh,21.69,26.95,False,False,True,7,1.330674846625767
2564,Maruti Swift Dzire VDI,Coimbatore,2014,67557,First,23.4,1248.0,74.0,5.0,4.78 Lakh,5.17,4.78,False,False,True,11,0.22094017094017096
2565,Hyundai Verna 1.6 SX,Delhi,2011,103814,Second,22.32,1582.0,126.32,5.0,4.78 Lakh,4.5,4.78,False,False,True,14,0.20161290322580644
2566,Mahindra Scorpio VLX 2WD BSIV,Kolkata,2014,45128,First,12.05,2179.0,120.0,8.0,4.78 Lakh,6.75,4.78,False,False,True,11,0.5601659751037344
2567,Hyundai i10 Era,Kochi,2013,56075,First,19.81,1086.0,68.05,5.0,4.78 Lakh,3.12,4.78,False,True,True,12,0.1574962140333165
2568,Toyota Innova 2.5 G (Diesel) 8 Seater,Hyderabad,2011,166000,First,12.99,2494.0,100.6,8.0,4.78 Lakh,8.25,4.78,False,False,True,14,0.6351039260969977
2569,Toyota Innova Crysta 2.8 ZX AT,Coimbatore,2017,65367,First,11.36,2755.0,171.5,7.0,28.05 Lakh,20.14,28.05,False,False,False,8,1.7728873239436622
2570,Toyota Innova 2.5 G (Diesel) 8 Seater,Hyderabad,2013,114708,First,12.99,2494.0,100.0,8.0,4.78 Lakh,12.6,4.78,False,False,True,12,0.9699769053117783
2571,Maruti Swift Dzire ZDI,Kochi,2015,35082,First,23.4,1248.0,74.0,5.0,4.78 Lakh,6.61,4.78,False,False,True,10,0.28247863247863253
2572,Hyundai Creta 1.6 CRDi AT SX Plus,Kochi,2016,38593,First,17.01,1582.0,126.2,5.0,4.78 Lakh,13.23,4.78,False,False,False,9,0.7777777777777777
2573,Toyota Innova 2.5 G (Diesel) 8 Seater BS IV,Mumbai,2008,70700,First,12.99,2494.0,100.0,8.0,4.78 Lakh,4.75,4.78,False,False,True,17,0.3656658968437259
2574,Volkswagen Vento Diesel Highline,Mumbai,2011,83000,Second,20.54,1598.0,103.6,5.0,4.78 Lakh,2.9,4.78,False,False,True,14,0.14118792599805258
2575,Chevrolet Tavera LS B3 10 Seats BSIII,Hyderabad,2015,120000,First,14.8,2499.0,80.0,10.0,4.78 Lakh,5.5,4.78,False,False,True,10,0.3716216216216216
2576,Mahindra Ssangyong Rexton RX7,Kochi,2014,91586,Second,11.18,2696.0,184.0,7.0,4.78 Lakh,9.47,4.78,False,False,False,11,0.8470483005366727
2577,Hyundai i10 Magna,Mumbai,2008,38235,First,20.36,1197.0,78.9,5.0,4.78 Lakh,1.95,4.78,False,True,True,17,0.09577603143418467
2578,Hyundai i10 Sportz 1.2,Kolkata,2011,37000,First,20.36,1197.0,78.9,5.0,4.78 Lakh,2.2,4.78,False,True,True,14,0.10805500982318272
2580,Honda Amaze S i-Vtech,Bangalore,2013,44000,Second,18.0,1198.0,86.7,5.0,4.78 Lakh,4.35,4.78,False,True,True,12,0.24166666666666664
2581,Maruti Celerio ZXI AT,Pune,2016,54000,First,23.1,998.0,67.04,5.0,4.78 Lakh,4.5,4.78,False,True,False,9,0.1948051948051948
2582,Hyundai Grand i10 Asta,Chennai,2013,90000,First,18.9,1197.0,82.0,5.0,4.78 Lakh,3.55,4.78,False,True,True,12,0.18783068783068785
2583,Maruti Swift Dzire VDi,Kolkata,2015,35000,First,19.3,1248.0,73.9,5.0,4.78 Lakh,4.75,4.78,False,False,True,10,0.24611398963730569
2584,Hyundai i10 Sportz,Coimbatore,2012,47324,Second,20.36,1197.0,78.9,5.0,4.78 Lakh,4.52,4.78,False,True,True,13,0.22200392927308446
2585,BMW X1 sDrive 20d Exclusive,Mumbai,2012,65148,First,15.06,1995.0,177.0,5.0,4.78 Lakh,12.75,4.78,False,False,False,13,0.8466135458167331
2586,Audi A4 2.0 TDI 177 Bhp Premium Plus,Coimbatore,2014,57773,Second,17.11,1968.0,174.33,5.0,4.78 Lakh,20.04,4.78,False,False,False,11,1.1712448860315605
2587,Nissan Terrano XL 85 PS,Bangalore,2014,87000,First,20.45,1461.0,83.8,5.0,4.78 Lakh,6.5,4.78,False,False,True,11,0.31784841075794623
2588,Mitsubishi Montero 3.2 GLS,Chennai,2007,179032,First,11.56,3200.0,199.3,7.0,4.78 Lakh,7.5,4.78,False,False,True,18,0.6487889273356401
2589,Maruti Wagon R VXI AMT,Mumbai,2016,8000,First,22.5,998.0,67.0,5.0,6.14 Lakh,4.15,6.14,False,True,False,9,0.18444444444444447
2590,Honda Civic 2006-2010 1.8 (E) MT,Hyderabad,2007,77000,First,13.5,1799.0,130.0,5.0,4.78 Lakh,2.5,4.78,False,True,True,18,0.18518518518518517
2591,Hyundai i20 2015-2017 Magna 1.2,Pune,2016,20600,First,18.6,1197.0,81.83,5.0,4.78 Lakh,5.4,4.78,False,True,True,9,0.2903225806451613
2592,Maruti Alto K10 VXI,Mumbai,2016,13198,First,24.07,998.0,67.1,5.0,4.82 Lakh,3.15,4.82,False,True,True,9,0.13086830078936434
2593,Audi Q7 35 TDI Quattro Technology,Bangalore,2015,21000,Second,12.07,2967.0,241.4,7.0,4.78 Lakh,52.5,4.78,False,False,False,10,4.3496271748135875
2594,Hyundai i20 Sportz Option 1.2,Delhi,2016,38000,First,18.6,1197.0,81.83,5.0,4.78 Lakh,5.95,4.78,False,True,True,9,0.31989247311827956
2595,Tata Tiago AMT 1.2 Revotron XZA,Coimbatore,2019,15379,First,23.84,1199.0,83.83,5.0,7.17 Lakh,6.97,7.17,False,True,False,6,0.2923657718120805
2596,Hyundai i10 Sportz 1.2,Hyderabad,2011,60000,First,20.36,1197.0,78.9,5.0,4.78 Lakh,3.2,4.78,False,True,True,14,0.15717092337917488
2598,Renault Duster 85PS Diesel RxL Optional,Bangalore,2013,75371,First,20.46,1461.0,83.8,5.0,4.78 Lakh,6.69,4.78,False,False,True,12,0.32697947214076245
2599,Tata Xenon XT EX 4X4,Bangalore,2014,60000,Second,13.49,2179.0,138.03,5.0,4.78 Lakh,5.9,4.78,False,False,True,11,0.4373610081541883
2600,Hyundai i20 Magna,Kolkata,2009,30675,First,18.5,1197.0,80.0,5.0,4.78 Lakh,2.25,4.78,False,True,True,16,0.12162162162162163
2601,Maruti Swift Dzire VDI,Kolkata,2013,22000,First,23.4,1248.0,74.0,5.0,4.78 Lakh,4.5,4.78,False,False,True,12,0.19230769230769232
2602,Hyundai EON Magna,Pune,2015,55000,First,22.0,814.0,55.0,5.0,4.78 Lakh,2.61,4.78,False,True,True,10,0.11863636363636364
2603,Mercedes-Benz New C-Class 220 CDI AT,Jaipur,2010,74213,First,14.84,2143.0,170.0,5.0,4.78 Lakh,11.5,4.78,False,False,False,15,0.7749326145552561
2604,Mini Cooper Convertible S,Mumbai,2016,15000,First,16.82,1998.0,189.08,4.0,44.28 Lakh,35.0,44.28,False,True,False,9,2.080856123662307
2605,Tata Nano Cx,Jaipur,2010,57000,First,26.0,624.0,35.0,4.0,4.78 Lakh,0.5,4.78,False,True,True,15,0.019230769230769232
2606,Maruti Ciaz ZDi Plus,Kolkata,2015,62144,Second,26.21,1248.0,88.5,5.0,4.78 Lakh,5.75,4.78,False,False,True,10,0.219381915299504
2607,Hyundai Verna CRDi 1.6 SX Option,Pune,2017,50000,First,22.0,1582.0,126.2,5.0,15.72 Lakh,11.5,15.72,False,False,True,8,0.5227272727272727
2608,Hyundai EON Era Plus,Jaipur,2015,38000,First,21.1,814.0,55.2,5.0,4.78 Lakh,2.75,4.78,False,True,True,10,0.13033175355450236
2609,BMW 5 Series 2013-2017 520d Luxury Line,Chennai,2016,30000,Second,18.12,1995.0,190.0,5.0,4.78 Lakh,31.5,4.78,False,False,False,9,1.73841059602649
2610,Honda Brio S MT,Kochi,2016,38735,First,19.4,1198.0,86.8,5.0,4.78 Lakh,4.92,4.78,False,True,True,9,0.2536082474226804
2611,Maruti Ritz VDi,Pune,2012,23598,First,23.2,1248.0,73.94,5.0,4.78 Lakh,3.52,4.78,False,False,True,13,0.15172413793103448
2612,BMW 3 Series 320d Prestige,Chennai,2014,70000,First,18.88,1995.0,184.0,5.0,4.78 Lakh,17.55,4.78,False,False,False,11,0.9295550847457628
2613,Maruti Swift Dzire LDI,Pune,2016,39000,First,26.59,1248.0,74.0,5.0,4.78 Lakh,5.8,4.78,False,False,True,9,0.2181271154569387
2614,Maruti Swift Dzire VDI,Hyderabad,2013,84175,First,23.4,1248.0,74.0,5.0,4.78 Lakh,6.95,4.78,False,False,True,12,0.297008547008547
2615,Renault Scala RxL,Kolkata,2013,45000,First,16.95,1498.0,97.6,5.0,4.78 Lakh,2.4,4.78,False,True,True,12,0.1415929203539823
2616,Chevrolet Cruze LTZ AT,Mumbai,2013,59302,First,14.39,1998.0,163.7,5.0,4.78 Lakh,5.25,4.78,False,False,False,12,0.3648366921473245
2617,Maruti Swift Dzire ZXi,Ahmedabad,2012,55002,First,17.5,1298.0,85.8,5.0,4.78 Lakh,4.25,4.78,False,True,True,13,0.24285714285714285
2618,Tata Indigo CS LX (TDI) BS III,Jaipur,2008,128813,First,19.09,1396.0,69.0,5.0,4.78 Lakh,1.5,4.78,False,False,True,17,0.0785751702462022
2619,Hyundai Grand i10 CRDi Sportz,Jaipur,2016,46522,First,24.0,1120.0,70.0,5.0,4.78 Lakh,4.5,4.78,False,False,True,9,0.1875
2620,Tata Indica Vista Quadrajet LS,Pune,2014,180000,First,22.3,1248.0,74.0,5.0,4.78 Lakh,2.5,4.78,False,False,True,11,0.11210762331838564
2621,Ford Fiesta 1.4 TDCi EXI,Chennai,2006,89326,Third,17.8,1399.0,68.0,5.0,4.78 Lakh,1.55,4.78,False,False,True,19,0.08707865168539326
2622,Renault Duster 85PS Diesel RxE,Pune,2016,54000,First,19.87,1461.0,83.8,5.0,11.27 Lakh,6.5,11.27,False,False,True,9,0.3271263210870659
2623,BMW 5 Series 520d Sedan,Pune,2012,95000,Second,18.48,1197.0,74.0,5.0,4.78 Lakh,18.0,4.78,False,False,False,13,0.974025974025974
2624,Hyundai Grand i10 CRDi SportZ Edition,Kochi,2015,66337,First,24.0,1120.0,70.0,5.0,4.78 Lakh,4.96,4.78,False,False,True,10,0.20666666666666667
2625,Honda Brio S MT,Bangalore,2012,60000,First,19.4,1198.0,86.8,5.0,4.78 Lakh,3.25,4.78,False,True,True,13,0.1675257731958763
2626,Audi A4 1.8 TFSI,Kolkata,2010,38001,First,12.3,1781.0,163.2,5.0,4.78 Lakh,8.5,4.78,False,True,False,15,0.6910569105691057
2627,Maruti Alto 800 2016-2019 LXI,Bangalore,2014,73000,Second,24.7,796.0,47.3,5.0,4.78 Lakh,2.75,4.78,False,True,True,11,0.11133603238866398
2628,Hyundai Verna Transform SX VTVT,Bangalore,2011,61000,Second,16.2,1599.0,103.2,5.0,4.78 Lakh,3.4,4.78,False,True,True,14,0.20987654320987656
2629,Maruti Ertiga ZDI,Hyderabad,2013,120000,First,20.77,1248.0,88.8,7.0,4.78 Lakh,7.0,4.78,False,False,True,12,0.33702455464612424
2630,Chevrolet Optra Magnum 1.6 LT ABS BS3,Kochi,2012,71787,First,12.9,1598.0,102.5,5.0,4.78 Lakh,3.21,4.78,False,True,True,13,0.24883720930232558
2631,Hyundai Creta 1.6 CRDi SX Option,Coimbatore,2016,11554,First,19.67,1582.0,126.2,5.0,4.78 Lakh,14.25,4.78,False,False,True,9,0.7244534824605998
2632,Volkswagen Vento 1.5 TDI Highline,Hyderabad,2014,90000,First,20.34,1498.0,103.2,5.0,4.78 Lakh,6.5,4.78,False,False,True,11,0.3195673549655851
2633,Honda City i VTEC SV,Kolkata,2014,48104,First,17.4,1497.0,117.3,5.0,4.78 Lakh,5.49,4.78,False,True,True,11,0.31551724137931036
2634,Hyundai Getz GLS ABS,Pune,2005,91000,Third,16.8,1341.0,83.0,5.0,4.78 Lakh,0.8,4.78,False,True,True,20,0.047619047619047616
2636,Hyundai Grand i10 AT Asta,Coimbatore,2015,33931,Second,18.9,1197.0,82.0,5.0,4.78 Lakh,5.91,4.78,False,True,False,10,0.31269841269841275
2637,Hyundai Grand i10 1.2 Kappa Sportz Option,Coimbatore,2019,13916,First,18.9,1197.0,81.86,5.0,4.78 Lakh,6.44,4.78,False,True,True,6,0.3407407407407408
2639,Hyundai Grand i10 Sportz,Jaipur,2015,14000,First,18.9,1197.0,82.0,5.0,4.78 Lakh,4.6,4.78,False,True,True,10,0.24338624338624337
2641,Hyundai i20 Asta 1.2,Coimbatore,2016,17560,First,18.6,1197.0,81.83,5.0,4.78 Lakh,7.21,4.78,False,True,True,9,0.3876344086021505
2642,Renault Duster 85PS Diesel RxL,Pune,2016,60000,First,19.87,1461.0,83.8,5.0,4.78 Lakh,8.0,4.78,False,False,True,9,0.40261701056869653
2643,Maruti Swift Dzire VDi,Hyderabad,2009,88096,Second,19.3,1248.0,73.9,5.0,4.78 Lakh,3.5,4.78,False,False,True,16,0.18134715025906736
2644,Toyota Innova 2.5 G (Diesel) 8 Seater BS IV,Pune,2008,178280,First,12.8,2494.0,102.0,8.0,4.78 Lakh,5.9,4.78,False,False,True,17,0.4609375
2645,Tata Nano Twist XT,Coimbatore,2015,19963,Second,25.4,624.0,37.5,4.0,4.78 Lakh,1.74,4.78,False,True,True,10,0.06850393700787402
2646,Ford Figo 2015-2019 1.2P Sports Edition MT,Mumbai,2019,1000,First,18.12,1196.0,86.8,5.0,4.78 Lakh,6.8,4.78,False,True,True,6,0.37527593818984545
2647,Hyundai i20 1.2 Asta Option,Jaipur,2017,8000,First,18.6,1197.0,81.83,5.0,4.78 Lakh,7.5,4.78,False,True,True,8,0.4032258064516129
2648,Honda BRV i-VTEC V MT,Pune,2016,9200,First,15.4,1497.0,117.3,7.0,13.58 Lakh,8.0,13.58,False,True,True,9,0.5194805194805194
2649,Honda Amaze S Diesel,Hyderabad,2015,29000,First,27.4,1498.0,98.6,5.0,9.09 Lakh,5.99,9.09,False,False,True,10,0.21861313868613141
2650,Hyundai Creta 1.6 CRDi SX,Mumbai,2017,27000,First,19.67,1582.0,126.2,5.0,4.78 Lakh,12.9,4.78,False,False,True,8,0.655821047280122
2651,Maruti Baleno Zeta 1.2,Delhi,2018,22900,First,21.4,1197.0,83.1,5.0,4.78 Lakh,7.0,4.78,False,True,True,7,0.3271028037383178
2652,Audi Q5 2.0 TDI Technology,Hyderabad,2014,50000,First,14.16,1968.0,174.3,5.0,4.78 Lakh,35.0,4.78,False,False,False,11,2.4717514124293785
2653,Honda Amaze S i-DTEC,Jaipur,2015,60207,First,25.8,1498.0,98.6,5.0,4.78 Lakh,5.5,4.78,False,False,True,10,0.2131782945736434
2654,BMW X5 3.0d,Coimbatore,2010,101119,First,11.0,2993.0,235.0,5.0,4.78 Lakh,18.46,4.78,False,False,False,15,1.6781818181818182
2655,Ford Figo Petrol Titanium,Jaipur,2010,42000,First,15.6,1196.0,70.0,5.0,4.78 Lakh,2.4,4.78,False,True,True,15,0.15384615384615385
2656,Maruti Wagon R VXI,Pune,2002,93000,Third,18.9,998.0,67.1,5.0,4.78 Lakh,1.0,4.78,False,True,True,23,0.052910052910052914
2657,Hyundai i10 Era,Ahmedabad,2012,60000,Second,19.81,1086.0,68.05,5.0,4.78 Lakh,2.65,4.78,False,True,True,13,0.13377082281675923
2658,Skoda Rapid 1.5 TDI AT Elegance,Kochi,2015,66122,First,21.66,1498.0,103.52,5.0,4.78 Lakh,5.96,4.78,False,False,False,10,0.27516158818097874
2659,Porsche Panamera Diesel,Kolkata,2015,25100,First,17.85,2967.0,300.0,4.0,4.78 Lakh,75.0,4.78,False,False,False,10,4.201680672268907
2660,Mercedes-Benz CLA 200 Sport Edition,Kochi,2017,24733,First,15.04,1991.0,183.0,5.0,4.78 Lakh,27.15,4.78,False,True,False,8,1.805186170212766
2661,Audi A6 2.8 FSI,Ahmedabad,2008,41000,Second,10.4,2773.0,201.0,5.0,4.78 Lakh,10.5,4.78,False,True,False,17,1.0096153846153846
2662,Maruti Ciaz ZXi Plus,Chennai,2015,30000,First,20.73,1373.0,91.1,5.0,4.78 Lakh,6.7,4.78,False,True,True,10,0.32320308731307285
2663,Ford Ecosport 1.5 DV5 MT Titanium,Kolkata,2013,36000,First,22.7,1498.0,89.84,5.0,4.78 Lakh,4.9,4.78,False,False,True,12,0.21585903083700442
2664,Mahindra Bolero mHAWK D70 ZLX,Hyderabad,2017,40279,First,16.5,1493.0,70.0,7.0,4.78 Lakh,8.0,4.78,False,False,True,8,0.48484848484848486
2665,Maruti Alto K10 VXI,Kochi,2018,46805,First,24.07,998.0,67.1,5.0,4.09 Lakh,3.63,4.09,False,True,True,7,0.15081013710012464
2666,Maruti Swift Dzire 1.2 Vxi BSIV,Mumbai,2015,60000,First,17.5,1197.0,85.8,5.0,4.78 Lakh,4.8,4.78,False,True,True,10,0.2742857142857143
2667,Tata Zest Revotron 1.2T XE,Mumbai,2017,100000,First,17.57,1193.0,88.7,5.0,6.83 Lakh,4.25,6.83,False,True,True,8,0.24188958451906659
2668,Maruti Swift 1.3 VXi,Kolkata,2014,32986,First,16.1,1197.0,74.0,5.0,4.78 Lakh,4.24,4.78,False,True,True,11,0.26335403726708073
2669,Ford Endeavour 3.2 Trend AT 4X4,Coimbatore,2018,51530,First,10.91,3198.0,197.2,7.0,4.78 Lakh,30.27,4.78,False,False,False,7,2.774518790100825
2670,Mercedes-Benz New C-Class C 220 CDI CLASSIC,Jaipur,2013,81456,First,15.8,2148.0,170.0,5.0,4.78 Lakh,14.25,4.78,False,False,True,12,0.9018987341772151
2671,Hyundai i10 Sportz AT,Ahmedabad,2012,37229,First,16.95,1197.0,78.9,5.0,4.78 Lakh,3.41,4.78,False,True,False,13,0.20117994100294986
2672,Honda City 1.5 S MT,Delhi,2009,73200,First,17.0,1497.0,118.0,5.0,4.78 Lakh,2.78,4.78,False,True,True,16,0.16352941176470587
2673,Skoda Octavia Elegance 2.0 TDI AT,Ahmedabad,2015,71826,First,19.3,1968.0,141.0,5.0,4.78 Lakh,15.5,4.78,False,False,False,10,0.8031088082901554
2674,Tata Indica V2 eLS,Chennai,2017,129000,First,25.0,1396.0,69.0,5.0,4.78 Lakh,3.0,4.78,False,False,True,8,0.12
2675,Maruti Wagon R VXi BSII,Pune,2012,82000,First,18.9,998.0,67.1,5.0,4.78 Lakh,2.3,4.78,False,True,True,13,0.12169312169312169
2676,Hyundai Creta 1.6 CRDi SX,Kochi,2017,40459,First,19.67,1582.0,126.2,5.0,4.78 Lakh,13.28,4.78,False,False,True,8,0.6751398068124046
2677,Maruti A-Star Lxi,Hyderabad,2009,61964,First,19.0,998.0,66.1,5.0,4.78 Lakh,2.25,4.78,False,True,True,16,0.11842105263157894
2678,Maruti Wagon R LXI,Kochi,2011,15466,First,22.5,998.0,67.04,5.0,5.04 Lakh,3.36,5.04,False,True,True,14,0.14933333333333332
2679,Honda Mobilio E i VTEC,Kolkata,2014,23000,First,17.3,1497.0,117.3,7.0,4.78 Lakh,4.25,4.78,False,True,True,11,0.24566473988439305
2680,Hyundai i10 Magna,Coimbatore,2012,43766,First,20.36,1197.0,78.9,5.0,4.78 Lakh,4.3,4.78,False,True,True,13,0.2111984282907662
2681,Skoda Superb 3.6 V6 FSI,Hyderabad,2010,54000,First,0.0,3597.0,262.6,5.0,4.78 Lakh,6.0,4.78,False,True,False,15,
2682,Hyundai i20 1.4 Sportz,Coimbatore,2018,18521,First,22.54,1396.0,88.73,5.0,4.78 Lakh,9.18,4.78,False,False,True,7,0.4072759538598048
2683,Maruti Celerio ZXI Optional,Hyderabad,2017,26400,First,23.1,998.0,67.04,5.0,4.78 Lakh,4.99,4.78,False,True,True,8,0.21601731601731602
2684,Skoda Laura 1.8 TSI Ambiente,Pune,2011,31900,First,13.4,1798.0,157.8,5.0,4.78 Lakh,3.75,4.78,False,True,True,14,0.2798507462686567
2685,Ford Figo Diesel LXI,Chennai,2010,39000,First,20.0,1399.0,68.0,5.0,4.78 Lakh,2.5,4.78,False,False,True,15,0.125
2686,Honda Jazz 1.5 VX i DTEC,Hyderabad,2016,45671,First,27.3,1498.0,98.6,5.0,4.78 Lakh,7.2,4.78,False,False,True,9,0.26373626373626374
2687,Mercedes-Benz E-Class 2015-2017 E250 Edition E,Ahmedabad,2016,39500,First,15.0,2143.0,204.0,5.0,4.78 Lakh,29.5,4.78,False,False,False,9,1.9666666666666666
2688,Mercedes-Benz GLA Class 200 CDI SPORT,Chennai,2015,54000,First,17.9,2143.0,136.0,5.0,4.78 Lakh,17.55,4.78,False,False,False,10,0.9804469273743018
2689,Volvo S60 D3,Chennai,2012,20000,First,18.5,1985.0,163.0,5.0,4.78 Lakh,12.0,4.78,False,False,False,13,0.6486486486486487
2690,Audi A8 L 3.0 TDI quattro,Bangalore,2009,55000,First,11.8,2967.0,246.7,5.0,4.78 Lakh,13.5,4.78,False,False,False,16,1.1440677966101693
2691,Hyundai Verna 1.6 SX CRDI (O) AT,Kolkata,2014,48000,First,22.32,1582.0,126.32,5.0,4.78 Lakh,5.1,4.78,False,False,False,11,0.22849462365591397
2692,BMW 3 Series 320d,Kolkata,2011,70000,First,22.69,1995.0,190.0,5.0,43.81 Lakh,10.3,43.81,False,False,False,14,0.4539444689290436
2693,Hyundai Verna 1.6 SX,Delhi,2014,62000,First,22.32,1582.0,126.32,5.0,4.78 Lakh,5.7,4.78,False,False,True,11,0.2553763440860215
2694,Maruti Wagon R VXI,Kochi,2014,41994,First,22.5,998.0,67.04,5.0,5.12 Lakh,3.41,5.12,False,True,True,11,0.15155555555555555
2695,Ford Figo Diesel EXI,Hyderabad,2010,108882,Second,20.0,1399.0,68.0,5.0,4.78 Lakh,2.4,4.78,False,False,True,15,0.12
2696,Mahindra KUV 100 mFALCON G80 K2,Coimbatore,2017,24806,First,18.15,1198.0,82.0,6.0,4.78 Lakh,5.6,4.78,False,True,True,8,0.3085399449035813
2697,Tata Indigo LS,Pune,2006,160000,First,17.0,1405.0,70.0,5.0,4.78 Lakh,1.0,4.78,False,False,True,19,0.058823529411764705
2698,Mahindra TUV 300 T8 AMT,Hyderabad,2017,30000,First,18.49,1493.0,100.0,7.0,4.78 Lakh,8.2,4.78,False,False,False,8,0.4434829637641969
2699,Audi Q3 35 TDI Quattro Premium Plus,Bangalore,2015,51000,First,15.17,1968.0,181.0,5.0,48.64 Lakh,27.5,48.64,False,False,False,10,1.8127883981542519
2700,Maruti Wagon R VXI 1.2,Jaipur,2015,64876,First,21.5,1197.0,81.8,5.0,5.71 Lakh,3.5,5.71,False,True,True,10,0.16279069767441862
2702,Maruti Vitara Brezza ZDi Plus Dual Tone,Coimbatore,2017,25299,First,24.3,1248.0,88.5,5.0,12.56 Lakh,10.34,12.56,False,False,True,8,0.42551440329218104
2703,Mahindra Scorpio DX 2.6 Turbo 8 Str,Mumbai,2006,89869,First,12.7,2609.0,116.6,8.0,4.78 Lakh,3.25,4.78,False,False,True,19,0.2559055118110236
2704,Hyundai Tucson CRDi,Jaipur,2007,103515,Third,12.6,1991.0,112.0,7.0,4.78 Lakh,5.0,4.78,False,False,True,18,0.39682539682539686
2705,Hyundai Santro Xing GLS,Hyderabad,2008,68282,First,17.92,1086.0,62.1,5.0,4.78 Lakh,2.25,4.78,False,True,True,17,0.1255580357142857
2706,Porsche Panamera Diesel 250hp,Kochi,2014,60033,First,18.18,2967.0,250.0,4.0,4.78 Lakh,51.52,4.78,False,False,False,11,2.833883388338834
2707,Maruti Vitara Brezza VDi Option,Kochi,2018,51921,First,24.3,1248.0,88.5,5.0,4.78 Lakh,8.62,4.78,False,False,True,7,0.3547325102880658
2708,Maruti Swift Dzire VDI,Mumbai,2017,18414,First,23.4,1248.0,74.0,5.0,4.78 Lakh,7.25,4.78,False,False,True,8,0.30982905982905984
2709,Honda Amaze V Petrol,Kochi,2016,40866,First,19.5,1199.0,86.76,5.0,8.16 Lakh,5.47,8.16,False,True,True,9,0.2805128205128205
2710,Jaguar XF 2.2 Litre Luxury,Pune,2014,55001,First,16.36,2179.0,187.7,5.0,4.78 Lakh,31.0,4.78,False,False,False,11,1.8948655256723717
2711,Mini Cooper Convertible S,Kochi,2017,20469,First,16.82,1998.0,189.08,4.0,44.28 Lakh,35.98,44.28,False,True,False,8,2.1391200951248512
2712,Hyundai EON Era Plus,Jaipur,2017,8500,First,21.1,814.0,55.2,5.0,4.78 Lakh,3.42,4.78,False,True,True,8,0.16208530805687202
2713,Audi A6 3.0 TDI quattro,Ahmedabad,2008,45000,Second,16.77,2967.0,241.38,5.0,4.78 Lakh,11.5,4.78,False,False,False,17,0.6857483601669648
2714,Hyundai i20 Active 1.2 SX Dual Tone,Pune,2016,6000,First,17.19,1197.0,81.86,5.0,4.78 Lakh,7.25,4.78,False,True,True,9,0.4217568353694008
2715,Maruti Swift AMT DDiS VDI,Chennai,2018,11000,First,28.4,1248.0,74.0,5.0,4.78 Lakh,8.0,4.78,False,False,True,7,0.28169014084507044
2716,Ford Ecosport 1.5 DV5 MT Titanium,Kochi,2015,80064,First,22.7,1498.0,89.84,5.0,4.78 Lakh,7.33,4.78,False,False,True,10,0.3229074889867842
2717,Maruti Wagon R VXI BS IV with ABS,Kolkata,2016,29930,First,18.9,998.0,67.1,5.0,4.78 Lakh,3.35,4.78,False,True,True,9,0.17724867724867727
2718,Volkswagen Vento 1.5 TDI Highline,Mumbai,2013,49105,First,20.34,1498.0,103.2,5.0,4.78 Lakh,4.4,4.78,False,False,True,12,0.21632251720747298
2719,Toyota Etios VX,Kolkata,2012,55000,First,17.6,1496.0,88.7,5.0,4.78 Lakh,2.99,4.78,False,True,True,13,0.16988636363636364
2720,Honda Jazz 1.2 SV i VTEC,Bangalore,2015,23000,First,18.7,1199.0,88.7,5.0,4.78 Lakh,5.6,4.78,False,True,True,10,0.2994652406417112
2721,Volkswagen CrossPolo 1.5 TDI,Coimbatore,2016,54727,First,20.14,1498.0,88.73,5.0,4.78 Lakh,6.63,4.78,False,False,True,9,0.3291956305858987
2722,Volkswagen Ameo 1.5 TDI Highline,Kochi,2018,31426,First,21.66,1498.0,108.62,5.0,9.72 Lakh,7.9,9.72,False,False,True,7,0.36472760849492153
2723,Honda City V MT Exclusive,Kochi,2015,53442,First,16.8,1497.0,116.3,5.0,4.78 Lakh,7.0,4.78,False,True,True,10,0.41666666666666663
2724,Honda Brio VX AT,Hyderabad,2014,28000,First,16.5,1198.0,86.8,5.0,4.78 Lakh,4.95,4.78,False,True,False,11,0.3
2725,Skoda Rapid 1.6 MPI AT Style,Mumbai,2017,13412,First,14.3,1598.0,103.52,5.0,4.78 Lakh,9.19,4.78,False,True,False,8,0.6426573426573426
2726,Hyundai Verna CRDi,Hyderabad,2011,70000,First,16.8,1493.0,110.0,5.0,4.78 Lakh,5.1,4.78,False,False,True,14,0.30357142857142855
2727,Hyundai i20 Active S Diesel,Jaipur,2015,81310,First,21.19,1396.0,88.76,5.0,4.78 Lakh,5.9,4.78,False,False,True,10,0.2784332232184993
2728,Maruti Baleno Alpha CVT,Kochi,2019,13574,First,21.4,1197.0,83.1,5.0,10.3 Lakh,9.51,10.3,False,True,False,6,0.444392523364486
2729,Honda CR-V 2.4L 4WD MT,Mumbai,2008,75000,Second,11.1,2354.0,158.8,5.0,4.78 Lakh,3.9,4.78,False,True,True,17,0.35135135135135137
2730,Maruti Swift Dzire VXI,Coimbatore,2014,58310,Second,19.1,1197.0,85.8,5.0,4.78 Lakh,5.39,4.78,False,True,True,11,0.28219895287958113
2731,Maruti Swift Dzire VDi,Pune,2009,90000,Second,19.3,1248.0,73.9,5.0,4.78 Lakh,3.0,4.78,False,False,True,16,0.15544041450777202
2732,Maruti Swift Dzire ZDI,Jaipur,2012,83000,First,23.4,1248.0,74.0,5.0,4.78 Lakh,4.3,4.78,False,False,True,13,0.18376068376068377
2733,Maruti Swift Dzire ZXI,Jaipur,2017,37282,First,20.85,1197.0,83.14,5.0,4.78 Lakh,6.75,4.78,False,True,True,8,0.3237410071942446
2734,Hyundai Grand i10 Sportz,Jaipur,2017,23000,First,18.9,1197.0,82.0,5.0,4.78 Lakh,4.5,4.78,False,True,True,8,0.2380952380952381
2735,Ford Fiesta 1.4 ZXi TDCi ABS,Chennai,2010,82000,First,17.8,1399.0,68.0,5.0,4.78 Lakh,2.75,4.78,False,False,True,15,0.1544943820224719
2736,Hyundai Verna 1.6 CRDi S,Chennai,2016,31000,First,23.9,1582.0,126.2,5.0,4.78 Lakh,9.0,4.78,False,False,True,9,0.3765690376569038
2737,Maruti Wagon R Vx,Jaipur,2001,200000,First,12.0,1197.0,74.0,5.0,4.78 Lakh,0.7,4.78,False,True,True,24,0.05833333333333333
2738,Ford Figo Diesel EXI,Delhi,2014,45001,Second,20.0,1399.0,68.05,5.0,4.78 Lakh,2.55,4.78,False,False,True,11,0.1275
2739,Tata Manza Aqua Quadrajet BS IV,Coimbatore,2014,50446,First,21.12,1248.0,88.8,5.0,4.78 Lakh,3.54,4.78,False,False,True,11,0.16761363636363635
2740,Honda Civic 2006-2010 1.8 S MT,Ahmedabad,2009,89000,First,13.5,1799.0,130.0,5.0,4.78 Lakh,4.25,4.78,False,True,True,16,0.3148148148148148
2741,Maruti Alto LX BSIII,Ahmedabad,2007,72000,Second,19.7,796.0,46.3,5.0,4.78 Lakh,1.2,4.78,False,True,True,18,0.06091370558375635
2742,BMW 5 Series 520d Luxury Line,Ahmedabad,2013,90000,First,22.48,1995.0,190.0,5.0,63.71 Lakh,19.5,63.71,False,False,False,12,0.8674377224199288
2743,Mahindra XUV500 W8 2WD,Bangalore,2015,76000,Second,16.0,2179.0,140.0,7.0,4.78 Lakh,12.0,4.78,False,False,True,10,0.75
2744,Maruti Ritz VDi,Hyderabad,2012,78401,First,23.2,1248.0,73.94,5.0,4.78 Lakh,3.9,4.78,False,False,True,13,0.16810344827586207
2745,Maruti Vitara Brezza ZDi Plus,Kochi,2017,38426,First,24.3,1248.0,88.5,5.0,11.12 Lakh,9.13,11.12,False,False,True,8,0.3757201646090535
2746,Maruti Eeco 7 Seater Standard,Pune,2011,45000,First,15.1,1196.0,73.0,7.0,4.69 Lakh,2.25,4.69,False,True,True,14,0.1490066225165563
2747,Maruti Swift Dzire 1.2 Vxi BSIV,Mumbai,2012,83000,First,17.5,1197.0,85.8,5.0,4.78 Lakh,3.25,4.78,False,True,True,13,0.18571428571428572
2748,Hyundai Creta 1.6 CRDi AT SX Plus,Coimbatore,2017,50170,First,17.01,1582.0,126.2,5.0,4.78 Lakh,14.79,4.78,False,False,False,8,0.8694885361552027
2749,Maruti Wagon R LXI,Mumbai,2010,37822,First,22.5,998.0,67.04,5.0,5.04 Lakh,2.35,5.04,False,True,True,15,0.10444444444444445
2750,Maruti Celerio ZDi,Kolkata,2015,33517,First,27.62,793.0,47.0,5.0,4.78 Lakh,3.1,4.78,False,False,True,10,0.11223750905141201
2751,Hyundai Santa Fe 2WD AT,Delhi,2014,110000,First,13.01,2199.0,194.3,7.0,4.78 Lakh,12.9,4.78,False,False,False,11,0.9915449654112222
2752,Hyundai EON D Lite Plus Option,Kolkata,2017,60000,First,21.1,814.0,55.2,5.0,4.78 Lakh,2.5,4.78,False,True,True,8,0.11848341232227487
2753,Hyundai i20 Sportz 1.2,Delhi,2013,92408,First,18.5,1197.0,82.85,5.0,4.78 Lakh,3.65,4.78,False,True,True,12,0.19729729729729728
2754,Hyundai Verna 1.6 SX VTVT (O),Bangalore,2014,45000,First,17.1,1591.0,121.3,5.0,4.78 Lakh,7.5,4.78,False,True,True,11,0.43859649122807015
2755,Honda Brio S Option MT,Kochi,2013,33793,First,18.4,1198.0,86.8,5.0,4.78 Lakh,3.74,4.78,False,True,True,12,0.2032608695652174
2756,Maruti Swift VXI Optional,Kochi,2017,26327,First,20.4,1197.0,81.8,5.0,4.78 Lakh,5.86,4.78,False,True,True,8,0.28725490196078435
2757,Mercedes-Benz New C-Class C 220d Avantgarde Edition C,Coimbatore,2018,20604,First,19.27,2143.0,167.62,5.0,4.78 Lakh,39.62,4.78,False,False,False,7,2.056045666839647
2758,Maruti Swift VDI Optional,Coimbatore,2018,61386,First,25.2,1248.0,74.0,5.0,4.78 Lakh,7.05,4.78,False,False,True,7,0.27976190476190477
2759,Maruti Swift AMT VDI,Delhi,2018,11500,First,28.4,1248.0,74.0,5.0,4.78 Lakh,7.5,4.78,False,False,False,7,0.26408450704225356
2760,Chevrolet Beat Diesel LS,Chennai,2012,58000,First,25.44,936.0,57.6,5.0,4.78 Lakh,2.1,4.78,False,False,True,13,0.08254716981132075
2761,Skoda Superb Elegance 1.8 TSI AT,Delhi,2014,38000,First,13.7,1798.0,157.75,5.0,4.78 Lakh,11.6,4.78,False,True,False,11,0.8467153284671532
2762,Mercedes-Benz New C-Class C 220 CDI BE Avantgare,Bangalore,2012,49000,Second,14.84,2143.0,167.62,5.0,4.78 Lakh,19.25,4.78,False,False,False,13,1.2971698113207548
2763,Toyota Innova Crysta 2.4 VX MT 8S,Coimbatore,2017,72202,First,13.68,2393.0,147.8,8.0,24.01 Lakh,17.92,24.01,False,False,True,8,1.3099415204678364
2764,Hyundai i10 Sportz,Kolkata,2016,7000,First,20.36,1197.0,78.9,5.0,4.78 Lakh,3.6,4.78,False,True,True,9,0.17681728880157171
2765,Honda Amaze S i-DTEC,Ahmedabad,2014,20000,Second,25.8,1498.0,98.6,5.0,4.78 Lakh,4.5,4.78,False,False,True,11,0.1744186046511628
2766,Hyundai i20 Magna 1.4 CRDi (Diesel),Hyderabad,2017,14061,First,21.9,1396.0,88.76,5.0,4.78 Lakh,7.4,4.78,False,False,True,8,0.33789954337899547
2767,Mercedes-Benz GLE 350d,Coimbatore,2018,30706,First,11.57,2987.0,254.79,5.0,95.13 Lakh,59.29,95.13,False,False,False,7,5.124459809853068
2768,Mahindra Scorpio 2009-2014 SLE 7S BSIV,Kolkata,2011,51387,First,12.05,2179.0,120.0,7.0,4.78 Lakh,5.5,4.78,False,False,True,14,0.45643153526970953
2769,Hyundai Getz GLE,Bangalore,2006,44000,Second,15.3,1341.0,83.0,5.0,4.78 Lakh,1.75,4.78,False,True,True,19,0.11437908496732026
2770,Maruti Baleno Alpha,Mumbai,2016,12208,First,21.4,1197.0,83.1,5.0,8.78 Lakh,6.75,8.78,False,True,True,9,0.31542056074766356
2771,Chevrolet Optra Magnum 2.0 LT,Chennai,2011,55000,First,16.52,1991.0,123.7,5.0,4.78 Lakh,3.95,4.78,False,False,True,14,0.23910411622276032
2772,Hyundai Verna 1.6 SX VTVT (O),Mumbai,2011,61600,First,17.1,1591.0,121.3,5.0,4.78 Lakh,4.2,4.78,False,True,True,14,0.24561403508771928
2773,Honda City 1.5 V MT,Hyderabad,2016,28414,First,17.0,1497.0,118.0,5.0,4.78 Lakh,8.4,4.78,False,True,True,9,0.49411764705882355
2774,Volkswagen Polo GT TSI,Mumbai,2017,27853,First,17.21,1197.0,103.5,5.0,11.26 Lakh,8.25,11.26,False,True,False,8,0.47937245787332944
2775,Honda Brio E MT,Bangalore,2013,55116,First,19.4,1198.0,86.8,5.0,4.78 Lakh,3.31,4.78,False,True,True,12,0.17061855670103093
2776,Maruti Swift Dzire VDI,Ahmedabad,2017,26000,First,26.59,1248.0,74.0,5.0,4.78 Lakh,7.5,4.78,False,False,True,8,0.28206092515983455
2777,Honda City 1.5 V MT Exclusive,Pune,2012,45496,First,17.0,1497.0,118.0,5.0,4.78 Lakh,4.75,4.78,False,True,True,13,0.27941176470588236
2778,Mahindra Ssangyong Rexton RX7,Pune,2013,76000,Second,11.18,2696.0,184.0,7.0,4.78 Lakh,8.79,4.78,False,False,False,12,0.7862254025044723
2779,Skoda Superb Elegance 1.8 TSI MT,Pune,2014,136000,First,13.1,1798.0,157.75,5.0,4.78 Lakh,9.5,4.78,False,True,True,11,0.7251908396946565
2780,Hyundai Santro GLS II - Euro II,Pune,2009,100000,First,0.0,1197.0,74.0,5.0,4.78 Lakh,1.6,4.78,False,True,True,16,
2781,Maruti Alto LXi,Kolkata,2010,38127,First,19.7,796.0,46.3,5.0,4.78 Lakh,1.55,4.78,False,True,True,15,0.07868020304568528
2782,Hyundai i20 Asta (o) 1.4 CRDi (Diesel),Jaipur,2014,82450,First,23.0,1396.0,90.0,5.0,4.78 Lakh,5.85,4.78,False,False,True,11,0.2543478260869565
2783,Ford Ecosport 1.5 Ti VCT MT Trend,Coimbatore,2014,62497,First,15.8,1499.0,110.0,5.0,4.78 Lakh,7.52,4.78,False,True,True,11,0.4759493670886075
2784,Nissan Micra Diesel XV,Hyderabad,2011,86732,First,23.08,1461.0,63.1,5.0,4.78 Lakh,3.6,4.78,False,False,True,14,0.15597920277296362
2785,Honda Brio E MT,Kochi,2016,27969,First,19.4,1198.0,86.8,5.0,4.78 Lakh,4.73,4.78,False,True,True,9,0.24381443298969077
2786,Mahindra Ssangyong Rexton RX7,Delhi,2013,66372,First,11.18,2696.0,184.0,7.0,4.78 Lakh,10.5,4.78,False,False,False,12,0.9391771019677997
2787,BMW 7 Series 730Ld Sedan,Coimbatore,2013,73525,First,16.46,2993.0,258.0,5.0,4.78 Lakh,34.54,4.78,False,False,False,12,2.0984204131227218
2788,Hyundai Grand i10 1.2 Kappa Sportz,Kochi,2018,20689,First,18.9,1197.0,81.86,5.0,6.68 Lakh,6.07,6.68,False,True,True,7,0.3211640211640212
2789,Maruti Baleno Delta 1.2,Coimbatore,2018,25093,First,21.4,1197.0,83.1,5.0,4.78 Lakh,7.76,4.78,False,True,True,7,0.36261682242990656
2790,Mahindra Xylo E8 ABS BS IV,Coimbatore,2016,49176,First,11.68,2498.0,112.0,8.0,4.78 Lakh,7.46,4.78,False,False,True,9,0.6386986301369864
2791,Renault Fluence Diesel E4,Delhi,2012,87510,First,21.8,1461.0,78.0,5.0,4.78 Lakh,3.49,4.78,False,False,True,13,0.16009174311926605
2792,Hyundai i20 1.2 Magna,Coimbatore,2012,38214,Second,18.5,1197.0,80.0,5.0,4.78 Lakh,4.05,4.78,False,True,True,13,0.2189189189189189
2793,Mitsubishi Pajero 2.8 SFX,Kochi,2013,48986,First,10.5,2835.0,107.2,6.0,4.78 Lakh,11.88,4.78,False,False,True,12,1.1314285714285715
2794,Toyota Corolla Altis 2008-2013 1.8 VL AT,Pune,2011,88000,First,14.53,1794.0,138.1,5.0,4.78 Lakh,6.45,4.78,False,True,False,14,0.4439091534755678
2795,BMW X5 X5 M,Pune,2015,69002,First,15.97,2993.0,258.0,5.0,4.78 Lakh,50.0,4.78,False,False,False,10,3.1308703819661865
2796,BMW 3 Series 2005-2011 325i Sedan,Pune,2011,43706,First,10.9,2497.0,215.0,5.0,4.78 Lakh,9.0,4.78,False,True,False,14,0.8256880733944953
2797,Hyundai Creta 1.6 CRDi AT SX Plus,Coimbatore,2016,58671,First,17.01,1582.0,126.2,5.0,4.78 Lakh,14.25,4.78,False,False,False,9,0.837742504409171
2798,Mahindra TUV 300 2015-2019 T8,Coimbatore,2017,49404,First,18.49,1493.0,100.0,7.0,4.78 Lakh,7.36,4.78,False,False,True,8,0.3980530016224987
2799,Mahindra Scorpio VLX 2.2 mHawk BSIII,Delhi,2010,72000,First,12.05,2179.0,120.0,8.0,4.78 Lakh,4.4,4.78,False,False,True,15,0.36514522821576767
2800,Renault KWID RXT,Mumbai,2016,24000,First,25.17,799.0,53.3,5.0,4.78 Lakh,3.1,4.78,False,True,True,9,0.12316249503377036
2801,Renault KWID 1.0 RXT Optional AMT,Coimbatore,2017,53285,First,22.5,999.0,67.0,5.0,5.42 Lakh,4.28,5.42,False,True,False,8,0.19022222222222224
2802,Maruti Swift VXi BSIV,Pune,2017,12000,First,16.1,1197.0,85.0,5.0,4.78 Lakh,5.5,4.78,False,True,True,8,0.3416149068322981
2803,Skoda Laura 1.9 TDI AT Ambiente,Kolkata,2012,45000,First,17.0,1896.0,105.0,5.0,4.78 Lakh,6.99,4.78,False,False,False,13,0.4111764705882353
2804,Maruti Alto 800 2016-2019 VXI,Coimbatore,2018,26234,First,24.7,796.0,47.3,5.0,4.78 Lakh,4.29,4.78,False,True,True,7,0.1736842105263158
2805,Maruti Swift VXI,Delhi,2014,55000,First,18.6,1197.0,85.8,5.0,4.78 Lakh,4.2,4.78,False,True,True,11,0.22580645161290322
2806,Hyundai i20 1.4 CRDi Sportz,Pune,2012,90000,First,23.0,1396.0,90.0,5.0,4.78 Lakh,4.11,4.78,False,False,True,13,0.17869565217391306
2807,Audi Q3 2012-2015 35 TDI Quattro Premium,Mumbai,2015,48000,First,15.73,1968.0,174.33,5.0,4.78 Lakh,18.75,4.78,False,False,False,10,1.1919898283534647
2808,Mercedes-Benz GLE 350d,Mumbai,2017,19863,First,11.57,2987.0,254.79,5.0,91.23 Lakh,64.95,91.23,False,False,False,8,5.613656006914434
2809,Hyundai i10 Era,Mumbai,2010,55000,Second,19.81,1086.0,68.05,5.0,4.78 Lakh,1.59,4.78,False,True,True,15,0.08026249369005553
2810,Maruti Wagon R LXI Optional,Kolkata,2016,4800,First,20.51,998.0,67.04,5.0,4.78 Lakh,3.6,4.78,False,True,True,9,0.17552413456850316
2811,Honda City i VTEC V,Kochi,2017,38607,Second,17.8,1497.0,117.3,5.0,4.78 Lakh,7.87,4.78,False,True,True,8,0.44213483146067417
2812,Hyundai Grand i10 1.2 Kappa Sportz,Mumbai,2018,3958,First,18.9,1197.0,81.86,5.0,7.14 Lakh,5.55,7.14,False,True,True,7,0.29365079365079366
2813,Honda City i DTEC VX,Jaipur,2014,74000,Second,25.1,1498.0,98.6,5.0,4.78 Lakh,6.4,4.78,False,False,True,11,0.2549800796812749
2814,Maruti Swift Dzire VXi,Mumbai,2009,54540,Third,17.5,1298.0,85.8,5.0,4.78 Lakh,2.65,4.78,False,True,True,16,0.1514285714285714
2815,Maruti Swift Dzire ZXi,Delhi,2015,58400,First,17.5,1298.0,85.8,5.0,4.78 Lakh,5.5,4.78,False,True,True,10,0.3142857142857143
2816,Mahindra XUV500 W8 2WD,Kochi,2013,73648,First,15.1,2179.0,140.0,7.0,4.78 Lakh,7.31,4.78,False,False,True,12,0.48410596026490066
2817,Maruti Ciaz ZDi Plus SHVS,Jaipur,2016,83000,First,28.09,1248.0,88.5,5.0,4.78 Lakh,7.1,4.78,False,False,True,9,0.25275898896404414
2818,Hyundai Verna 1.6 SX CRDi (O),Kochi,2016,16159,First,22.32,1582.0,126.32,5.0,4.78 Lakh,7.83,4.78,False,False,True,9,0.35080645161290325
2819,Hyundai Accent CRDi,Mumbai,2005,150000,First,13.1,1493.0,82.0,5.0,4.78 Lakh,0.85,4.78,False,False,True,20,0.0648854961832061
2820,Honda Brio S MT,Mumbai,2014,22100,First,19.4,1198.0,86.8,5.0,4.78 Lakh,3.55,4.78,False,True,True,11,0.1829896907216495
2821,Hyundai i20 Active 1.2 SX,Coimbatore,2017,35043,First,17.19,1197.0,81.86,5.0,4.78 Lakh,8.19,4.78,False,True,True,8,0.4764397905759162
2822,BMW 3 Series 320d Sport Line,Pune,2018,24000,First,18.88,1995.0,184.0,5.0,4.78 Lakh,28.0,4.78,False,False,False,7,1.4830508474576272
2823,Volkswagen Jetta 2013-2015 2.0L TDI Highline AT,Chennai,2015,480000,First,16.96,1968.0,138.03,5.0,4.78 Lakh,13.0,4.78,False,False,False,10,0.7665094339622641
2824,Volkswagen Polo Petrol Highline 1.6L,Chennai,2011,70000,Second,15.26,1598.0,103.5,5.0,4.78 Lakh,3.29,4.78,False,True,True,14,0.21559633027522937
2825,Maruti Swift VXi BSIV,Pune,2015,13769,Second,16.1,1197.0,85.0,5.0,4.78 Lakh,4.41,4.78,False,True,True,10,0.27391304347826084
2826,Renault Duster 110PS Diesel RxZ,Kolkata,2013,58000,First,19.01,1461.0,108.45,5.0,4.78 Lakh,4.99,4.78,False,False,True,12,0.262493424513414
2827,BMW X3 xDrive 20d Luxury Line,Hyderabad,2009,58000,First,18.56,1995.0,190.0,5.0,69.59 Lakh,17.98,69.59,False,False,False,16,0.9687500000000001
2828,Fiat Avventura MULTIJET Emotion,Coimbatore,2018,18705,First,20.5,1248.0,91.72,5.0,4.78 Lakh,7.71,4.78,False,False,True,7,0.37609756097560976
2829,Maruti Wagon R Stingray VXI,Delhi,2013,32378,First,20.51,998.0,67.04,5.0,4.78 Lakh,2.8,4.78,False,True,True,12,0.136518771331058
2830,Chevrolet Sail Hatchback LS ABS,Kolkata,2013,45000,First,22.1,1248.0,76.9,5.0,4.78 Lakh,3.0,4.78,False,False,True,12,0.13574660633484162
2831,Mahindra XUV500 W8 2WD,Coimbatore,2015,36836,First,15.1,2179.0,140.0,7.0,4.78 Lakh,12.49,4.78,False,False,True,10,0.8271523178807947
2832,Tata Zest Quadrajet 1.3,Kochi,2016,54199,First,23.0,1248.0,88.8,5.0,4.78 Lakh,5.0,4.78,False,False,True,9,0.21739130434782608
2833,BMW X3 xDrive20d xLine,Kochi,2017,36935,First,18.56,1995.0,190.0,5.0,4.78 Lakh,32.64,4.78,False,False,False,8,1.7586206896551726
2834,Maruti Swift VDI BSIV,Chennai,2015,23000,First,25.2,1248.0,74.0,5.0,4.78 Lakh,6.5,4.78,False,False,True,10,0.25793650793650796
2835,BMW 5 Series 2013-2017 520d Luxury Line,Bangalore,2015,14000,First,18.12,1995.0,190.0,5.0,4.78 Lakh,35.0,4.78,False,False,False,10,1.9315673289183222
2836,Tata Indigo CS eVX,Chennai,2015,100073,Second,25.0,1396.0,69.01,5.0,4.78 Lakh,2.0,4.78,False,False,True,10,0.08
2837,Mahindra XUV500 W8 2WD,Kochi,2015,59182,First,15.1,2179.0,140.0,7.0,4.78 Lakh,9.46,4.78,False,False,True,10,0.6264900662251657
2838,Audi Q7 35 TDI Quattro Premium Plus,Kochi,2016,72132,Second,12.07,2967.0,241.4,7.0,4.78 Lakh,39.0,4.78,False,False,False,9,3.2311516155758078
2839,BMW 5 Series 2003-2012 520d,Hyderabad,2009,79000,First,18.48,1995.0,177.0,5.0,4.78 Lakh,15.0,4.78,False,False,False,16,0.8116883116883117
2840,Hyundai Verna 1.6 SX VTVT (O),Coimbatore,2013,66930,First,17.1,1591.0,121.3,5.0,4.78 Lakh,6.15,4.78,False,True,True,12,0.35964912280701755
2841,Hyundai Santa Fe 4WD AT,Pune,2015,100000,Second,13.01,2199.0,194.3,7.0,4.78 Lakh,14.5,4.78,False,False,False,10,1.1145272867025364
2842,Hyundai Santro GLS II - Euro II,Bangalore,2012,43000,First,0.0,1197.0,74.0,5.0,4.78 Lakh,3.25,4.78,False,True,True,13,
2843,Maruti Wagon R AMT VXI,Kochi,2018,27413,First,20.51,998.0,67.0,5.0,4.78 Lakh,5.18,4.78,False,True,False,7,0.2525597269624573
2844,Maruti Wagon R LX BSIII,Pune,2007,90000,Second,17.3,1061.0,64.0,5.0,4.78 Lakh,1.24,4.78,False,True,True,18,0.07167630057803467
2845,Hyundai i20 Sportz 1.2,Kolkata,2013,40300,First,18.5,1197.0,82.85,5.0,4.78 Lakh,2.8,4.78,False,True,True,12,0.15135135135135133
2846,Skoda Superb Elegance 1.8 TSI AT,Kochi,2011,73783,Second,13.7,1798.0,157.75,5.0,4.78 Lakh,5.23,4.78,False,True,False,14,0.3817518248175183
2847,Hyundai Getz GLS,Pune,2005,86000,Second,15.3,1341.0,83.0,5.0,4.78 Lakh,0.45,4.78,False,True,True,20,0.029411764705882353
2848,Maruti Wagon R LXI BS IV,Delhi,2014,65694,First,18.9,998.0,67.1,5.0,4.78 Lakh,3.25,4.78,False,True,True,11,0.17195767195767198
2849,Maruti Omni MPI CARGO BSIV,Kolkata,2015,23000,First,16.8,796.0,34.2,5.0,4.78 Lakh,1.5,4.78,False,True,True,10,0.08928571428571429
2850,Hyundai i10 Magna 1.2,Mumbai,2012,51000,First,20.36,1197.0,78.9,5.0,4.78 Lakh,2.85,4.78,False,True,True,13,0.13998035363457761
2851,Renault KWID 1.0 RXT Optional,Kochi,2018,18335,First,21.7,999.0,67.0,5.0,4.61 Lakh,4.5,4.61,False,True,True,7,0.20737327188940094
2852,Mercedes-Benz B Class 2012-2015 B200 Sport CDI,Bangalore,2014,36000,First,15.0,2147.0,107.3,5.0,4.78 Lakh,16.25,4.78,False,False,False,11,1.0833333333333333
2853,Volkswagen Polo GT TSI,Mumbai,2017,25000,First,17.21,1197.0,103.5,5.0,11.26 Lakh,7.75,11.26,False,True,False,8,0.4503195816385822
2854,Mahindra Scorpio VLX 4WD,Bangalore,2007,81000,Third,12.05,2179.0,120.0,8.0,4.78 Lakh,4.35,4.78,False,False,True,18,0.3609958506224066
2855,Toyota Fortuner 2.8 2WD AT,Kochi,2019,21719,First,12.9,2755.0,174.5,7.0,37.38 Lakh,33.13,37.38,False,False,False,6,2.568217054263566
2856,Chevrolet Beat Diesel LT,Coimbatore,2013,75421,First,25.44,936.0,56.3,5.0,4.78 Lakh,3.63,4.78,False,False,True,12,0.142688679245283
2857,Toyota Innova 2.5 G4 Diesel 8-seater,Delhi,2010,80000,First,12.8,2494.0,102.0,8.0,4.78 Lakh,4.75,4.78,False,False,True,15,0.37109375
2858,Maruti Swift Dzire VXI,Kochi,2018,10671,First,20.85,1197.0,83.14,5.0,4.78 Lakh,6.51,4.78,False,True,True,7,0.3122302158273381
2859,Renault KWID Climber 1.0 MT,Hyderabad,2018,4126,First,21.7,999.0,67.0,5.0,5.3 Lakh,4.8,5.3,False,True,True,7,0.22119815668202764
2860,Tata Bolt Quadrajet XM,Hyderabad,2017,98500,First,22.95,1248.0,74.0,5.0,7.97 Lakh,6.0,7.97,False,False,True,8,0.26143790849673204
2861,Hyundai Grand i10 Asta,Coimbatore,2016,61578,First,18.9,1197.0,82.0,5.0,4.78 Lakh,6.4,4.78,False,True,True,9,0.33862433862433866
2862,Volkswagen Vento 1.5 TDI Highline,Ahmedabad,2014,54000,First,20.34,1498.0,103.2,5.0,4.78 Lakh,4.9,4.78,False,False,True,11,0.2409046214355949
2863,Audi A6 2011-2015 2.0 TDI,Coimbatore,2013,70998,First,17.68,1968.0,174.33,5.0,4.78 Lakh,20.57,4.78,False,False,False,12,1.1634615384615385
2864,Maruti Swift Dzire Ldi BSIV,Kolkata,2015,40082,First,19.3,1248.0,73.9,5.0,4.78 Lakh,4.76,4.78,False,False,True,10,0.2466321243523316
2865,Chevrolet Spark 1.0 LT,Kochi,2012,50619,First,18.0,995.0,62.0,5.0,4.78 Lakh,2.0,4.78,False,True,True,13,0.1111111111111111
2866,BMW 3 Series 320d,Coimbatore,2009,103905,First,22.69,1995.0,190.0,5.0,43.31 Lakh,9.92,43.31,False,False,False,16,0.4371970030850595
2867,Hyundai EON Era Plus,Kochi,2018,15334,First,21.1,814.0,55.2,5.0,4.78 Lakh,3.69,4.78,False,True,True,7,0.1748815165876777
2868,Maruti Swift Dzire VDI,Hyderabad,2013,69000,First,23.4,1248.0,74.0,5.0,4.78 Lakh,5.75,4.78,False,False,True,12,0.24572649572649574
2869,Volkswagen CrossPolo 1.5 TDI,Hyderabad,2014,75160,First,20.14,1498.0,88.5,5.0,4.78 Lakh,5.7,4.78,False,False,True,11,0.2830188679245283
2870,Honda Amaze E i-Vtech,Coimbatore,2014,44753,First,18.0,1198.0,86.7,5.0,4.78 Lakh,4.94,4.78,False,True,True,11,0.2744444444444445
2871,Volkswagen Vento Petrol Highline AT,Kochi,2012,53024,First,14.4,1598.0,103.6,5.0,4.78 Lakh,4.29,4.78,False,True,False,13,0.29791666666666666
2872,Maruti Wagon R Stingray VXI,Kolkata,2014,23840,First,20.51,998.0,67.04,5.0,4.78 Lakh,3.0,4.78,False,True,True,11,0.1462701121404193
2873,Volkswagen Polo 1.5 TDI Highline,Hyderabad,2014,81298,First,20.14,1498.0,88.8,5.0,4.78 Lakh,6.5,4.78,False,False,True,11,0.3227408142999007
2874,Volkswagen Polo Petrol Comfortline 1.2L,Jaipur,2015,59000,Second,16.47,1198.0,73.9,5.0,4.78 Lakh,4.9,4.78,False,True,True,10,0.29751062537947787
2875,Honda Amaze SX i-DTEC,Kochi,2016,51806,First,25.8,1498.0,98.6,5.0,4.78 Lakh,5.4,4.78,False,False,True,9,0.20930232558139536
2876,Audi A6 35 TDI Matrix,Delhi,2014,56000,First,18.53,1968.0,187.74,5.0,59.38 Lakh,24.0,59.38,False,False,False,11,1.2951969778737182
2877,Tata Tigor 1.05 Revotorq XZ Option,Kochi,2019,29279,First,24.7,1047.0,69.0,5.0,4.78 Lakh,7.46,4.78,False,False,True,6,0.3020242914979757
2878,Volkswagen Vento 1.5 TDI Highline AT,Kochi,2017,33550,First,21.5,1498.0,108.5,5.0,15.86 Lakh,9.6,15.86,False,False,False,8,0.44651162790697674
2879,Audi A6 35 TDI Matrix,Hyderabad,2014,62000,First,18.53,1968.0,187.74,5.0,67.1 Lakh,25.0,67.1,False,False,False,11,1.3491635186184565
2880,Nissan Terrano XL 110 PS,Hyderabad,2014,66000,First,19.01,1461.0,108.5,5.0,4.78 Lakh,6.8,4.78,False,False,True,11,0.3577064702788006
2881,Skoda Rapid 1.5 TDI AT Elegance,Coimbatore,2016,46630,First,21.66,1498.0,103.52,5.0,4.78 Lakh,8.59,4.78,False,False,False,9,0.39658356417359186
2882,Ford Figo Aspire 1.5 TDCi Trend,Hyderabad,2016,72566,First,25.83,1498.0,99.0,5.0,4.78 Lakh,5.29,4.78,False,False,True,9,0.2048006194347658
2883,Tata Venture EX,Pune,2011,51482,First,15.42,1405.0,70.0,8.0,4.78 Lakh,2.5,4.78,False,False,True,14,0.1621271076523995
2884,Mercedes-Benz New C-Class C 220 CDI BE Avantgare,Chennai,2011,90000,First,14.84,2143.0,167.62,5.0,4.78 Lakh,13.9,4.78,False,False,False,14,0.9366576819407009
2885,Toyota Fortuner 4x2 Manual,Jaipur,2014,69000,Second,13.0,2982.0,168.5,7.0,4.78 Lakh,20.0,4.78,False,False,True,11,1.5384615384615385
2886,Honda City 1.5 V MT,Delhi,2011,90000,Second,17.0,1497.0,118.0,5.0,4.78 Lakh,3.4,4.78,False,True,True,14,0.19999999999999998
2887,Hyundai i20 Asta Option 1.2,Mumbai,2015,39000,First,18.6,1197.0,81.83,5.0,4.78 Lakh,5.5,4.78,False,True,True,10,0.29569892473118276
2888,Volkswagen Vento Diesel Trendline,Hyderabad,2012,110000,Second,20.54,1598.0,103.6,5.0,4.78 Lakh,3.65,4.78,False,False,True,13,0.17770204479065238
2889,Ford Endeavour 2.5L 4X2 MT,Kochi,2011,68022,First,13.1,2499.0,141.0,7.0,4.78 Lakh,5.86,4.78,False,False,True,14,0.4473282442748092
2890,Ford EcoSport 1.5 Petrol Titanium Plus AT,Coimbatore,2018,27852,First,14.8,1497.0,121.36,5.0,14.1 Lakh,10.44,14.1,False,True,False,7,0.7054054054054053
2892,Hyundai i20 Sportz Diesel,Coimbatore,2011,68439,First,23.0,1396.0,90.0,5.0,4.78 Lakh,3.37,4.78,False,False,True,14,0.14652173913043479
2893,Toyota Innova 2.5 VX (Diesel) 8 Seater,Delhi,2011,150000,First,12.99,2494.0,100.6,8.0,4.78 Lakh,6.95,4.78,False,False,True,14,0.5350269438029254
2894,Tata Nexon 1.5 Revotorq XZ Plus Dual Tone,Mumbai,2018,14000,First,21.5,1497.0,108.5,5.0,12.22 Lakh,9.9,12.22,False,False,True,7,0.4604651162790698
2895,Ford Figo Diesel Titanium,Hyderabad,2012,71558,First,20.0,1399.0,68.05,5.0,4.78 Lakh,3.3,4.78,False,False,True,13,0.16499999999999998
2896,Porsche Panamera Diesel,Delhi,2013,48000,Second,17.85,2967.0,300.0,4.0,4.78 Lakh,50.5,4.78,False,False,False,12,2.829131652661064
2897,Hyundai Creta 1.6 CRDi AT SX Plus,Jaipur,2015,65800,First,17.01,1582.0,126.2,5.0,4.78 Lakh,12.5,4.78,False,False,False,10,0.734861845972957
2898,Audi A4 2.0 TDI Multitronic,Hyderabad,2014,53000,First,16.55,1968.0,140.0,5.0,4.78 Lakh,20.5,4.78,False,False,False,11,1.2386706948640482
2899,Mahindra XUV500 W8 4WD,Kolkata,2017,14600,First,16.0,2179.0,140.0,7.0,4.78 Lakh,14.5,4.78,False,False,True,8,0.90625
2900,Isuzu MUX 4WD,Jaipur,2017,34429,First,13.8,2999.0,174.57,7.0,33.68 Lakh,20.0,33.68,False,False,False,8,1.4492753623188406
2901,Maruti Swift Dzire VDI,Delhi,2014,52000,First,23.4,1248.0,74.0,5.0,4.78 Lakh,5.25,4.78,False,False,True,11,0.22435897435897437
2902,Maruti Ciaz ZXi,Kolkata,2015,25470,First,20.73,1373.0,91.1,5.0,4.78 Lakh,5.9,4.78,False,True,True,10,0.2846116739025567
2903,Hyundai EON Era Plus,Pune,2013,22000,First,21.1,814.0,55.2,5.0,4.78 Lakh,2.6,4.78,False,True,True,12,0.12322274881516587
2904,Mercedes-Benz E-Class 280 CDI,Chennai,2007,75000,First,11.0,2987.0,198.5,5.0,4.78 Lakh,11.0,4.78,False,False,False,18,1.0
2905,BMW 5 Series 2003-2012 520d,Pune,2011,95995,First,18.48,1995.0,177.0,5.0,4.78 Lakh,15.5,4.78,False,False,False,14,0.8387445887445887
2906,Hyundai Grand i10 1.2 CRDi Sportz Option,Jaipur,2017,26877,First,24.0,1186.0,73.97,5.0,4.78 Lakh,5.75,4.78,False,False,True,8,0.23958333333333334
2907,Jaguar XJ 3.0L Portfolio,Hyderabad,2015,26000,First,14.47,2993.0,301.73,5.0,4.78 Lakh,75.0,4.78,False,False,False,10,5.183137525915687
2908,Maruti Swift Ldi BSIII,Chennai,2007,140000,Second,17.8,1248.0,75.0,5.0,4.78 Lakh,2.0,4.78,False,False,True,18,0.11235955056179775
2909,Hyundai Santro Xing GLS,Hyderabad,2008,95291,First,17.92,1086.0,62.1,5.0,4.78 Lakh,2.3,4.78,False,True,True,17,0.12834821428571427
2910,Toyota Innova 2.5 V Diesel 8-seater,Hyderabad,2009,135000,Second,12.8,2494.0,102.0,8.0,4.78 Lakh,8.2,4.78,False,False,True,16,0.6406249999999999
2911,Hyundai i20 Sportz 1.2,Kolkata,2015,32000,First,18.6,1197.0,81.83,5.0,4.78 Lakh,4.8,4.78,False,True,True,10,0.25806451612903225
2912,Mercedes-Benz E-Class 280 CDI,Mumbai,2008,68333,Second,11.0,2987.0,198.5,5.0,4.78 Lakh,8.5,4.78,False,False,False,17,0.7727272727272727
2913,Ford Figo Diesel ZXI,Chennai,2011,72000,First,20.0,1399.0,68.0,5.0,4.78 Lakh,2.9,4.78,False,False,True,14,0.145
2914,Toyota Corolla Altis 1.4 DG,Ahmedabad,2012,52100,First,21.43,1364.0,86.79,5.0,19.27 Lakh,6.5,19.27,False,False,True,13,0.30331311245916937
2915,Hyundai Grand i10 1.2 Kappa Sportz,Jaipur,2018,10000,First,18.9,1197.0,81.86,5.0,6.96 Lakh,5.85,6.96,False,True,True,7,0.30952380952380953
2916,Jeep Compass 2.0 Limited 4X4,Coimbatore,2019,6261,First,16.3,1956.0,170.0,5.0,26.95 Lakh,23.91,26.95,False,False,True,6,1.4668711656441717
2917,Maruti Ignis 1.2 AMT Alpha,Coimbatore,2019,3906,First,20.89,1197.0,81.8,5.0,7.96 Lakh,7.36,7.96,False,True,False,6,0.3523216850167544
2918,Toyota Fortuner 3.0 Diesel,Pune,2014,55960,First,11.5,2982.0,171.0,7.0,4.78 Lakh,17.25,4.78,False,False,True,11,1.5
2919,Volkswagen Vento Diesel Highline,Jaipur,2013,144000,First,20.54,1598.0,103.6,5.0,4.78 Lakh,7.0,4.78,False,False,True,12,0.34079844206426485
2920,Toyota Innova Crysta 2.4 VX MT,Mumbai,2017,38000,First,13.68,2393.0,147.8,7.0,23.06 Lakh,17.65,23.06,False,False,True,8,1.2902046783625731
2921,Ford Figo Diesel Celebration Edition,Jaipur,2013,51000,First,20.0,1399.0,68.1,5.0,4.78 Lakh,2.5,4.78,False,False,True,12,0.125
2922,Toyota Platinum Etios 1.4 GXD,Hyderabad,2015,150000,First,23.59,1364.0,67.05,5.0,9.58 Lakh,6.0,9.58,False,False,True,10,0.2543450614667232
2923,Mahindra Thar DI 4X4,Mumbai,2018,2500,First,18.06,2523.0,63.0,7.0,4.78 Lakh,8.25,4.78,False,False,True,7,0.45681063122923593
2924,Land Rover Range Rover HSE Dynamic,Kochi,2018,41661,First,12.7,2179.0,187.7,5.0,4.78 Lakh,44.83,4.78,False,False,False,7,3.52992125984252
2925,BMW 3 Series 320d Highline,Delhi,2011,64000,First,16.07,1995.0,181.0,5.0,4.78 Lakh,10.5,4.78,False,False,False,14,0.6533914125700062
2926,Hyundai Accent GLS,Bangalore,2008,80000,Second,13.2,1495.0,94.0,5.0,4.78 Lakh,1.9,4.78,False,True,True,17,0.14393939393939395
2927,Maruti Celerio ZXI AT,Jaipur,2016,30000,Second,23.1,998.0,67.04,5.0,4.78 Lakh,4.25,4.78,False,True,False,9,0.18398268398268397
2928,Jaguar XF 2.2 Litre Luxury,Chennai,2014,43000,Second,16.36,2179.0,187.7,5.0,4.78 Lakh,26.5,4.78,False,False,False,11,1.6198044009779953
2929,Audi A6 2.7 TDI,Bangalore,2013,90000,Second,12.4,2698.0,179.5,5.0,4.78 Lakh,22.5,4.78,False,False,False,12,1.814516129032258
2930,Nissan Micra Diesel XV,Hyderabad,2011,123880,First,23.08,1461.0,63.1,5.0,4.78 Lakh,3.3,4.78,False,False,True,14,0.14298093587521665
2931,Honda Amaze S i-Vtech,Jaipur,2015,42000,Second,18.0,1198.0,86.7,5.0,4.78 Lakh,4.3,4.78,False,True,True,10,0.23888888888888887
2932,Renault Duster 85PS Diesel RxL Option,Chennai,2012,79824,First,19.87,1461.0,83.8,5.0,4.78 Lakh,5.25,4.78,False,False,True,13,0.2642174131857071
2933,Toyota Innova 2.5 G (Diesel) 8 Seater,Jaipur,2015,75000,First,12.99,2494.0,100.6,8.0,4.78 Lakh,11.75,4.78,False,False,True,10,0.9045419553502694
2934,Honda Amaze E i-Vtech,Ahmedabad,2014,72411,First,18.0,1198.0,86.7,5.0,4.78 Lakh,4.25,4.78,False,True,True,11,0.2361111111111111
2935,Mercedes-Benz New C-Class C 250 CDI Elegance,Delhi,2012,63000,First,14.94,2143.0,204.0,5.0,4.78 Lakh,14.22,4.78,False,False,False,13,0.9518072289156627
2936,Toyota Etios Liva G,Chennai,2015,53713,First,17.71,1197.0,78.9,5.0,4.78 Lakh,4.2,4.78,False,True,True,10,0.23715415019762845
2937,Toyota Innova Crysta 2.8 GX AT 8S,Delhi,2017,18000,First,11.36,2755.0,171.5,8.0,20.8 Lakh,18.25,20.8,False,False,False,8,1.6065140845070423
2938,Mercedes-Benz New C-Class 200 CDI Elegance,Bangalore,2013,51000,First,15.8,2148.0,170.0,5.0,4.78 Lakh,18.5,4.78,False,False,True,12,1.1708860759493671
2939,Maruti Swift VXI BSIII,Chennai,2008,86700,Second,16.1,1298.0,88.2,5.0,4.78 Lakh,2.4,4.78,False,True,True,17,0.14906832298136644
2940,Maruti Baleno Alpha 1.3,Kolkata,2016,29000,First,27.39,1248.0,74.0,5.0,4.78 Lakh,6.5,4.78,False,False,True,9,0.23731288791529756
2942,Maruti Celerio VXI AT,Mumbai,2015,33000,First,23.1,998.0,67.04,5.0,4.78 Lakh,3.99,4.78,False,True,False,10,0.17272727272727273
2943,Ford Ecosport 1.5 DV5 MT Ambiente,Kochi,2014,64394,First,22.7,1498.0,89.84,5.0,4.78 Lakh,5.45,4.78,False,False,True,11,0.24008810572687225
2944,Tata Manza Aura Quadrajet,Hyderabad,2010,76000,First,18.8,1248.0,90.0,5.0,4.78 Lakh,2.7,4.78,False,False,True,15,0.14361702127659576
2945,Honda Jazz 1.5 SV i DTEC,Mumbai,2016,48719,First,27.3,1498.0,98.6,5.0,4.78 Lakh,6.25,4.78,False,False,True,9,0.22893772893772893
2946,Mahindra XUV500 W8 2WD,Coimbatore,2016,59711,First,15.1,2179.0,140.0,7.0,4.78 Lakh,13.28,4.78,False,False,True,9,0.8794701986754967
2947,Nissan Micra Diesel XV Premium,Hyderabad,2012,83000,First,23.08,1461.0,63.1,5.0,4.78 Lakh,3.7,4.78,False,False,True,13,0.16031195840554593
2948,Mercedes-Benz New C-Class C 220d Avantgarde Edition C,Coimbatore,2018,10714,First,19.27,2143.0,167.62,5.0,4.78 Lakh,39.51,4.78,False,False,False,7,2.050337311883757
2949,Tata Manza Aura Plus Quadrajet BS IV,Hyderabad,2010,127510,Second,19.0,1248.0,90.0,5.0,4.78 Lakh,1.4,4.78,False,False,True,15,0.07368421052631578
2950,Maruti Swift VDI,Kolkata,2014,35010,First,22.9,1248.0,74.0,5.0,4.78 Lakh,3.5,4.78,False,False,True,11,0.15283842794759828
2951,Maruti Swift Dzire 1.2 Lxi BSIV,Jaipur,2012,75451,First,17.5,1197.0,85.8,5.0,4.78 Lakh,3.78,4.78,False,True,True,13,0.216
2952,Tata Indigo eCS LS (TDI) BS-III,Pune,2015,83000,First,19.09,1405.0,69.01,5.0,4.78 Lakh,2.7,4.78,False,False,True,10,0.14143530644316396
2953,Honda Amaze S i-Dtech,Kolkata,2013,38755,First,25.8,1498.0,98.6,5.0,4.78 Lakh,3.2,4.78,False,False,True,12,0.12403100775193798
2954,Maruti Swift VXI BSIV,Delhi,2016,30000,First,20.4,1197.0,81.8,5.0,4.78 Lakh,5.0,4.78,False,True,True,9,0.2450980392156863
2955,Maruti Ertiga ZDI,Chennai,2012,40000,First,20.77,1248.0,88.8,7.0,4.78 Lakh,7.0,4.78,False,False,True,13,0.33702455464612424
2956,Hyundai Grand i10 Era,Kolkata,2014,19500,Second,18.9,1197.0,82.0,5.0,4.78 Lakh,2.85,4.78,False,True,True,11,0.1507936507936508
2957,Nissan Micra Active XV,Ahmedabad,2016,41000,First,19.69,1198.0,67.04,5.0,6.78 Lakh,4.25,6.78,False,True,True,9,0.2158456069070594
2958,Hyundai Grand i10 Asta Option,Bangalore,2014,30000,Second,18.9,1197.0,82.0,5.0,4.78 Lakh,4.9,4.78,False,True,True,11,0.2592592592592593
2959,Jeep Compass 2.0 Sport,Hyderabad,2017,37000,First,17.1,1956.0,170.0,5.0,19.91 Lakh,16.9,19.91,False,False,True,8,0.9883040935672514
2960,Volkswagen Polo Diesel Comfortline 1.2L,Delhi,2014,62000,Second,22.07,1199.0,73.9,5.0,4.78 Lakh,4.25,4.78,False,False,True,11,0.19256909832351607
2961,Honda Amaze S AT i-Vtech,Pune,2015,42023,First,15.5,1198.0,86.7,5.0,4.78 Lakh,4.34,4.78,False,True,False,10,0.27999999999999997
2962,BMW X3 xDrive20d Advantage Edition,Kolkata,2012,51001,First,16.09,1995.0,184.0,5.0,4.78 Lakh,17.0,4.78,False,False,False,13,1.0565568676196395
2963,BMW 3 Series 320d Luxury Line,Kochi,2017,55389,First,18.88,1995.0,184.0,5.0,4.78 Lakh,28.45,4.78,False,False,False,8,1.506885593220339
2964,Honda City V AT,Kochi,2014,46728,First,15.6,1497.0,116.3,5.0,4.78 Lakh,6.15,4.78,False,True,False,11,0.3942307692307693
2965,Mahindra Ssangyong Rexton RX5,Kochi,2014,58995,First,12.83,2696.0,162.0,7.0,4.78 Lakh,9.25,4.78,False,False,True,11,0.720966484801247
2966,Maruti Swift Dzire LDI,Delhi,2015,37857,First,26.59,1248.0,74.0,5.0,4.78 Lakh,4.85,4.78,False,False,True,10,0.18239939827002632
2967,Maruti Swift VDI BSIV,Jaipur,2014,71000,First,25.2,1248.0,74.0,5.0,4.78 Lakh,4.8,4.78,False,False,True,11,0.19047619047619047
2968,Honda Brio S Option MT,Pune,2012,49024,First,18.4,1198.0,86.8,5.0,4.78 Lakh,2.3,4.78,False,True,True,13,0.125
2969,Hyundai Grand i10 Sportz,Mumbai,2016,10770,First,18.9,1197.0,82.0,5.0,4.78 Lakh,4.75,4.78,False,True,True,9,0.25132275132275134
2970,Tata Zest Quadrajet 1.3 75PS XM,Pune,2017,72000,First,22.95,1248.0,74.0,5.0,8.93 Lakh,5.0,8.93,False,False,True,8,0.2178649237472767
2971,Hyundai EON Era Plus,Jaipur,2015,91000,First,21.1,814.0,55.2,5.0,4.78 Lakh,2.5,4.78,False,True,True,10,0.11848341232227487
2972,Hyundai i20 1.2 Spotz,Mumbai,2017,14000,First,18.6,1197.0,81.83,5.0,4.78 Lakh,5.95,4.78,False,True,True,8,0.31989247311827956
2973,Volvo S60 D4 KINETIC,Delhi,2014,48000,Second,9.0,1984.0,181.0,5.0,4.78 Lakh,16.0,4.78,False,False,False,11,1.7777777777777777
2974,Ford Ecosport 1.5 DV5 MT Titanium Optional,Delhi,2014,75136,First,22.7,1498.0,89.84,5.0,4.78 Lakh,6.15,4.78,False,False,True,11,0.27092511013215864
2975,Maruti Ritz VXI,Hyderabad,2014,32500,Second,21.1,1197.0,85.8,5.0,4.78 Lakh,4.05,4.78,False,True,True,11,0.1919431279620853
2976,Hyundai i20 1.4 CRDi Magna,Hyderabad,2010,94500,Second,21.9,1396.0,90.0,5.0,4.78 Lakh,3.1,4.78,False,False,True,15,0.14155251141552513
2977,Maruti Dzire VXI,Hyderabad,2013,34900,First,22.0,1197.0,81.8,5.0,7.97 Lakh,5.49,7.97,False,True,True,12,0.24954545454545454
2978,Porsche Panamera 2010 2013 4S,Coimbatore,2010,42400,Third,8.0,4806.0,394.3,4.0,4.78 Lakh,42.91,4.78,False,True,False,15,5.36375
2979,Maruti Swift VDi BSIII W/ ABS,Jaipur,2015,50000,First,17.8,1248.0,75.0,5.0,4.78 Lakh,5.7,4.78,False,False,True,10,0.3202247191011236
2980,Honda Brio S MT,Kolkata,2014,35000,First,19.4,1198.0,86.8,5.0,4.78 Lakh,2.85,4.78,False,True,True,11,0.14690721649484537
2981,Chevrolet Beat LS,Bangalore,2012,37000,Second,18.6,1199.0,79.4,5.0,4.78 Lakh,2.35,4.78,False,True,True,13,0.12634408602150538
2982,Hyundai Creta 1.6 SX Plus Petrol Automatic,Coimbatore,2018,32807,First,13.0,1591.0,121.3,5.0,4.78 Lakh,14.76,4.78,False,True,False,7,1.1353846153846154
2983,Honda City ZX GXi,Pune,2008,119000,Second,17.7,1497.0,78.0,5.0,4.78 Lakh,2.25,4.78,False,True,True,17,0.1271186440677966
2984,Maruti Ritz LXi,Mumbai,2016,12000,First,18.5,1197.0,85.8,5.0,4.78 Lakh,3.65,4.78,False,True,True,9,0.19729729729729728
2985,Ford EcoSport 1.5 TDCi Trend,Delhi,2016,46727,First,22.77,1498.0,98.59,5.0,4.78 Lakh,7.25,4.78,False,False,True,9,0.3184014053579271
2986,BMW 3 Series 320d,Hyderabad,2010,73336,First,13.2,1995.0,170.0,5.0,4.78 Lakh,10.69,4.78,False,False,False,15,0.8098484848484848
2987,Hyundai Verna 1.6 SX VTVT,Mumbai,2014,9000,Second,17.01,1591.0,121.3,5.0,4.78 Lakh,5.5,4.78,False,True,True,11,0.3233392122281011
2988,Toyota Innova 2.5 G4 Diesel 8-seater,Chennai,2005,240000,Fourth & Above,12.8,2494.0,102.0,8.0,4.78 Lakh,5.1,4.78,False,False,True,20,0.39843749999999994
2989,Maruti Wagon R LXI,Mumbai,2014,25422,First,22.5,998.0,67.04,5.0,5.04 Lakh,3.25,5.04,False,True,True,11,0.14444444444444443
2990,Maruti Ertiga VDI,Mumbai,2018,14000,First,25.47,1248.0,88.5,7.0,11.66 Lakh,9.25,11.66,False,False,True,7,0.36317235963879074
2991,Maruti Alto LXi BSIII,Hyderabad,2008,66000,First,19.7,796.0,46.3,5.0,4.78 Lakh,1.7,4.78,False,True,True,17,0.08629441624365482
2992,Maruti A-Star Vxi,Kochi,2010,55324,First,19.0,998.0,66.1,5.0,4.78 Lakh,2.87,4.78,False,True,True,15,0.15105263157894738
2993,BMW X5 3.0d,Bangalore,2009,90000,First,11.0,2993.0,235.0,5.0,4.78 Lakh,17.75,4.78,False,False,False,16,1.6136363636363635
2994,Mahindra KUV 100 G80 K6 Plus 5Str,Kolkata,2017,43000,First,18.15,1198.0,82.0,5.0,7.35 Lakh,4.5,7.35,False,True,True,8,0.24793388429752067
2995,Hyundai i10 Magna AT,Bangalore,2008,58483,Second,19.2,1197.0,80.0,5.0,4.78 Lakh,2.95,4.78,False,True,False,17,0.15364583333333334
2996,Honda Civic 2006-2010 1.8 S AT,Pune,2007,93000,Second,12.9,1799.0,130.0,5.0,4.78 Lakh,2.6,4.78,False,True,False,18,0.20155038759689922
2997,Hyundai i10 Sportz 1.2,Hyderabad,2010,50000,First,20.36,1197.0,78.9,5.0,4.78 Lakh,3.0,4.78,False,True,True,15,0.14734774066797643
2998,Mercedes-Benz New C-Class C 220 CDI Elegance AT,Ahmedabad,2014,78616,Second,14.84,2143.0,170.0,5.0,4.78 Lakh,15.5,4.78,False,False,False,11,1.0444743935309972
2999,Toyota Etios G,Pune,2011,37000,First,17.6,1496.0,88.73,5.0,4.78 Lakh,2.8,4.78,False,True,True,14,0.15909090909090906
3000,Honda City 1.5 E MT,Kolkata,2010,54801,First,17.0,1497.0,118.0,5.0,4.78 Lakh,2.5,4.78,False,True,True,15,0.14705882352941177
3001,Maruti Swift Dzire VDI,Bangalore,2014,29000,First,23.4,1248.0,74.0,5.0,4.78 Lakh,5.75,4.78,False,False,True,11,0.24572649572649574
3002,Maruti Swift VXI,Pune,2010,68000,First,22.0,1197.0,81.8,5.0,6.99 Lakh,2.8,6.99,False,True,True,15,0.12727272727272726
3003,Hyundai Verna 1.6 EX VTVT,Kolkata,2014,58000,First,17.01,1591.0,121.3,5.0,4.78 Lakh,4.59,4.78,False,True,True,11,0.2698412698412698
3004,Maruti Ritz VDi,Pune,2012,64290,First,23.2,1248.0,73.94,5.0,4.78 Lakh,3.65,4.78,False,False,True,13,0.15732758620689655
3005,Toyota Fortuner 4x2 Manual,Mumbai,2015,31000,First,13.0,2982.0,168.5,7.0,4.78 Lakh,19.85,4.78,False,False,True,10,1.526923076923077
3006,Jeep Compass 2.0 Limited,Pune,2018,16039,First,17.1,1956.0,170.0,5.0,23.89 Lakh,18.5,23.89,False,False,True,7,1.0818713450292397
3007,Hyundai i20 Asta Option 1.2,Hyderabad,2017,19860,First,18.6,1197.0,81.83,5.0,4.78 Lakh,6.95,4.78,False,True,True,8,0.3736559139784946
3009,Tata New Safari DICOR 2.2 EX 4x4 BS IV,Jaipur,2012,75391,First,13.93,2179.0,138.0,7.0,4.78 Lakh,3.75,4.78,False,False,True,13,0.26920315865039485
3010,Maruti Swift Dzire LDi,Jaipur,2008,78000,Second,19.3,1248.0,73.9,5.0,4.78 Lakh,2.3,4.78,False,False,True,17,0.11917098445595854
3011,Tata Indigo eCS eLS BS IV,Kolkata,2016,78000,First,25.0,1396.0,69.01,5.0,4.78 Lakh,2.3,4.78,False,False,True,9,0.092
3012,Maruti Swift LDI,Hyderabad,2016,52000,First,28.4,1248.0,74.0,5.0,7.27 Lakh,5.95,7.27,False,False,True,9,0.20950704225352115
3013,Maruti Celerio VXI AT,Kolkata,2016,30000,First,23.1,998.0,67.04,5.0,4.78 Lakh,3.49,4.78,False,True,False,9,0.1510822510822511
3014,BMW 5 Series 2013-2017 530d M Sport,Coimbatore,2016,19254,First,14.69,2993.0,258.0,5.0,4.78 Lakh,47.7,4.78,False,False,False,9,3.2471068754254597
3015,Volkswagen Polo 1.2 MPI Highline,Coimbatore,2015,29651,First,16.47,1198.0,74.0,5.0,4.78 Lakh,6.43,4.78,False,True,True,10,0.39040680024286584
3016,Tata Safari DICOR 2.2 LX 4x2,Bangalore,2011,80000,First,13.93,2179.0,138.03,7.0,4.78 Lakh,4.5,4.78,False,False,True,14,0.3230437903804738
3017,Mini Cooper S Carbon Edition,Kolkata,2018,2971,First,13.6,1598.0,181.0,4.0,4.78 Lakh,39.75,4.78,False,True,False,7,2.922794117647059
3018,Ford Figo Petrol Titanium,Kolkata,2015,21400,First,15.6,1196.0,70.0,5.0,4.78 Lakh,4.0,4.78,False,True,True,10,0.25641025641025644
3019,Honda City i DTEC V,Ahmedabad,2015,77000,First,26.0,1498.0,98.6,5.0,4.78 Lakh,6.98,4.78,False,False,True,10,0.2684615384615385
3020,Hyundai Tucson CRDi,Delhi,2006,80000,Second,12.6,1991.0,112.0,7.0,4.78 Lakh,1.75,4.78,False,False,True,19,0.1388888888888889
3021,Skoda Laura Ambiente 2.0 TDI CR MT,Delhi,2013,81755,First,20.0,1968.0,108.5,5.0,4.78 Lakh,4.75,4.78,False,False,True,12,0.2375
3022,Toyota Fortuner 3.0 Diesel,Hyderabad,2016,99593,First,11.5,2982.0,171.0,7.0,4.78 Lakh,23.5,4.78,False,False,True,9,2.0434782608695654
3023,Hyundai Verna 1.6 SX,Hyderabad,2014,39791,First,22.32,1582.0,126.32,5.0,4.78 Lakh,7.49,4.78,False,False,True,11,0.335573476702509
3024,Mahindra XUV500 W6 2WD,Hyderabad,2015,113000,First,15.1,2179.0,140.0,7.0,4.78 Lakh,10.85,4.78,False,False,True,10,0.7185430463576159
3025,Renault KWID RXT,Mumbai,2017,24000,First,25.17,799.0,53.3,5.0,4.78 Lakh,3.5,4.78,False,True,True,8,0.1390544298768375
3026,Hyundai i20 Asta 1.2,Bangalore,2015,39000,Second,18.6,1197.0,81.83,5.0,4.78 Lakh,6.3,4.78,False,True,True,10,0.3387096774193548
3027,Honda City V AT,Bangalore,2012,37000,First,15.6,1497.0,116.3,5.0,4.78 Lakh,6.75,4.78,False,True,False,13,0.4326923076923077
3028,Ford Endeavour 3.2 Titanium AT 4X4,Coimbatore,2017,61108,First,10.91,3198.0,197.0,7.0,4.78 Lakh,28.88,4.78,False,False,False,8,2.6471127406049493
3029,Skoda Superb Elegance 1.8 TSI AT,Kochi,2016,61648,First,13.7,1798.0,157.75,5.0,4.78 Lakh,14.23,4.78,False,True,False,9,1.0386861313868614
3030,BMW 3 Series 320d Sport,Mumbai,2012,37000,Third,22.69,1995.0,190.0,5.0,4.78 Lakh,15.0,4.78,False,False,False,13,0.6610841780520053
3032,Maruti Ritz LDi,Jaipur,2013,65000,First,23.2,1248.0,73.94,5.0,4.78 Lakh,3.75,4.78,False,False,True,12,0.16163793103448276
3034,Toyota Fortuner 3.0 Diesel,Jaipur,2011,148009,Second,11.5,2982.0,171.0,7.0,4.78 Lakh,12.75,4.78,False,False,True,14,1.108695652173913
3035,Maruti Swift Lxi BSIII,Mumbai,2009,53001,First,16.1,1298.0,88.2,5.0,4.78 Lakh,1.95,4.78,False,True,True,16,0.12111801242236024
3036,Tata Tigor 1.2 Revotron XT,Mumbai,2018,22345,First,20.3,1199.0,84.0,5.0,4.78 Lakh,4.95,4.78,False,True,True,7,0.2438423645320197
3037,Honda City i VTEC CVT VX,Delhi,2015,50000,First,18.0,1497.0,117.3,5.0,4.78 Lakh,8.25,4.78,False,True,False,10,0.4583333333333333
3038,BMW 3 Series 320d,Hyderabad,2013,48183,First,13.2,1995.0,170.0,5.0,4.78 Lakh,20.99,4.78,False,False,False,12,1.590151515151515
3039,Mercedes-Benz E-Class 2009-2013 E250 CDI Blue Efficiency,Hyderabad,2010,93000,Second,14.21,2143.0,203.0,5.0,4.78 Lakh,17.5,4.78,False,False,False,15,1.231527093596059
3040,Maruti Swift VDI,Kochi,2015,53500,First,28.4,1248.0,74.0,5.0,7.88 Lakh,5.36,7.88,False,False,True,10,0.1887323943661972
3041,Maruti Ertiga VXI,Delhi,2014,17585,First,16.02,1373.0,93.7,7.0,4.78 Lakh,6.35,4.78,False,True,True,11,0.3963795255930087
3042,Hyundai Verna 1.6 VTVT,Kolkata,2011,36226,First,17.01,1591.0,121.3,5.0,4.78 Lakh,2.95,4.78,False,True,True,14,0.17342739564961787
3043,Land Rover Discovery Sport TD4 HSE,Coimbatore,2019,25899,First,12.63,2179.0,147.5,5.0,4.78 Lakh,55.7,4.78,False,False,False,6,4.4101346001583535
3044,Hyundai Santro Xing GL,Kolkata,2009,60170,First,0.0,1086.0,62.0,5.0,4.78 Lakh,1.15,4.78,False,True,True,16,
3045,Mercedes-Benz New C-Class C 220 CDI Style,Hyderabad,2017,11200,First,19.27,2143.0,167.62,5.0,4.78 Lakh,37.5,4.78,False,False,False,8,1.9460300985988583
3046,Hyundai i10 Magna 1.2,Kochi,2017,49045,First,20.36,1197.0,78.9,5.0,4.78 Lakh,4.07,4.78,False,True,True,8,0.19990176817288804
3047,Volkswagen Polo Diesel Comfortline 1.2L,Kolkata,2012,45000,First,22.07,1199.0,73.9,5.0,4.78 Lakh,2.99,4.78,False,False,True,13,0.1354780244676031
3048,Maruti Vitara Brezza VDi Option,Delhi,2017,40000,First,24.3,1248.0,88.5,5.0,4.78 Lakh,7.9,4.78,False,False,True,8,0.32510288065843623
3049,Renault Duster 85PS Diesel RxL,Mumbai,2016,36600,First,19.87,1461.0,83.8,5.0,4.78 Lakh,7.49,4.78,False,False,True,9,0.37695017614494214
3050,Tata Indica Vista Aqua 1.3 Quadrajet,Jaipur,2009,117000,First,18.0,1248.0,75.0,5.0,4.78 Lakh,1.1,4.78,False,False,True,16,0.061111111111111116
3051,Mercedes-Benz GL-Class 350 CDI Blue Efficiency,Delhi,2016,16000,First,11.3,2987.0,254.8,7.0,4.78 Lakh,56.0,4.78,False,False,False,9,4.95575221238938
3052,Hyundai Xcent 1.2 CRDi S,Mumbai,2016,50000,First,25.4,1186.0,73.97,5.0,8.84 Lakh,3.5,8.84,False,False,True,9,0.1377952755905512
3053,Hyundai Verna CRDi SX ABS,Hyderabad,2008,150000,First,18.1,1493.0,110.0,5.0,4.78 Lakh,3.0,4.78,False,False,True,17,0.16574585635359115
3054,Hyundai Verna 1.6 SX VTVT,Mumbai,2014,11000,First,17.01,1591.0,121.3,5.0,4.78 Lakh,6.1,4.78,False,True,True,11,0.358612580834803
3055,Ford Figo Petrol ZXI,Bangalore,2010,102016,First,15.6,1196.0,70.0,5.0,4.78 Lakh,2.25,4.78,False,True,True,15,0.14423076923076925
3056,Maruti Swift VDI Optional,Chennai,2016,38000,First,25.2,1248.0,74.0,5.0,4.78 Lakh,5.95,4.78,False,False,True,9,0.23611111111111113
3057,Renault Pulse RxL,Hyderabad,2013,71491,First,23.08,1461.0,63.12,5.0,4.78 Lakh,4.95,4.78,False,False,True,12,0.21447140381282498
3058,Volkswagen Polo 1.2 MPI Highline,Bangalore,2015,46354,Second,16.47,1198.0,74.0,5.0,4.78 Lakh,5.49,4.78,False,True,True,10,0.33333333333333337
3059,BMW 3 Series 320d Luxury Line,Delhi,2019,87000,First,22.69,1995.0,190.0,5.0,52.46 Lakh,6.67,52.46,False,False,False,6,0.29396209784045835
3060,Skoda Rapid 1.6 MPI Active,Ahmedabad,2015,20765,First,15.0,1598.0,103.52,5.0,4.78 Lakh,6.25,4.78,False,True,True,10,0.4166666666666667
3062,Audi Q7 3.0 TDI Quattro Premium Plus,Coimbatore,2014,51076,First,12.07,2967.0,241.4,7.0,4.78 Lakh,34.88,4.78,False,False,False,11,2.8898094449047225
3063,Maruti Ciaz VDi Plus,Jaipur,2016,84085,First,26.21,1248.0,88.5,5.0,4.78 Lakh,6.9,4.78,False,False,True,9,0.2632582983594048
3064,Honda City i DTEC VX,Kolkata,2014,55000,First,25.1,1498.0,98.6,5.0,4.78 Lakh,5.99,4.78,False,False,True,11,0.23864541832669323
3065,Mercedes-Benz E-Class 2009-2013 E350 Petrol,Mumbai,2010,73000,First,10.93,3498.0,272.0,5.0,4.78 Lakh,10.4,4.78,False,True,False,15,0.9515096065873743
3066,Audi A6 2011-2015 3.0 TDI Quattro Premium Plus,Pune,2012,50001,First,14.57,2967.0,241.38,5.0,4.78 Lakh,29.0,4.78,False,False,False,13,1.9903912148249827
3067,Mahindra Xylo H4,Coimbatore,2016,93166,Second,14.02,2179.0,118.3,7.0,11.67 Lakh,5.85,11.67,False,False,True,9,0.4172610556348074
3068,Honda City 1.5 EXI AT,Kochi,2006,99583,Third,12.0,1493.0,100.0,5.0,4.78 Lakh,2.21,4.78,False,True,False,19,0.18416666666666667
3069,Maruti SX4 ZXI MT BSIV,Mumbai,2010,72000,First,15.5,1586.0,103.3,5.0,4.78 Lakh,2.4,4.78,False,True,True,15,0.15483870967741936
3070,Toyota Corolla Altis G,Pune,2009,70000,Third,14.53,1798.0,138.1,5.0,4.78 Lakh,3.0,4.78,False,True,True,16,0.20646937370956642
3071,Volkswagen Vento Petrol Highline AT,Pune,2012,61000,Second,14.4,1598.0,103.6,5.0,4.78 Lakh,3.75,4.78,False,True,False,13,0.2604166666666667
3072,Hyundai EON Era Plus,Pune,2015,66510,First,21.1,814.0,55.2,5.0,4.78 Lakh,2.95,4.78,False,True,True,10,0.13981042654028436
3073,Skoda Laura Ambition 2.0 TDI CR MT,Hyderabad,2011,84062,First,20.0,1968.0,108.5,5.0,4.78 Lakh,5.8,4.78,False,False,True,14,0.29
3074,Maruti Swift VDI,Hyderabad,2012,80799,First,22.9,1248.0,74.0,5.0,4.78 Lakh,4.9,4.78,False,False,True,13,0.21397379912663758
3075,Toyota Corolla Altis 1.8 VL CVT,Kolkata,2018,5000,First,14.28,1798.0,138.03,5.0,22.37 Lakh,16.95,22.37,False,True,False,7,1.1869747899159664
3076,Toyota Innova 2.5 G (Diesel) 8 Seater,Hyderabad,2013,92000,First,12.99,2494.0,100.0,8.0,4.78 Lakh,12.5,4.78,False,False,True,12,0.962278675904542
3077,Tata Tiago Wizz 1.05 Revotorq,Hyderabad,2017,53000,First,27.28,1047.0,69.0,5.0,4.78 Lakh,5.0,4.78,False,False,True,8,0.18328445747800587
3078,Skoda Rapid 1.6 MPI Ambition,Mumbai,2015,39822,First,15.41,1598.0,103.52,5.0,12.02 Lakh,4.68,12.02,False,True,True,10,0.3036988968202466
3079,Ford Endeavour 3.2 Titanium AT 4X4,Mumbai,2016,29000,First,10.91,3198.0,197.0,7.0,4.78 Lakh,29.8,4.78,False,False,False,9,2.7314390467461047
3080,Renault KWID RXL,Kochi,2017,24214,Second,25.17,799.0,53.3,5.0,3.95 Lakh,3.46,3.95,False,True,True,8,0.13746523639253078
3081,Hyundai i20 1.4 Asta CRDi with AVN,Pune,2012,75000,First,23.0,1396.0,90.0,5.0,4.78 Lakh,4.0,4.78,False,False,True,13,0.17391304347826086
3082,Skoda Laura Ambiente,Chennai,2012,77216,Second,17.5,1896.0,106.0,5.0,4.78 Lakh,4.5,4.78,False,False,True,13,0.2571428571428571
3083,Toyota Corolla Altis Diesel D4DG,Kochi,2013,74290,First,21.43,1364.0,87.2,5.0,4.78 Lakh,5.87,4.78,False,False,True,12,0.2739150723285114
3084,Mahindra Scorpio S8 8 Seater,Delhi,2015,61000,First,15.4,2179.0,120.0,8.0,4.78 Lakh,9.5,4.78,False,False,True,10,0.6168831168831169
3085,Audi Q5 2.0 TDI Premium Plus,Chennai,2013,44000,First,14.16,1968.0,174.3,5.0,4.78 Lakh,32.5,4.78,False,False,False,12,2.2951977401129944
3086,Chevrolet Enjoy TCDi LS 8 Seater,Coimbatore,2014,74041,First,18.2,1248.0,73.8,8.0,4.78 Lakh,3.88,4.78,False,False,True,11,0.21318681318681318
3087,BMW 3 Series 320d,Coimbatore,2013,85846,First,22.69,1995.0,190.0,5.0,48.79 Lakh,13.08,48.79,False,False,False,12,0.5764654032613485
3088,Nissan Sunny 2011-2014 Diesel XV,Delhi,2012,52000,First,21.64,1461.0,84.8,5.0,4.78 Lakh,3.5,4.78,False,False,True,13,0.16173752310536044
3089,Honda Accord 2.4 MT,Mumbai,2010,47000,Second,12.8,2354.0,177.6,5.0,4.78 Lakh,3.5,4.78,False,True,True,15,0.2734375
3090,Hyundai Verna CRDi,Bangalore,2010,72010,First,16.8,1493.0,110.0,5.0,4.78 Lakh,4.45,4.78,False,False,True,15,0.2648809523809524
3091,Maruti Omni E MPI STD BS IV,Jaipur,2015,15000,First,16.8,796.0,34.2,8.0,4.78 Lakh,2.35,4.78,False,True,True,10,0.13988095238095238
3092,Honda City i VTEC SV,Kolkata,2015,480000,First,17.4,1497.0,117.3,5.0,4.78 Lakh,5.0,4.78,False,True,True,10,0.2873563218390805
3093,Audi A7 2011-2015 Sportback,Kolkata,2012,24720,Second,0.0,2967.0,241.4,5.0,4.78 Lakh,28.0,4.78,False,False,False,13,
3094,Ford Fiesta 1.4 ZXi Leather,Chennai,2007,75000,Second,16.6,1388.0,68.0,5.0,4.78 Lakh,2.0,4.78,False,True,True,18,0.12048192771084336
3095,Hyundai i20 1.4 Asta,Mumbai,2015,57000,First,22.54,1396.0,88.73,5.0,4.78 Lakh,6.35,4.78,False,False,True,10,0.28172138420585624
3096,Mercedes-Benz E-Class E250 CDI Avantgrade,Kochi,2015,41057,First,13.0,2143.0,201.1,5.0,4.78 Lakh,24.63,4.78,False,False,False,10,1.8946153846153846
3098,Ford EcoSport 1.5 TDCi Trend Plus,Chennai,2016,20000,First,22.77,1498.0,98.59,5.0,4.78 Lakh,7.9,4.78,False,False,True,9,0.3469477382520861
3099,Hyundai i20 1.2 Magna,Mumbai,2011,52359,First,18.5,1197.0,80.0,5.0,4.78 Lakh,3.25,4.78,False,True,True,14,0.17567567567567569
3100,Honda City i VTEC V,Delhi,2016,17000,Second,17.8,1497.0,117.3,5.0,4.78 Lakh,8.25,4.78,False,True,True,9,0.4634831460674157
3101,Nissan Micra Diesel XV,Kolkata,2011,39002,First,23.08,1461.0,63.1,5.0,4.78 Lakh,2.85,4.78,False,False,True,14,0.1234835355285962
3102,Ford Figo Diesel EXI,Pune,2010,129986,Second,20.0,1399.0,68.0,5.0,4.78 Lakh,3.2,4.78,False,False,True,15,0.16
3103,Nissan Micra XL,Kolkata,2013,45000,First,18.44,1198.0,75.0,5.0,4.78 Lakh,1.75,4.78,False,True,True,12,0.09490238611713665
3105,Honda Accord 2.4 MT,Ahmedabad,2009,82002,Second,12.8,2354.0,177.6,5.0,4.78 Lakh,5.75,4.78,False,True,True,16,0.44921875
3106,Skoda Superb Elegance 1.8 TSI AT,Mumbai,2010,67000,First,13.7,1798.0,157.75,5.0,4.78 Lakh,4.7,4.78,False,True,False,15,0.34306569343065696
3107,Maruti Omni 8 Seater BSIV,Hyderabad,2017,21260,First,14.0,796.0,35.0,5.0,4.78 Lakh,2.9,4.78,False,True,True,8,0.20714285714285713
3108,Hyundai i20 Magna Optional 1.4 CRDi,Ahmedabad,2012,55362,First,21.9,1396.0,88.8,5.0,4.78 Lakh,4.25,4.78,False,False,True,13,0.1940639269406393
3109,Hyundai Creta 1.6 CRDi AT SX Plus,Chennai,2017,13000,First,17.01,1582.0,126.2,5.0,4.78 Lakh,14.5,4.78,False,False,False,8,0.8524397413286301
3110,Maruti Swift VDI BSIV,Kochi,2016,45725,First,25.2,1248.0,74.0,5.0,4.78 Lakh,5.34,4.78,False,False,True,9,0.2119047619047619
3111,Maruti Swift LDI BSIV,Jaipur,2014,105000,First,25.2,1248.0,74.0,5.0,4.78 Lakh,3.85,4.78,False,False,True,11,0.1527777777777778
3112,Toyota Innova 2.5 G (Diesel) 8 Seater BS IV,Hyderabad,2009,156056,First,12.8,2494.0,102.0,8.0,4.78 Lakh,8.5,4.78,False,False,True,16,0.6640625
3113,Hyundai Xcent 1.1 CRDi Base,Mumbai,2016,135000,First,24.4,1120.0,71.0,5.0,4.78 Lakh,4.2,4.78,False,False,True,9,0.17213114754098363
3114,Maruti Ertiga Paseo VDI,Delhi,2016,67000,First,20.77,1248.0,88.7,7.0,4.78 Lakh,6.75,4.78,False,False,True,9,0.3249879634087626
3115,Ford Endeavour 3.2 Trend AT 4X4,Jaipur,2016,90000,First,10.91,3198.0,197.2,7.0,4.78 Lakh,26.0,4.78,False,False,False,9,2.383134738771769
3116,Hyundai i20 1.4 Sportz,Coimbatore,2019,32251,First,22.54,1396.0,88.73,5.0,4.78 Lakh,8.61,4.78,False,False,True,6,0.38198757763975155
3117,Maruti Zen Estilo LXI BS IV,Mumbai,2009,47000,First,19.0,998.0,67.1,5.0,4.78 Lakh,1.46,4.78,False,True,True,16,0.07684210526315789
3118,Maruti Ritz VDi,Mumbai,2011,75308,Second,21.1,1248.0,73.9,5.0,4.78 Lakh,2.8,4.78,False,False,True,14,0.13270142180094785
3120,Honda City 1.5 S MT,Mumbai,2014,58000,First,17.0,1497.0,118.0,5.0,4.78 Lakh,5.47,4.78,False,True,True,11,0.32176470588235295
3121,Maruti Swift Dzire ZXi,Mumbai,2009,60000,First,17.5,1298.0,85.8,5.0,4.78 Lakh,2.45,4.78,False,True,True,16,0.14
3122,BMW X1 sDrive 20d Sportline,Hyderabad,2014,45000,First,17.05,1995.0,184.0,5.0,4.78 Lakh,21.5,4.78,False,False,False,11,1.2609970674486803
3123,Tata Manza Aqua Safire,Mumbai,2010,41195,First,15.0,1368.0,90.0,5.0,4.78 Lakh,1.38,4.78,False,True,True,15,0.092
3124,Mahindra XUV500 W10 2WD,Chennai,2016,89000,First,16.0,2179.0,140.0,7.0,4.78 Lakh,13.5,4.78,False,False,True,9,0.84375
3125,Hyundai i10 Sportz AT,Bangalore,2009,60510,Second,16.95,1197.0,78.9,5.0,4.78 Lakh,3.1,4.78,False,True,False,16,0.18289085545722716
3126,Maruti Baleno Sigma 1.2,Mumbai,2016,8500,First,21.4,1197.0,83.1,5.0,4.78 Lakh,5.49,4.78,False,True,True,9,0.2565420560747664
3127,Maruti Vitara Brezza ZDi Plus Dual Tone,Kochi,2017,35981,First,24.3,1248.0,88.5,5.0,11.29 Lakh,9.51,11.29,False,False,True,8,0.391358024691358
3128,Ford Figo Petrol ZXI,Mumbai,2012,23152,First,15.6,1196.0,70.02,5.0,4.78 Lakh,2.39,4.78,False,True,True,13,0.15320512820512822
3130,Volkswagen Vento Sport 1.2 TSI AT,Mumbai,2014,61529,First,18.19,1197.0,103.5,5.0,4.78 Lakh,5.65,4.78,False,True,False,11,0.31061022539857064
3131,Mahindra Xylo D2 BS III,Ahmedabad,2010,91596,First,14.95,2489.0,93.7,7.0,4.78 Lakh,1.85,4.78,False,False,True,15,0.12374581939799333
3132,Porsche Cayenne Base,Kochi,2019,14298,First,13.33,2995.0,340.0,5.0,1.36 Cr,2.02,1.36,False,True,False,6,0.15153788447111777
3133,Maruti Swift Dzire VDi,Hyderabad,2013,83327,First,19.3,1248.0,73.9,5.0,4.78 Lakh,5.8,4.78,False,False,True,12,0.30051813471502586
3134,Volkswagen Polo 1.2 MPI Highline Plus,Hyderabad,2017,22857,First,16.2,1199.0,74.0,5.0,4.78 Lakh,6.9,4.78,False,True,True,8,0.425925925925926
3135,Hyundai Verna 1.6 VTVT,Chennai,2013,34620,Second,17.01,1591.0,121.3,5.0,4.78 Lakh,5.35,4.78,False,True,True,12,0.3145208700764256
3136,Hyundai i10 Era 1.1,Bangalore,2010,56000,First,19.81,1086.0,68.05,5.0,4.78 Lakh,2.85,4.78,False,True,True,15,0.14386673397274105
3137,Mercedes-Benz E-Class E250 CDI Launch Edition,Chennai,2014,81000,First,13.0,2143.0,204.0,5.0,4.78 Lakh,22.75,4.78,False,False,False,11,1.75
3138,Maruti Zen LXI,Jaipur,1998,95150,Third,17.3,993.0,60.0,5.0,4.78 Lakh,0.45,4.78,False,True,True,27,0.02601156069364162
3139,Hyundai i10 Sportz,Coimbatore,2013,32776,First,20.36,1197.0,78.9,5.0,4.78 Lakh,4.64,4.78,False,True,True,12,0.22789783889980353
3140,Honda Amaze S i-Dtech,Coimbatore,2016,51587,First,25.8,1498.0,98.6,5.0,4.78 Lakh,5.27,4.78,False,False,True,9,0.20426356589147285
3141,Tata Safari Storme VX,Jaipur,2016,36000,First,14.1,2179.0,148.0,7.0,4.78 Lakh,10.0,4.78,False,False,True,9,0.7092198581560284
3142,Honda Brio 1.2 S MT,Mumbai,2015,22000,First,18.5,1198.0,86.8,5.0,6.23 Lakh,3.95,6.23,False,True,True,10,0.21351351351351353
3143,Hyundai i20 Asta,Kochi,2010,30754,First,17.0,1197.0,80.0,5.0,4.78 Lakh,3.38,4.78,False,True,True,15,0.1988235294117647
3144,Volkswagen Jetta 2012-2014 1.4 TSI,Coimbatore,2018,37109,First,14.69,1390.0,120.33,5.0,4.78 Lakh,16.8,4.78,False,True,True,7,1.143635125936011
3145,Honda Jazz Select Edition,Kolkata,2010,45000,First,16.7,1198.0,88.8,5.0,4.78 Lakh,1.99,4.78,False,True,True,15,0.11916167664670659
3146,Hyundai Grand i10 Sportz,Coimbatore,2017,33284,First,18.9,1197.0,82.0,5.0,4.78 Lakh,5.84,4.78,False,True,True,8,0.308994708994709
3147,Jaguar XF Diesel,Coimbatore,2016,55115,First,14.74,2993.0,270.9,5.0,4.78 Lakh,36.15,4.78,False,False,False,9,2.4525101763907733
3148,Jaguar XF 2.2 Litre Luxury,Kolkata,2014,18000,First,16.36,2179.0,187.7,5.0,4.78 Lakh,25.7,4.78,False,False,False,11,1.5709046454767726
3149,Mahindra XUV500 W8 2WD,Coimbatore,2013,130790,First,16.0,2179.0,140.0,7.0,4.78 Lakh,9.24,4.78,False,False,True,12,0.5775
3150,Maruti S Cross DDiS 320 Alpha,Delhi,2015,16607,First,22.7,1598.0,118.0,5.0,4.78 Lakh,7.65,4.78,False,False,True,10,0.3370044052863436
3151,Audi A4 2.0 TDI 177 Bhp Premium Plus,Coimbatore,2015,32205,First,17.11,1968.0,174.33,5.0,4.78 Lakh,25.31,4.78,False,False,False,10,1.4792518994739918
3152,Renault Duster 110PS Diesel RxZ,Delhi,2013,67000,First,19.01,1461.0,108.45,5.0,4.78 Lakh,4.75,4.78,False,False,True,12,0.24986849026827984
3153,Maruti Swift Dzire VXI,Coimbatore,2014,57676,First,19.1,1197.0,85.8,5.0,4.78 Lakh,6.69,4.78,False,True,True,11,0.35026178010471204
3154,Volkswagen Polo Petrol Trendline 1.2L,Mumbai,2012,41000,First,16.47,1198.0,73.9,5.0,4.78 Lakh,3.1,4.78,False,True,True,13,0.18822100789313906
3155,Maruti Omni 8 Seater BSII,Jaipur,2012,65000,First,19.7,796.0,35.0,8.0,4.78 Lakh,1.55,4.78,False,True,True,13,0.07868020304568528
3156,Hyundai Grand i10 1.2 Kappa Magna AT,Coimbatore,2019,12153,First,18.9,1197.0,81.86,5.0,7.98 Lakh,6.84,7.98,False,True,False,6,0.36190476190476195
3157,Tata Nano Twist XT,Hyderabad,2014,16810,First,25.4,624.0,37.5,4.0,4.78 Lakh,1.6,4.78,False,True,True,11,0.06299212598425198
3158,Audi A4 30 TFSI Premium Plus,Kochi,2017,61221,First,17.84,1395.0,147.51,5.0,47.16 Lakh,21.73,47.16,False,True,False,8,1.21804932735426
3159,Volkswagen Polo 1.2 MPI Highline,Mumbai,2015,22000,First,16.47,1198.0,74.0,5.0,4.78 Lakh,4.75,4.78,False,True,True,10,0.28840315725561627
3160,Maruti Alto 800 LXI,Chennai,2015,63714,First,22.74,796.0,47.3,5.0,4.78 Lakh,2.45,4.78,False,True,True,10,0.10773966578715921
3161,Mini Cooper 5 DOOR D,Kochi,2019,14857,First,20.7,1496.0,113.98,5.0,41.98 Lakh,31.55,41.98,False,False,False,6,1.5241545893719808
3162,Audi A4 New 2.0 TDI Multitronic,Delhi,2012,69000,Second,15.2,1968.0,140.8,5.0,4.78 Lakh,10.25,4.78,False,False,False,13,0.674342105263158
3163,Ford Endeavour Titanium 4X2,Coimbatore,2019,14648,First,12.62,2198.0,158.0,7.0,35.29 Lakh,27.36,35.29,False,False,True,6,2.167987321711569
3164,Ford Ecosport 1.5 Ti VCT MT Titanium,Hyderabad,2013,100000,Second,15.8,1499.0,110.0,5.0,4.78 Lakh,6.5,4.78,False,True,True,12,0.4113924050632911
3165,Hyundai Grand i10 Magna,Jaipur,2016,22000,First,18.9,1197.0,82.0,5.0,4.78 Lakh,4.25,4.78,False,True,True,9,0.22486772486772488
3166,Chevrolet Sail 1.2 LS,Mumbai,2014,10000,First,18.2,1199.0,82.4,5.0,4.78 Lakh,5.5,4.78,False,True,True,11,0.30219780219780223
3167,Maruti Swift Dzire LXI,Kolkata,2015,107000,First,20.85,1197.0,83.14,5.0,4.78 Lakh,4.0,4.78,False,True,True,10,0.19184652278177458
3168,Tata Zest Revotron 1.2T XM,Kochi,2017,48198,First,17.57,1193.0,88.7,5.0,7.63 Lakh,4.65,7.63,False,True,True,8,0.2646556630620376
3169,Mercedes-Benz New C-Class C 220 CDI Avantgarde,Delhi,2015,15000,First,19.27,2143.0,170.0,5.0,4.78 Lakh,28.5,4.78,False,False,False,10,1.4789828749351324
3170,Chevrolet Cruze LTZ,Coimbatore,2014,80073,First,17.3,1998.0,163.7,5.0,4.78 Lakh,7.11,4.78,False,False,True,11,0.41098265895953756
3171,Maruti Ritz VDi,Hyderabad,2013,85388,First,21.1,1248.0,73.9,5.0,4.78 Lakh,3.9,4.78,False,False,True,12,0.1848341232227488
3172,Hyundai Grand i10 1.2 Kappa Sportz Option,Jaipur,2017,14700,First,18.9,1197.0,81.86,5.0,4.78 Lakh,5.6,4.78,False,True,True,8,0.2962962962962963
3173,Maruti Dzire LDI,Pune,2012,150000,Third,28.4,1248.0,73.75,5.0,7.91 Lakh,2.25,7.91,False,False,True,13,0.07922535211267606
3174,Hyundai Verna 1.6 SX,Kolkata,2011,34994,First,22.32,1582.0,126.32,5.0,4.78 Lakh,3.9,4.78,False,False,True,14,0.1747311827956989
3175,Jaguar XF Diesel,Coimbatore,2014,82536,First,14.74,2993.0,270.9,5.0,4.78 Lakh,28.63,4.78,False,False,False,11,1.9423337856173677
3176,Skoda Superb Elegance 1.8 TSI AT,Delhi,2013,82000,First,13.7,1798.0,157.75,5.0,4.78 Lakh,7.25,4.78,False,True,False,12,0.5291970802919709
3177,Maruti Wagon R LXI,Pune,2006,52000,Second,18.9,998.0,67.1,5.0,4.78 Lakh,2.0,4.78,False,True,True,19,0.10582010582010583
3178,Volkswagen Polo Petrol Highline 1.2L,Mumbai,2011,20000,First,16.47,1198.0,73.9,5.0,4.78 Lakh,3.5,4.78,False,True,True,14,0.2125075895567699
3179,Honda Civic 2010-2013 1.8 S MT,Hyderabad,2011,55000,First,14.8,1799.0,130.2,5.0,4.78 Lakh,5.0,4.78,False,True,True,14,0.33783783783783783
3181,Maruti Wagon R VXI,Chennai,2014,52000,First,22.5,998.0,67.04,5.0,5.51 Lakh,3.45,5.51,False,True,True,11,0.15333333333333335
3182,Maruti Swift Dzire VDI,Kolkata,2013,43284,First,23.4,1248.0,74.0,5.0,4.78 Lakh,4.5,4.78,False,False,True,12,0.19230769230769232
3183,Hyundai Creta 1.6 SX Plus Petrol Automatic,Coimbatore,2018,23875,First,13.0,1591.0,121.3,5.0,4.78 Lakh,14.36,4.78,False,True,False,7,1.1046153846153846
3184,Hyundai Grand i10 Asta,Bangalore,2016,51866,First,18.9,1197.0,82.0,5.0,4.78 Lakh,5.5,4.78,False,True,True,9,0.29100529100529104
3185,Nissan Micra Diesel XV Premium,Mumbai,2013,69000,First,23.08,1461.0,63.1,5.0,4.78 Lakh,3.0,4.78,False,False,True,12,0.12998266897746968
3186,Hyundai Grand i10 1.2 Kappa Asta,Coimbatore,2017,62788,First,18.9,1197.0,81.86,5.0,8.1 Lakh,6.08,8.1,False,True,True,8,0.3216931216931217
3187,Volkswagen Vento Diesel Highline,Chennai,2013,150000,First,20.54,1598.0,103.6,5.0,4.78 Lakh,5.0,4.78,False,False,True,12,0.24342745861733203
3188,Toyota Fortuner 4x2 AT,Kochi,2015,47566,First,12.55,2982.0,168.5,7.0,4.78 Lakh,20.25,4.78,False,False,False,10,1.6135458167330676
3190,Toyota Innova Crysta 2.8 GX AT,Pune,2018,20300,First,11.36,2755.0,171.5,7.0,20.97 Lakh,18.0,20.97,False,False,False,7,1.5845070422535212
3191,Mercedes-Benz A Class A180 CDI,Pune,2015,48300,First,20.0,2143.0,107.3,5.0,4.78 Lakh,17.5,4.78,False,False,False,10,0.875
3192,Hyundai EON D Lite,Pune,2013,30000,First,21.1,814.0,55.2,5.0,4.78 Lakh,2.1,4.78,False,True,True,12,0.0995260663507109
3193,Hyundai Elantra CRDi SX,Bangalore,2012,36000,Second,22.7,1582.0,126.24,5.0,4.78 Lakh,7.5,4.78,False,False,True,13,0.3303964757709251
3194,Mini Cooper 3 DOOR D,Kochi,2015,27641,Second,20.7,1496.0,113.98,4.0,34.89 Lakh,24.77,34.89,False,False,False,10,1.1966183574879228
3195,Renault Duster 110PS Diesel RXZ Option,Bangalore,2015,60000,First,19.64,1461.0,108.45,5.0,4.78 Lakh,8.65,4.78,False,False,True,10,0.4404276985743381
3196,Ford Endeavour 3.2 Titanium AT 4X4,Chennai,2019,9000,First,10.91,3198.0,197.0,7.0,4.78 Lakh,35.5,4.78,False,False,False,6,3.2538955087076076
3197,Toyota Corolla Altis GL MT,Delhi,2014,60750,First,14.28,1798.0,138.03,5.0,4.78 Lakh,10.5,4.78,False,True,True,11,0.7352941176470589
3198,Mahindra XUV500 W7,Delhi,2018,9000,First,14.0,2179.0,155.0,7.0,16.4 Lakh,13.0,16.4,False,False,True,7,0.9285714285714286
3199,BMW 7 Series 730Ld Design Pure Excellence CBU,Kolkata,2012,41100,First,16.77,2993.0,261.49,5.0,1.66 Cr,26.5,1.66,False,False,False,13,1.5802027429934407
3200,Maruti Wagon R LX BSIII,Ahmedabad,2004,60000,Second,17.3,1061.0,64.0,5.0,4.78 Lakh,1.4,4.78,False,True,True,21,0.08092485549132947
3201,Honda City i VTEC SV,Kochi,2017,38424,First,17.8,1497.0,117.3,5.0,4.78 Lakh,7.51,4.78,False,True,True,8,0.42191011235955056
3202,Maruti Swift VDI,Delhi,2014,50000,First,22.9,1248.0,74.0,5.0,4.78 Lakh,4.3,4.78,False,False,True,11,0.18777292576419213
3203,Honda City i-VTEC CVT VX,Mumbai,2015,19000,First,18.0,1497.0,117.3,5.0,15.29 Lakh,8.95,15.29,False,True,False,10,0.4972222222222222
3204,Maruti Ertiga VDI,Kochi,2015,58734,First,20.77,1248.0,88.76,7.0,4.78 Lakh,6.91,4.78,False,False,True,10,0.33269138180067404
3205,Renault Duster 110PS Diesel RxZ,Coimbatore,2016,65257,First,19.01,1461.0,108.45,5.0,4.78 Lakh,9.75,4.78,False,False,True,9,0.5128879537085744
3206,Maruti Swift Dzire VDi,Jaipur,2010,130000,Second,19.3,1248.0,73.9,5.0,4.78 Lakh,4.0,4.78,False,False,True,15,0.20725388601036268
3207,Maruti Ritz VDi,Hyderabad,2011,79000,First,23.2,1248.0,73.94,5.0,4.78 Lakh,3.65,4.78,False,False,True,14,0.15732758620689655
3208,Mahindra XUV500 W8 4WD,Chennai,2013,78000,First,15.1,2179.0,140.0,7.0,4.78 Lakh,10.75,4.78,False,False,True,12,0.7119205298013245
3209,Honda Brio S MT,Kochi,2015,49133,First,19.4,1198.0,86.8,5.0,4.78 Lakh,4.51,4.78,False,True,True,10,0.23247422680412372
3210,Mercedes-Benz M-Class ML 350 4Matic,Coimbatore,2016,22769,First,0.0,2987.0,165.0,5.0,4.78 Lakh,49.22,4.78,False,False,False,9,
3211,Tata Manza Club Class Quadrajet90 LS,Coimbatore,2014,54448,First,21.02,1248.0,88.8,5.0,4.78 Lakh,3.7,4.78,False,False,True,11,0.17602283539486205
3212,Toyota Innova 2.5 V Diesel 7-seater,Hyderabad,2014,158793,First,12.8,2494.0,102.0,7.0,4.78 Lakh,12.99,4.78,False,False,True,11,1.01484375
3213,Maruti Swift VXI,Delhi,2015,62088,First,18.6,1197.0,85.8,5.0,4.78 Lakh,4.15,4.78,False,True,True,10,0.22311827956989247
3214,Hyundai Verna 1.6 EX VTVT,Kolkata,2012,14800,First,17.01,1591.0,121.3,5.0,4.78 Lakh,4.4,4.78,False,True,True,13,0.2586713697824809
3215,Honda Mobilio S i VTEC,Kolkata,2015,26000,First,17.3,1497.0,117.3,7.0,4.78 Lakh,4.25,4.78,False,True,True,10,0.24566473988439305
3216,Honda Amaze S i-Vtech,Mumbai,2017,32005,First,18.0,1198.0,86.7,5.0,4.78 Lakh,4.25,4.78,False,True,True,8,0.2361111111111111
3217,Honda City i-VTEC CVT VX,Jaipur,2017,35000,First,18.0,1497.0,117.3,5.0,14.67 Lakh,7.7,14.67,False,True,False,8,0.4277777777777778
3218,Land Rover Range Rover 2.2L Dynamic,Pune,2015,52000,First,12.7,2179.0,187.7,5.0,4.78 Lakh,39.75,4.78,False,False,False,10,3.12992125984252
3219,Honda City i-VTEC V,Mumbai,2017,11000,First,17.4,1497.0,117.3,5.0,12.57 Lakh,8.5,12.57,False,True,True,8,0.4885057471264368
3220,Mercedes-Benz E-Class 280 Elegance,Jaipur,2008,62000,First,9.5,2997.0,231.1,5.0,4.78 Lakh,7.0,4.78,False,True,False,17,0.7368421052631579
3221,Ford Ikon 1.3 Flair,Chennai,2002,65134,Third,13.8,1299.0,70.0,5.0,4.78 Lakh,0.8,4.78,False,True,True,23,0.057971014492753624
3222,Toyota Fortuner 4x2 Manual,Delhi,2013,71000,First,13.0,2982.0,168.5,7.0,4.78 Lakh,15.25,4.78,False,False,True,12,1.1730769230769231
3223,Maruti A-Star Vxi,Hyderabad,2008,51366,First,19.0,998.0,66.1,5.0,4.78 Lakh,2.25,4.78,False,True,True,17,0.11842105263157894
3224,Tata Sumo EX,Kolkata,2016,46300,First,14.07,1948.0,83.1,7.0,4.78 Lakh,4.85,4.78,False,False,True,9,0.34470504619758346
3225,Honda City V AT,Coimbatore,2012,60908,Second,15.6,1497.0,116.3,5.0,4.78 Lakh,6.42,4.78,False,True,False,13,0.4115384615384615
3226,Nissan Micra XV D,Chennai,2012,93450,Second,23.19,1461.0,63.12,5.0,9.48 Lakh,2.5,9.48,False,False,True,13,0.10780508840017249
3227,Hyundai Verna SX CRDi AT,Hyderabad,2011,104000,First,19.08,1582.0,126.32,5.0,4.78 Lakh,5.75,4.78,False,False,False,14,0.30136268343815514
3228,Maruti 800 Std,Pune,2003,52000,First,16.1,796.0,37.0,4.0,4.78 Lakh,0.5,4.78,False,True,True,22,0.03105590062111801
3229,Mahindra XUV500 W8 4WD,Coimbatore,2015,42999,First,15.1,2179.0,140.0,7.0,4.78 Lakh,11.52,4.78,False,False,True,10,0.7629139072847682
3230,Maruti SX4 VDI,Delhi,2014,90000,First,21.5,1248.0,88.8,5.0,4.78 Lakh,4.5,4.78,False,False,True,11,0.20930232558139536
3231,Hyundai i20 Sportz AT 1.4,Bangalore,2013,72000,First,15.0,1396.0,98.6,5.0,4.78 Lakh,4.75,4.78,False,True,False,12,0.31666666666666665
3232,Hyundai Creta 1.6 CRDi SX,Coimbatore,2019,54321,First,19.67,1582.0,126.2,5.0,4.78 Lakh,13.54,4.78,False,False,True,6,0.6883579054397558
3233,Mercedes-Benz E-Class E250 CDI Avantgrade,Kochi,2015,59630,First,13.0,2143.0,201.1,5.0,4.78 Lakh,23.41,4.78,False,False,False,10,1.8007692307692307
3234,Toyota Fortuner 4x2 AT,Hyderabad,2013,116000,Second,12.55,2982.0,168.5,7.0,4.78 Lakh,19.25,4.78,False,False,False,12,1.5338645418326693
3235,Volvo S60 D4 KINETIC,Ahmedabad,2015,34000,First,9.0,1984.0,181.0,5.0,4.78 Lakh,20.0,4.78,False,False,False,10,2.2222222222222223
3236,Mercedes-Benz E-Class 2009-2013 E250 CDI Avantgarde,Delhi,2011,70000,First,14.21,2143.0,203.0,5.0,4.78 Lakh,13.0,4.78,False,False,False,14,0.9148486980999295
3237,Honda Accord 2.4 Elegance M/T,Chennai,2010,80000,First,10.2,2354.0,180.0,5.0,4.78 Lakh,3.99,4.78,False,True,True,15,0.39117647058823535
3238,Honda Amaze S i-Dtech,Pune,2015,110000,First,25.8,1498.0,98.6,5.0,4.78 Lakh,4.65,4.78,False,False,True,10,0.1802325581395349
3239,Maruti Dzire ZDI,Ahmedabad,2013,56454,First,28.4,1248.0,73.75,5.0,8.95 Lakh,4.65,8.95,False,False,True,12,0.16373239436619721
3240,Maruti Swift LXI,Kolkata,2013,60000,First,18.6,1197.0,85.8,5.0,4.78 Lakh,3.15,4.78,False,True,True,12,0.1693548387096774
3241,Toyota Corolla Altis G HV AT,Delhi,2013,56000,First,14.53,1798.0,138.1,5.0,4.78 Lakh,8.25,4.78,False,True,False,12,0.5677907777013077
3242,Land Rover Range Rover Vogue SE 4.4 SDV8,Bangalore,2012,63000,Second,11.49,4367.0,335.3,5.0,4.78 Lakh,65.0,4.78,False,False,False,13,5.657093124456049
3243,Maruti Swift VDI,Chennai,2012,63000,First,22.9,1248.0,74.0,5.0,4.78 Lakh,4.5,4.78,False,False,True,13,0.19650655021834063
3244,Jeep Compass 2.0 Limited Option 4X4,Kolkata,2017,15050,First,16.3,1956.0,170.0,5.0,23.19 Lakh,17.5,23.19,False,False,True,8,1.0736196319018405
3245,Maruti Swift VXI BSIV,Mumbai,2016,29401,First,20.4,1197.0,81.8,5.0,4.78 Lakh,4.31,4.78,False,True,True,9,0.21127450980392157
3246,Honda Jazz 1.2 SV i VTEC,Kochi,2016,25238,First,18.7,1199.0,88.7,5.0,4.78 Lakh,6.2,4.78,False,True,True,9,0.3315508021390375
3248,Volkswagen Polo Petrol Trendline 1.2L,Kochi,2011,58752,First,16.47,1198.0,73.9,5.0,4.78 Lakh,3.32,4.78,False,True,True,14,0.201578627808136
3249,Honda Civic 2006-2010 1.8 V AT,Delhi,2011,62000,First,12.9,1799.0,130.0,5.0,4.78 Lakh,3.75,4.78,False,True,False,14,0.29069767441860467
3250,Toyota Etios G SP,Bangalore,2013,132000,First,16.78,1496.0,88.73,5.0,4.78 Lakh,4.7,4.78,False,True,True,12,0.2800953516090584
3251,Hyundai Verna 1.6 SX VTVT,Chennai,2016,51000,First,17.01,1591.0,121.3,5.0,4.78 Lakh,6.5,4.78,False,True,True,9,0.3821281599059376
3252,Toyota Innova 2.5 G4 Diesel 8-seater,Hyderabad,2009,185200,First,12.8,2494.0,102.0,8.0,4.78 Lakh,7.25,4.78,False,False,True,16,0.56640625
3253,Maruti SX4 S Cross DDiS 320 Zeta,Coimbatore,2016,61717,First,22.7,1598.0,118.0,5.0,4.78 Lakh,8.94,4.78,False,False,True,9,0.3938325991189427
3254,Ford Freestyle Titanium Plus Petrol,Kolkata,2018,8896,First,19.0,1194.0,94.68,5.0,8.24 Lakh,7.34,8.24,False,True,True,7,0.3863157894736842
3255,Maruti Baleno Alpha 1.2,Delhi,2016,17000,First,21.4,1197.0,83.1,5.0,4.78 Lakh,6.9,4.78,False,True,True,9,0.3224299065420561
3256,Honda Jazz V,Mumbai,2016,31378,First,18.2,1199.0,88.7,5.0,8.71 Lakh,5.9,8.71,False,True,True,9,0.3241758241758242
3257,Hyundai Verna 1.6 CRDi EX AT,Pune,2013,114000,First,22.32,1582.0,126.3,5.0,4.78 Lakh,6.75,4.78,False,False,False,12,0.3024193548387097
3258,Honda Amaze VX i-DTEC,Ahmedabad,2014,81000,First,25.8,1498.0,98.6,5.0,4.78 Lakh,4.1,4.78,False,False,True,11,0.15891472868217052
3259,Audi Q3 30 TDI Premium FWD,Mumbai,2017,31000,First,18.51,1968.0,147.51,5.0,44.75 Lakh,27.0,44.75,False,False,False,8,1.458670988654781
3260,Skoda Rapid 2013-2016 1.6 MPI Ambition,Mumbai,2014,35000,First,15.0,1598.0,103.52,5.0,4.78 Lakh,4.5,4.78,False,True,True,11,0.3
3261,Audi A4 2.0 TDI 177 Bhp Premium Plus,Kolkata,2013,60001,First,17.11,1968.0,174.33,5.0,4.78 Lakh,14.5,4.78,False,False,False,12,0.8474576271186441
3262,Maruti Swift Dzire VDI,Jaipur,2014,75074,First,23.4,1248.0,74.0,5.0,4.78 Lakh,5.25,4.78,False,False,True,11,0.22435897435897437
3263,Tata Indica Vista Quadrajet LS,Kolkata,2012,80000,Second,22.3,1248.0,74.0,5.0,4.78 Lakh,1.2,4.78,False,False,True,13,0.05381165919282511
3264,Toyota Innova 2.5 G (Diesel) 8 Seater,Jaipur,2006,147350,Second,12.99,2494.0,100.6,8.0,4.78 Lakh,4.95,4.78,False,False,True,19,0.3810623556581986
3265,Renault Duster 110PS Diesel RxZ Plus,Hyderabad,2013,60000,First,19.64,1461.0,108.45,5.0,4.78 Lakh,7.5,4.78,False,False,True,12,0.3818737270875764
3266,Mercedes-Benz E-Class E400 Cabriolet,Kolkata,2015,7501,First,10.0,2996.0,333.0,4.0,87.57 Lakh,48.0,87.57,False,True,False,10,4.8
3267,Honda Amaze S i-Dtech,Delhi,2015,58000,First,25.8,1498.0,98.6,5.0,4.78 Lakh,4.45,4.78,False,False,True,10,0.17248062015503876
3268,Mercedes-Benz GLE 350d,Coimbatore,2018,29277,First,11.57,2987.0,254.79,5.0,95.13 Lakh,59.65,95.13,False,False,False,7,5.155574762316335
3269,Maruti Ritz VDi,Kochi,2015,57034,First,23.2,1248.0,73.94,5.0,4.78 Lakh,4.38,4.78,False,False,True,10,0.18879310344827585
3270,Maruti Ciaz ZDi Plus SHVS,Kochi,2016,40810,First,28.09,1248.0,88.5,5.0,4.78 Lakh,7.9,4.78,False,False,True,9,0.28123887504449985
3271,Hyundai Santro Xing GL,Bangalore,2008,35268,Second,0.0,1086.0,62.0,5.0,4.78 Lakh,1.88,4.78,False,True,True,17,
3272,BMW 5 Series 520d Sedan,Mumbai,2008,81000,Second,18.48,1197.0,74.0,5.0,4.78 Lakh,10.5,4.78,False,False,False,17,0.5681818181818181
3273,Maruti Baleno Delta CVT,Coimbatore,2018,34630,First,21.4,1197.0,83.1,5.0,8.57 Lakh,7.29,8.57,False,True,False,7,0.34065420560747667
3274,Ford Fiesta Diesel Titanium Plus,Hyderabad,2012,45122,First,23.5,1498.0,88.7,5.0,4.78 Lakh,6.0,4.78,False,False,True,13,0.2553191489361702
3275,Mahindra XUV500 W8 2WD,Chennai,2011,126000,Third,16.0,2179.0,140.0,7.0,4.78 Lakh,6.7,4.78,False,False,True,14,0.41875
3276,Maruti Alto LXi,Jaipur,2009,63000,First,19.7,796.0,46.3,5.0,4.78 Lakh,1.5,4.78,False,True,True,16,0.07614213197969544
3277,Mini Cooper 3 DOOR D,Kochi,2016,32298,First,20.7,1496.0,113.98,4.0,35 Lakh,23.8,35.0,False,False,False,9,1.1497584541062802
3278,Mahindra XUV500 W8 4WD,Kochi,2014,63288,First,15.1,2179.0,140.0,7.0,4.78 Lakh,7.77,4.78,False,False,True,11,0.5145695364238411
3279,Hyundai Santro Xing GLS,Coimbatore,2012,43337,First,17.92,1086.0,62.1,5.0,4.78 Lakh,3.32,4.78,False,True,True,13,0.18526785714285712
3280,Maruti Swift VDI,Kochi,2015,46561,First,22.9,1248.0,74.0,5.0,4.78 Lakh,4.94,4.78,False,False,True,10,0.21572052401746727
3281,Mercedes-Benz A Class A180 CDI,Delhi,2013,34000,Second,20.0,2143.0,107.3,5.0,4.78 Lakh,11.0,4.78,False,False,False,12,0.55
3282,Renault KWID RXT,Hyderabad,2016,48000,First,25.17,799.0,53.3,5.0,4.78 Lakh,3.4,4.78,False,True,True,9,0.1350814461660707
3283,Maruti Swift VDI,Kochi,2013,56263,First,22.9,1248.0,74.0,5.0,4.78 Lakh,4.17,4.78,False,False,True,12,0.18209606986899565
3284,Maruti Zen LXI,Hyderabad,2005,84060,Second,17.3,993.0,60.0,5.0,4.78 Lakh,1.25,4.78,False,True,True,20,0.0722543352601156
3285,Hyundai Grand i10 Magna AT,Mumbai,2016,9000,First,18.9,1197.0,82.0,5.0,4.78 Lakh,5.45,4.78,False,True,False,9,0.28835978835978837
3286,Tata Manza Aura Quadrajet BS IV,Jaipur,2012,79000,First,21.12,1248.0,88.8,5.0,4.78 Lakh,2.59,4.78,False,False,True,13,0.12263257575757575
3287,Mahindra XUV500 W10 AWD,Pune,2015,87900,First,16.0,2179.0,140.0,7.0,4.78 Lakh,12.01,4.78,False,False,True,10,0.750625
3288,Maruti Swift Dzire 1.2 Vxi BSIV,Delhi,2010,72425,Second,17.5,1197.0,85.8,5.0,4.78 Lakh,2.45,4.78,False,True,True,15,0.14
3289,Audi Q3 35 TDI Quattro Premium Plus,Bangalore,2015,38000,First,15.73,1968.0,174.33,5.0,4.78 Lakh,29.0,4.78,False,False,False,10,1.8436109345200253
3291,Mercedes-Benz New C-Class C 220 CDI Elegance AT,Hyderabad,2010,107000,First,14.84,2143.0,170.0,5.0,4.78 Lakh,11.99,4.78,False,False,False,15,0.8079514824797844
3292,Honda City i VTEC CVT VX,Delhi,2015,51000,First,18.0,1497.0,117.3,5.0,4.78 Lakh,7.9,4.78,False,True,False,10,0.4388888888888889
3293,Toyota Innova 2.5 GX 7 STR,Pune,2010,140000,Third,12.8,2494.0,102.0,7.0,4.78 Lakh,6.25,4.78,False,False,True,15,0.48828125
3294,Chevrolet Beat LT,Pune,2011,48000,Second,18.6,1199.0,79.4,5.0,4.78 Lakh,1.8,4.78,False,True,True,14,0.0967741935483871
3296,Honda Jazz 1.2 S i VTEC,Mumbai,2015,31000,First,18.7,1199.0,88.7,5.0,4.78 Lakh,4.9,4.78,False,True,True,10,0.2620320855614974
3297,Nissan Micra XL Primo,Jaipur,2010,75055,First,18.06,1198.0,75.0,5.0,4.78 Lakh,2.25,4.78,False,True,True,15,0.12458471760797343
3298,Maruti Ciaz AT ZXi,Coimbatore,2017,51210,First,19.12,1373.0,91.1,5.0,4.78 Lakh,8.89,4.78,False,True,False,8,0.4649581589958159
3299,Toyota Fortuner 4x2 AT,Mumbai,2012,87000,First,12.55,2982.0,168.5,7.0,4.78 Lakh,15.0,4.78,False,False,False,13,1.195219123505976
3300,Ford Aspire Ambiente Diesel,Kolkata,2018,17000,First,26.1,1498.0,99.0,5.0,7.56 Lakh,5.65,7.56,False,False,True,7,0.2164750957854406
3301,Maruti Ertiga ZDI,Jaipur,2014,57000,First,20.77,1248.0,88.8,7.0,4.78 Lakh,7.0,4.78,False,False,True,11,0.33702455464612424
3302,Maruti Alto 800 LXI,Hyderabad,2016,9370,First,22.74,796.0,47.3,5.0,4.78 Lakh,2.95,4.78,False,True,True,9,0.12972735268249783
3303,Honda Brio V MT,Chennai,2013,53226,First,19.4,1198.0,86.8,5.0,4.78 Lakh,3.3,4.78,False,True,True,12,0.17010309278350516
3304,Hyundai Verna Transform CRDi VGT SX ABS,Hyderabad,2010,120000,Second,16.2,1493.0,110.0,5.0,4.78 Lakh,3.5,4.78,False,False,True,15,0.2160493827160494
3305,Honda City 1.5 GXI,Jaipur,2007,75055,First,12.8,1493.0,100.0,5.0,4.78 Lakh,2.3,4.78,False,True,True,18,0.17968749999999997
3306,Hyundai Creta 1.6 CRDi SX,Coimbatore,2017,37247,First,19.67,1582.0,126.2,5.0,4.78 Lakh,13.69,4.78,False,False,True,8,0.6959837315709201
3307,Toyota Etios Liva GD,Delhi,2013,64000,First,23.59,1364.0,67.06,5.0,4.78 Lakh,3.1,4.78,False,False,True,12,0.13141161509114033
3308,Hyundai Sonata Transform 2.4 GDi MT,Mumbai,2014,12000,First,13.44,2359.0,198.25,5.0,4.78 Lakh,12.75,4.78,False,True,True,11,0.9486607142857143
3309,Hyundai Creta 1.6 CRDi SX Option,Pune,2017,40158,First,19.67,1582.0,126.2,5.0,4.78 Lakh,13.75,4.78,False,False,True,8,0.6990340620233858
3310,Honda Jazz 1.2 SV i VTEC,Chennai,2017,11000,First,18.7,1199.0,88.7,5.0,4.78 Lakh,6.75,4.78,False,True,True,8,0.3609625668449198
3311,Volkswagen Vento Diesel Comfortline,Chennai,2014,70010,First,20.54,1598.0,103.6,5.0,4.78 Lakh,5.25,4.78,False,False,True,11,0.2555988315481986
3312,Mahindra XUV500 W6 2WD,Mumbai,2015,82000,First,16.0,2179.0,140.0,7.0,4.78 Lakh,8.75,4.78,False,False,True,10,0.546875
3313,Mahindra TUV 300 2015-2019 T8,Kochi,2017,57259,First,18.49,1493.0,100.0,7.0,4.78 Lakh,8.87,4.78,False,False,True,8,0.4797187669010276
3314,Honda Accord 2001-2003 2.3 VTi L AT,Bangalore,2010,84000,Second,11.1,2354.0,142.0,5.0,4.78 Lakh,6.5,4.78,False,True,False,15,0.5855855855855856
3315,Maruti Ertiga VDI,Pune,2012,168000,First,20.77,1248.0,88.76,7.0,4.78 Lakh,4.5,4.78,False,False,True,13,0.21665864227250842
3316,Mahindra Ssangyong Rexton RX5,Hyderabad,2012,73670,First,12.83,2696.0,162.0,7.0,4.78 Lakh,12.5,4.78,False,False,True,13,0.9742790335151987
3317,Toyota Fortuner 4x2 AT,Delhi,2014,89540,First,12.55,2982.0,168.5,7.0,4.78 Lakh,16.8,4.78,False,False,False,11,1.3386454183266931
3318,Maruti Ertiga ZDI,Hyderabad,2016,85423,First,20.77,1248.0,88.8,7.0,4.78 Lakh,8.75,4.78,False,False,True,9,0.4212806933076553
3319,Hyundai Elantra CRDi SX AT,Pune,2013,48823,First,19.5,1582.0,126.24,5.0,4.78 Lakh,8.5,4.78,False,False,False,12,0.4358974358974359
3320,Hyundai i10 Magna 1.2,Kolkata,2011,35082,First,20.36,1197.0,78.9,5.0,4.78 Lakh,2.21,4.78,False,True,True,14,0.10854616895874264
3321,Maruti Omni MPI STD BSIV,Jaipur,2012,126000,First,16.8,796.0,34.2,5.0,4.78 Lakh,1.6,4.78,False,True,True,13,0.09523809523809523
3322,Honda Amaze VX AT i-Vtech,Delhi,2016,19000,First,15.5,1198.0,86.7,5.0,4.78 Lakh,6.25,4.78,False,True,False,9,0.4032258064516129
3323,Honda Civic 2006-2010 1.8 V AT,Mumbai,2007,69000,Second,12.9,1799.0,130.0,5.0,4.78 Lakh,2.25,4.78,False,True,False,18,0.1744186046511628
3324,Mercedes-Benz CLA 200 CDI Sport,Kochi,2019,29836,First,17.9,2143.0,136.0,5.0,43.07 Lakh,25.75,43.07,False,False,False,6,1.4385474860335197
3325,Skoda Superb 1.8 TFSI MT,Ahmedabad,2010,48002,Second,13.14,1798.0,157.8,5.0,4.78 Lakh,6.75,4.78,False,True,True,15,0.5136986301369862
3326,Maruti Ciaz ZDi Plus SHVS,Ahmedabad,2015,52324,First,28.09,1248.0,88.5,5.0,4.78 Lakh,6.25,4.78,False,False,True,10,0.22249911000355999
3327,Ford Ecosport 1.5 DV5 MT Titanium Optional,Delhi,2013,65000,First,22.7,1498.0,89.84,5.0,4.78 Lakh,5.1,4.78,False,False,True,12,0.22466960352422907
3328,Mercedes-Benz M-Class ML 320 CDI,Mumbai,2009,66000,Second,8.7,2987.0,224.34,5.0,4.78 Lakh,10.75,4.78,False,False,False,16,1.2356321839080462
3329,Hyundai Grand i10 CRDi Sportz,Hyderabad,2016,75700,First,24.0,1120.0,70.0,5.0,4.78 Lakh,5.7,4.78,False,False,True,9,0.23750000000000002
3330,Volkswagen Vento Diesel Breeze,Bangalore,2013,43000,First,20.5,1598.0,105.0,5.0,4.78 Lakh,5.95,4.78,False,False,True,12,0.2902439024390244
3331,Chevrolet Beat Diesel LT,Kochi,2012,42706,First,25.44,936.0,56.3,5.0,4.78 Lakh,2.4,4.78,False,False,True,13,0.09433962264150943
3332,Mahindra Quanto C6,Mumbai,2013,35000,First,17.21,1493.0,100.0,7.0,4.78 Lakh,3.49,4.78,False,False,True,12,0.20278907611853575
3333,Hyundai i10 Asta 1.2 AT with Sunroof,Hyderabad,2011,54348,First,19.2,1197.0,80.0,5.0,4.78 Lakh,4.0,4.78,False,True,False,14,0.20833333333333334
3334,Toyota Etios Liva 1.4 GD,Delhi,2013,84000,First,23.59,1364.0,67.04,5.0,7.83 Lakh,3.85,7.83,False,False,True,12,0.1632047477744807
3335,Toyota Corolla Altis 2008-2013 1.8 VL AT,Mumbai,2010,63298,First,14.53,1794.0,138.1,5.0,4.78 Lakh,3.95,4.78,False,True,False,15,0.27185134205092915
3336,Hyundai i10 Magna 1.2,Jaipur,2013,75049,Second,20.36,1197.0,78.9,5.0,4.78 Lakh,3.0,4.78,False,True,True,12,0.14734774066797643
3337,Ford Figo Aspire 1.2 Ti-VCT Titanium,Kochi,2018,24237,First,18.16,1196.0,86.8,5.0,4.78 Lakh,6.7,4.78,False,True,True,7,0.368942731277533
3338,Maruti Ritz ZXi,Coimbatore,2016,22767,First,18.5,1197.0,85.8,5.0,4.78 Lakh,6.14,4.78,False,True,True,9,0.3318918918918919
3339,Hyundai i20 Sportz AT 1.4,Bangalore,2012,58000,Second,15.0,1396.0,98.6,5.0,4.78 Lakh,4.4,4.78,False,True,False,13,0.29333333333333333
3340,Maruti Swift Dzire LDI,Pune,2017,57000,First,26.59,1248.0,74.0,5.0,4.78 Lakh,4.25,4.78,False,False,True,8,0.15983452425723957
3341,BMW 7 Series 2007-2012 750Li,Kochi,2010,50161,First,8.77,4395.0,402.0,5.0,4.78 Lakh,25.93,4.78,False,True,False,15,2.9566704675028506
3342,Maruti S Cross DDiS 320 Alpha,Kolkata,2016,45000,First,22.7,1598.0,118.0,5.0,4.78 Lakh,7.0,4.78,False,False,True,9,0.30837004405286345
3343,Toyota Fortuner 4x4 AT,Coimbatore,2017,68319,First,12.55,2982.0,168.5,7.0,4.78 Lakh,25.12,4.78,False,False,False,8,2.001593625498008
3344,Hyundai EON 1.0 Magna Plus Option O,Kochi,2017,30711,First,20.3,998.0,68.05,5.0,4.78 Lakh,4.45,4.78,False,True,True,8,0.21921182266009853
3345,Hyundai i20 1.4 CRDi Magna,Kolkata,2011,38277,First,21.9,1396.0,90.0,5.0,4.78 Lakh,2.4,4.78,False,False,True,14,0.10958904109589042
3346,Volkswagen Vento Diesel Highline,Pune,2012,115000,Second,20.54,1598.0,103.6,5.0,4.78 Lakh,4.33,4.78,False,False,True,13,0.21080817916260955
3347,Maruti Swift Dzire VXi AT,Coimbatore,2017,46849,First,18.5,1197.0,83.14,5.0,4.78 Lakh,6.93,4.78,False,True,False,8,0.3745945945945946
3348,Hyundai i20 Magna 1.4 CRDi,Ahmedabad,2014,64000,First,21.9,1396.0,90.0,5.0,4.78 Lakh,4.25,4.78,False,False,True,11,0.1940639269406393
3349,Mercedes-Benz E-Class 2009-2013 E250 CDI Blue Efficiency,Pune,2010,130923,First,14.21,2143.0,203.0,5.0,4.78 Lakh,12.5,4.78,False,False,False,15,0.8796622097114707
3350,Hyundai Grand i10 Sportz,Chennai,2015,15000,First,18.9,1197.0,82.0,5.0,4.78 Lakh,4.9,4.78,False,True,True,10,0.2592592592592593
3351,Hyundai i20 1.4 CRDi Sportz,Mumbai,2014,32720,First,23.0,1396.0,90.0,5.0,4.78 Lakh,4.5,4.78,False,False,True,11,0.1956521739130435
3352,Renault KWID RXT,Jaipur,2016,12500,First,25.17,799.0,53.3,5.0,4.78 Lakh,3.0,4.78,False,True,True,9,0.11918951132300357
3353,Hyundai Xcent 1.2 Kappa AT SX Option,Chennai,2015,59800,First,16.9,1197.0,82.0,5.0,4.78 Lakh,5.8,4.78,False,True,False,10,0.3431952662721894
3354,Volkswagen Vento Petrol Highline,Pune,2011,54211,First,15.04,1598.0,103.6,5.0,4.78 Lakh,3.33,4.78,False,True,True,14,0.22140957446808512
3355,Chevrolet Cruze LTZ AT,Kochi,2015,62242,First,14.39,1998.0,163.7,5.0,4.78 Lakh,6.62,4.78,False,False,False,10,0.4600416956219597
3356,Nissan Terrano XL 110 PS,Mumbai,2015,54000,Second,19.01,1461.0,108.5,5.0,4.78 Lakh,5.75,4.78,False,False,True,10,0.30247238295633877
3357,Hyundai Verna 1.6 SX,Hyderabad,2012,65000,First,22.32,1582.0,126.32,5.0,4.78 Lakh,6.2,4.78,False,False,True,13,0.2777777777777778
3358,Maruti Celerio VXI AMT,Chennai,2015,55000,First,23.1,998.0,67.04,5.0,6 Lakh,3.5,6.0,False,True,False,10,0.15151515151515152
3359,Maruti Wagon R LXI,Pune,2010,71000,First,18.9,998.0,67.1,5.0,4.78 Lakh,2.0,4.78,False,True,True,15,0.10582010582010583
3360,Hyundai i20 Magna Optional 1.4 CRDi,Chennai,2012,70000,First,21.9,1396.0,88.8,5.0,4.78 Lakh,4.0,4.78,False,False,True,13,0.18264840182648404
3361,Audi A4 1.8 TFSI,Mumbai,2011,53000,First,12.3,1781.0,163.2,5.0,4.78 Lakh,9.5,4.78,False,True,False,14,0.7723577235772358
3362,BMW X1 sDrive20d,Mumbai,2013,43000,First,17.05,1995.0,184.0,5.0,4.78 Lakh,17.5,4.78,False,False,False,12,1.0263929618768328
3363,Skoda Rapid 1.6 MPI AT Elegance Plus,Mumbai,2015,54000,First,14.3,1598.0,103.52,5.0,4.78 Lakh,6.11,4.78,False,True,False,10,0.42727272727272725
3364,Hyundai i10 Magna,Ahmedabad,2014,51000,First,20.36,1197.0,78.9,5.0,4.78 Lakh,3.75,4.78,False,True,True,11,0.18418467583497053
3365,Mitsubishi Pajero 2.8 GLX CRZ,Hyderabad,2007,78000,Second,10.5,2835.0,107.2,6.0,4.78 Lakh,6.2,4.78,False,False,True,18,0.5904761904761905
3366,Honda City i DTEC SV,Mumbai,2014,25000,First,26.0,1498.0,98.6,5.0,4.78 Lakh,6.15,4.78,False,False,True,11,0.23653846153846156
3367,Maruti Alto K10 2010-2014 VXI,Pune,2012,12600,First,20.92,998.0,67.1,5.0,4.78 Lakh,2.4,4.78,False,True,True,13,0.11472275334608029
3368,Maruti Swift Ldi BSIII,Pune,2009,80000,Fourth & Above,17.8,1248.0,75.0,5.0,4.78 Lakh,2.15,4.78,False,False,True,16,0.12078651685393257
3369,Hyundai Grand i10 Magna,Kolkata,2016,21000,First,18.9,1197.0,82.0,5.0,4.78 Lakh,3.75,4.78,False,True,True,9,0.19841269841269843
3370,Ford Figo Petrol ZXI,Mumbai,2011,32000,Second,15.6,1196.0,70.0,5.0,4.78 Lakh,2.15,4.78,False,True,True,14,0.13782051282051283
3371,Hyundai Grand i10 SportZ Edition,Bangalore,2015,50000,First,18.9,1197.0,81.86,5.0,4.78 Lakh,4.75,4.78,False,True,True,10,0.25132275132275134
3372,Maruti SX4 Vxi BSIV,Mumbai,2010,47500,First,15.5,1586.0,103.3,5.0,4.78 Lakh,2.45,4.78,False,True,True,15,0.15806451612903227
3373,Honda City i-VTEC VX,Mumbai,2017,7500,First,17.4,1497.0,117.3,5.0,13.76 Lakh,11.15,13.76,False,True,True,8,0.6408045977011495
3374,Renault Duster 110PS Diesel RxZ AMT,Jaipur,2016,68163,First,19.6,1461.0,108.45,5.0,14.11 Lakh,8.9,14.11,False,False,False,9,0.45408163265306123
3375,Honda Amaze S i-Dtech,Ahmedabad,2014,61000,First,25.8,1498.0,98.6,5.0,4.78 Lakh,4.35,4.78,False,False,True,11,0.1686046511627907
3376,Toyota Innova 2.5 Z Diesel 7 Seater,Jaipur,2015,100000,Second,12.99,2494.0,100.6,7.0,4.78 Lakh,12.0,4.78,False,False,True,10,0.9237875288683602
3377,BMW 3 Series 320d Highline,Mumbai,2009,61500,Second,16.07,1995.0,181.0,5.0,4.78 Lakh,8.5,4.78,False,False,False,16,0.5289359054138145
3378,Hyundai i10 Magna 1.1 iTech SE,Kochi,2017,42883,First,19.81,1086.0,68.05,5.0,4.78 Lakh,4.27,4.78,False,True,True,8,0.21554770318021202
3379,Renault Duster 85PS Diesel RxL Optional with Nav,Jaipur,2012,97000,Second,20.45,1461.0,83.8,5.0,4.78 Lakh,4.25,4.78,False,False,True,13,0.2078239608801956
3380,Mitsubishi Outlander 2.4,Bangalore,2010,39525,First,11.3,2360.0,170.0,5.0,4.78 Lakh,9.25,4.78,False,True,False,15,0.8185840707964601
3381,Maruti Vitara Brezza LDi,Kochi,2017,35384,First,24.3,1248.0,88.5,5.0,9.12 Lakh,8.61,9.12,False,False,True,8,0.35432098765432096
3382,Mercedes-Benz R-Class R350 CDI 4MATIC,Hyderabad,2010,46000,First,11.8,2987.0,261.0,7.0,4.78 Lakh,28.0,4.78,False,False,False,15,2.3728813559322033
3383,Ford EcoSport 1.5 Diesel Titanium,Coimbatore,2018,32189,First,23.0,1498.0,98.96,5.0,11.2 Lakh,9.25,11.2,False,False,True,7,0.40217391304347827
3384,Hyundai Verna 1.6 CRDI AT SX Option,Chennai,2016,27000,First,19.08,1582.0,126.2,5.0,4.78 Lakh,8.6,4.78,False,False,False,9,0.4507337526205451
3385,Volkswagen Polo 1.2 MPI Highline,Coimbatore,2018,22734,First,16.47,1198.0,74.0,5.0,4.78 Lakh,7.53,4.78,False,True,True,7,0.45719489981785066
3386,Renault Duster 110PS Diesel RxL,Mumbai,2014,58002,First,19.64,1461.0,108.45,5.0,4.78 Lakh,5.75,4.78,False,False,True,11,0.29276985743380857
3387,Honda Brio S Option AT,Chennai,2012,31500,First,16.5,1198.0,86.8,5.0,4.78 Lakh,4.15,4.78,False,True,False,13,0.2515151515151515
3388,Ford Figo 2015-2019 1.2P Titanium MT,Coimbatore,2017,30933,First,18.16,1196.0,86.8,5.0,4.78 Lakh,5.84,4.78,False,True,True,8,0.32158590308370044
3389,Audi A6 2.0 TDI Design Edition,Kolkata,2012,27090,First,18.53,1968.0,187.74,5.0,4.78 Lakh,16.5,4.78,False,False,False,13,0.8904479222881813
3390,BMW X5 2014-2019 xDrive 30d Design Pure Experience 7 Seater,Mumbai,2015,29500,First,15.97,2993.0,258.0,7.0,4.78 Lakh,43.0,4.78,False,False,False,10,2.6925485284909203
3391,Hyundai i10 Sportz Option,Pune,2013,45000,First,20.36,1197.0,78.9,5.0,4.78 Lakh,3.55,4.78,False,True,True,12,0.1743614931237721
3392,Hyundai i20 1.2 Asta Option,Hyderabad,2018,11691,First,18.6,1197.0,81.83,5.0,4.78 Lakh,8.9,4.78,False,True,True,7,0.47849462365591394
3393,Skoda Octavia L and K 1.9 TDI MT,Hyderabad,2006,121000,Second,16.4,1896.0,90.0,5.0,4.78 Lakh,2.5,4.78,False,False,True,19,0.15243902439024393
3394,Hyundai Verna Transform SX VGT CRDi,Hyderabad,2010,118077,First,16.2,1493.0,110.0,5.0,4.78 Lakh,3.85,4.78,False,False,True,15,0.23765432098765435
3395,Hyundai Verna 1.6 SX VTVT (O) AT,Chennai,2012,36300,Third,17.1,1591.0,121.4,5.0,4.78 Lakh,7.5,4.78,False,True,False,13,0.43859649122807015
3396,Hyundai Getz GVS,Mumbai,2005,90000,Second,15.3,1341.0,61.0,5.0,4.78 Lakh,1.8,4.78,False,True,True,20,0.11764705882352941
3397,Ford Figo Diesel EXI,Chennai,2010,78000,First,20.0,1399.0,68.0,5.0,4.78 Lakh,2.25,4.78,False,False,True,15,0.1125
3398,Audi A6 2011-2015 35 TDI Technology,Mumbai,2015,42000,First,17.68,1968.0,174.33,5.0,4.78 Lakh,24.25,4.78,False,False,False,10,1.371606334841629
3399,Volkswagen Polo 1.2 MPI Highline,Mumbai,2015,27000,First,16.47,1198.0,74.0,5.0,4.78 Lakh,4.35,4.78,False,True,True,10,0.2641165755919854
3400,BMW X1 sDrive20d,Kolkata,2012,22000,First,17.05,1995.0,184.0,5.0,4.78 Lakh,11.5,4.78,False,False,False,13,0.6744868035190615
3401,Honda City i VTEC SV,Kolkata,2014,49000,First,17.4,1497.0,117.3,5.0,4.78 Lakh,4.75,4.78,False,True,True,11,0.27298850574712646
3402,Hyundai i20 Sportz Option Diesel,Hyderabad,2012,42600,First,23.0,1396.0,90.0,5.0,4.78 Lakh,4.99,4.78,False,False,True,13,0.21695652173913044
3403,Honda Jazz 1.2 V CVT i VTEC,Coimbatore,2018,12794,First,19.0,1199.0,88.7,5.0,4.78 Lakh,9.15,4.78,False,True,False,7,0.48157894736842105
3404,Maruti Swift 1.3 VXi,Jaipur,2006,125000,Fourth & Above,16.1,1197.0,74.0,5.0,4.78 Lakh,2.35,4.78,False,True,True,19,0.14596273291925466
3405,Honda CR-V 2.4 AT,Hyderabad,2014,88046,First,10.1,2354.0,152.0,5.0,4.78 Lakh,13.99,4.78,False,True,False,11,1.3851485148514853
3406,Mercedes-Benz A Class A180 CDI,Bangalore,2014,8000,Second,20.0,2143.0,107.3,5.0,4.78 Lakh,19.75,4.78,False,False,False,11,0.9875
3407,Mahindra XUV500 AT W10 AWD,Coimbatore,2018,82739,First,16.0,2179.0,140.0,7.0,4.78 Lakh,16.77,4.78,False,False,False,7,1.048125
3408,Mahindra Bolero SLX 2WD,Bangalore,2006,193000,Third,13.6,2523.0,63.0,7.0,4.78 Lakh,2.5,4.78,False,False,True,19,0.18382352941176472
3409,Renault Scala RxL AT,Mumbai,2013,7000,First,17.97,1498.0,99.6,5.0,4.78 Lakh,3.65,4.78,False,True,False,12,0.20311630495269895
3410,Land Rover Freelander 2 HSE SD4,Ahmedabad,2012,60000,Second,12.35,2179.0,187.74,5.0,4.78 Lakh,23.5,4.78,False,False,False,13,1.902834008097166
3411,Maruti Alto 800 VXI,Pune,2017,38000,First,22.74,796.0,47.3,5.0,4.78 Lakh,3.11,4.78,False,True,True,8,0.13676341248900617
3412,Toyota Etios G,Kochi,2013,56344,First,17.6,1496.0,88.73,5.0,4.78 Lakh,4.57,4.78,False,True,True,12,0.2596590909090909
3413,Hyundai i20 Sportz Option,Mumbai,2014,17858,First,17.0,1197.0,80.0,5.0,4.78 Lakh,5.32,4.78,False,True,True,11,0.3129411764705883
3414,Hyundai i10 Sportz,Hyderabad,2012,53000,First,20.36,1197.0,78.9,5.0,4.78 Lakh,3.2,4.78,False,True,True,13,0.15717092337917488
3415,Maruti Swift VDI BSIV,Kochi,2016,67906,First,25.2,1248.0,74.0,5.0,4.78 Lakh,5.63,4.78,False,False,True,9,0.22341269841269842
3416,Hyundai EON Magna Plus,Hyderabad,2015,19000,First,21.1,814.0,55.2,5.0,4.78 Lakh,3.0,4.78,False,True,True,10,0.14218009478672985
3417,BMW 3 Series 320d,Mumbai,2010,67000,Second,22.69,1995.0,190.0,5.0,47.87 Lakh,9.25,47.87,False,False,False,15,0.4076685764654032
3418,Tata Indigo XL Classic Dicor,Delhi,2011,80000,First,23.57,1396.0,70.0,5.0,4.78 Lakh,1.2,4.78,False,False,True,14,0.050912176495545185
3419,Maruti Alto 800 LXI,Delhi,2015,61000,First,22.74,796.0,47.3,5.0,4.78 Lakh,2.15,4.78,False,True,True,10,0.09454705364995603
3420,Volkswagen Polo Diesel Highline 1.2L,Pune,2010,39000,First,22.07,1199.0,73.9,5.0,4.78 Lakh,3.05,4.78,False,False,True,15,0.13819664703217036
3421,Toyota Corolla Altis VL AT,Ahmedabad,2014,59000,First,14.28,1798.0,138.03,5.0,4.78 Lakh,11.5,4.78,False,True,False,11,0.8053221288515406
3422,Hyundai Santro Xing GLS,Hyderabad,2008,80931,First,17.92,1086.0,62.1,5.0,4.78 Lakh,2.3,4.78,False,True,True,17,0.12834821428571427
3423,Maruti Swift ZXI,Kolkata,2016,34000,First,20.4,1197.0,81.8,5.0,4.78 Lakh,4.95,4.78,False,True,True,9,0.24264705882352944
3424,Renault Scala Diesel RxL,Hyderabad,2013,130000,First,21.64,1461.0,84.8,5.0,4.78 Lakh,4.75,4.78,False,False,True,12,0.21950092421441775
3425,Maruti Vitara Brezza ZDi Plus,Coimbatore,2018,52380,First,24.3,1248.0,88.5,5.0,12.47 Lakh,10.15,12.47,False,False,True,7,0.4176954732510288
3426,Nissan Micra XV,Kolkata,2011,44000,First,18.06,1198.0,75.0,5.0,4.78 Lakh,2.65,4.78,False,True,True,14,0.14673311184939092
3427,Ford Figo Diesel EXI,Hyderabad,2015,84000,First,20.0,1399.0,68.05,5.0,4.78 Lakh,3.8,4.78,False,False,True,10,0.19
3428,Honda CR-V 2.0 AT,Kochi,2017,41697,First,13.1,1997.0,141.1,5.0,4.78 Lakh,16.68,4.78,False,True,False,8,1.2732824427480915
3429,Nissan Terrano XV 110 PS,Pune,2014,163000,First,19.01,1461.0,108.5,5.0,4.78 Lakh,5.0,4.78,False,False,True,11,0.2630194634402946
3430,Toyota Etios Liva 1.2 G,Chennai,2011,42000,Second,17.71,1197.0,78.9,5.0,6.51 Lakh,3.75,6.51,False,True,True,14,0.21174477696216826
3431,Hyundai i20 Asta 1.4 CRDi,Jaipur,2013,129000,Third,21.27,1396.0,88.76,5.0,4.78 Lakh,4.11,4.78,False,False,True,12,0.19322990126939354
3432,Ford Figo Aspire 1.2 Ti-VCT Ambiente,Chennai,2015,32200,Second,18.16,1196.0,86.8,5.0,4.78 Lakh,4.25,4.78,False,True,True,10,0.23403083700440527
3433,Mitsubishi Pajero 2.8 GLX CRZ,Mumbai,2004,129000,First,10.5,2835.0,107.2,6.0,4.78 Lakh,3.45,4.78,False,False,True,21,0.32857142857142857
3434,Audi A4 2.0 TDI 177 Bhp Premium Plus,Bangalore,2014,40000,First,17.11,1968.0,174.33,5.0,4.78 Lakh,22.5,4.78,False,False,False,11,1.3150204558737582
3435,Toyota Innova 2.0 E,Delhi,2006,150000,First,12.4,1998.0,132.0,8.0,4.78 Lakh,4.5,4.78,False,True,True,19,0.3629032258064516
3436,Chevrolet Aveo U-VA 1.2 LS,Jaipur,2007,140000,First,15.26,1150.0,74.9,5.0,4.78 Lakh,0.9,4.78,False,True,True,18,0.05897771952817825
3437,Hyundai Getz GLS,Hyderabad,2006,63181,First,15.3,1341.0,83.0,5.0,4.78 Lakh,1.85,4.78,False,True,True,19,0.12091503267973856
3438,Honda Amaze S i-Dtech,Kolkata,2013,39575,First,25.8,1498.0,98.6,5.0,4.78 Lakh,3.25,4.78,False,False,True,12,0.12596899224806202
3440,Ford Ecosport 1.5 DV5 MT Titanium Optional,Coimbatore,2014,70374,First,22.7,1498.0,89.84,5.0,4.78 Lakh,7.34,4.78,False,False,True,11,0.3233480176211454
3441,Volkswagen CrossPolo 1.5 TDI,Kolkata,2015,26256,First,20.14,1498.0,88.5,5.0,4.78 Lakh,4.25,4.78,False,False,True,10,0.21102284011916583
3442,Hyundai Elite i20 Petrol Sportz,Delhi,2016,13460,First,18.6,1197.0,81.86,5.0,4.78 Lakh,6.45,4.78,False,True,True,9,0.34677419354838707
3443,Toyota Innova 2.5 V Diesel 8-seater,Chennai,2011,122000,Second,12.8,2494.0,102.0,8.0,4.78 Lakh,10.75,4.78,False,False,True,14,0.83984375
3444,Mercedes-Benz M-Class ML 250 CDI,Kolkata,2015,58589,First,15.26,2143.0,203.2,5.0,4.78 Lakh,27.75,4.78,False,False,False,10,1.8184796854521625
3445,Maruti Wagon R LX BSIII,Jaipur,2005,115000,Second,17.3,1061.0,64.0,5.0,4.78 Lakh,0.99,4.78,False,True,True,20,0.05722543352601156
3446,Ford Endeavour 2.2 Trend AT 4X2,Pune,2016,75000,First,12.62,2198.0,158.0,7.0,4.78 Lakh,24.0,4.78,False,False,False,9,1.9017432646592711
3447,Hyundai Elite i20 Petrol Sportz,Jaipur,2016,30292,First,18.6,1197.0,81.86,5.0,4.78 Lakh,6.1,4.78,False,True,True,9,0.32795698924731176
3448,Honda WRV i-VTEC VX,Ahmedabad,2017,32248,First,17.5,1199.0,88.7,5.0,10.32 Lakh,8.25,10.32,False,True,True,8,0.4714285714285714
3449,Volkswagen Polo Petrol Highline 1.2L,Bangalore,2013,74000,First,16.47,1198.0,73.9,5.0,4.78 Lakh,4.65,4.78,False,True,True,12,0.2823315118397086
3450,Honda CR-V 2.0L 2WD MT,Mumbai,2014,56100,First,13.7,1997.0,153.86,5.0,4.78 Lakh,9.75,4.78,False,True,True,11,0.7116788321167884
3451,Hyundai Grand i10 1.2 Kappa Asta,Bangalore,2014,61325,First,18.9,1197.0,81.86,5.0,8.1 Lakh,4.4,8.1,False,True,True,11,0.23280423280423285
3452,Maruti Swift Dzire VXI,Kolkata,2014,33000,First,19.1,1197.0,85.8,5.0,4.78 Lakh,3.99,4.78,False,True,True,11,0.2089005235602094
3453,BMW 5 Series 2003-2012 530d,Coimbatore,2016,18090,First,16.2,2993.0,258.0,5.0,4.78 Lakh,45.73,4.78,False,False,False,9,2.8228395061728393
3454,Ford Ecosport 1.5 DV5 MT Ambiente,Kochi,2014,71390,First,22.7,1498.0,89.84,5.0,4.78 Lakh,5.27,4.78,False,False,True,11,0.23215859030837002
3456,Honda City i DTec V,Ahmedabad,2016,67000,First,26.0,1498.0,98.6,5.0,4.78 Lakh,7.25,4.78,False,False,True,9,0.27884615384615385
3457,Tata Indigo LS,Chennai,2008,99000,Second,17.0,1405.0,70.0,5.0,4.78 Lakh,1.6,4.78,False,False,True,17,0.09411764705882353
3458,Renault Duster 110PS Diesel RxL,Pune,2014,142000,Second,19.01,1461.0,108.45,5.0,4.78 Lakh,6.0,4.78,False,False,True,11,0.31562335612835346
3459,Hyundai i10 Sportz,Chennai,2010,26966,First,20.36,1197.0,78.9,5.0,4.78 Lakh,3.0,4.78,False,True,True,15,0.14734774066797643
3460,Honda Jazz 1.2 SV i VTEC,Mumbai,2015,27628,First,18.7,1199.0,88.7,5.0,4.78 Lakh,4.95,4.78,False,True,True,10,0.2647058823529412
3461,Maruti SX4 S Cross DDiS 200 Zeta,Hyderabad,2016,82497,First,23.65,1248.0,88.5,5.0,4.78 Lakh,8.99,4.78,False,False,True,9,0.3801268498942918
3462,Honda Accord VTi-L MT,Mumbai,2007,86000,Third,11.9,2354.0,144.0,5.0,4.78 Lakh,1.85,4.78,False,True,True,18,0.15546218487394958
3463,Volkswagen Polo Petrol Comfortline 1.2L,Coimbatore,2016,26981,First,16.47,1198.0,73.9,5.0,4.78 Lakh,6.16,4.78,False,True,True,9,0.37401335761991505
3464,Maruti Ritz VDi,Hyderabad,2010,110471,First,21.1,1248.0,73.9,5.0,4.78 Lakh,3.5,4.78,False,False,True,15,0.16587677725118483
3465,Honda Amaze S Petrol,Jaipur,2014,69000,First,19.5,1199.0,88.76,5.0,7.52 Lakh,4.5,7.52,False,True,True,11,0.23076923076923078
3466,Hyundai i20 1.2 Asta Option,Hyderabad,2017,12000,First,18.6,1197.0,81.83,5.0,4.78 Lakh,7.75,4.78,False,True,True,8,0.41666666666666663
3467,Renault Duster 85PS Diesel RxL,Hyderabad,2014,77500,First,20.45,1461.0,83.8,5.0,4.78 Lakh,6.6,4.78,False,False,True,11,0.32273838630806845
3468,Hyundai Grand i10 Magna,Kochi,2014,48031,First,18.9,1197.0,82.0,5.0,4.78 Lakh,4.98,4.78,False,True,True,11,0.26349206349206356
3469,BMW 3 Series 320d Highline,Chennai,2008,170000,Third,16.07,1995.0,181.0,5.0,4.78 Lakh,9.75,4.78,False,False,False,17,0.6067205973864344
3470,Ford Ecosport 1.5 DV5 MT Trend,Mumbai,2014,69565,First,22.7,1498.0,89.84,5.0,4.78 Lakh,5.55,4.78,False,False,True,11,0.2444933920704846
3471,Volkswagen Vento 1.5 TDI Highline AT,Hyderabad,2016,45492,First,21.5,1498.0,108.5,5.0,15.68 Lakh,10.3,15.68,False,False,False,9,0.4790697674418605
3472,Honda Accord 2.4 AT,Chennai,2011,85000,Second,11.7,2354.0,177.6,5.0,4.78 Lakh,7.5,4.78,False,True,False,14,0.6410256410256411
3473,Chevrolet Aveo 1.4,Hyderabad,2008,55902,First,14.49,1399.0,92.7,5.0,4.78 Lakh,1.8,4.78,False,True,True,17,0.12422360248447205
3474,Volkswagen Polo 1.2 MPI Highline Plus,Hyderabad,2017,18500,First,16.2,1199.0,74.0,5.0,4.78 Lakh,6.25,4.78,False,True,True,8,0.38580246913580246
3475,Mahindra Xylo D4 BS III,Hyderabad,2015,129750,Second,14.95,2489.0,93.7,7.0,4.78 Lakh,6.8,4.78,False,False,True,10,0.4548494983277592
3476,Hyundai i10 Magna AT,Hyderabad,2009,50902,First,19.2,1197.0,80.0,5.0,4.78 Lakh,3.0,4.78,False,True,False,16,0.15625
3477,Mahindra XUV500 W8 4WD,Coimbatore,2015,84725,First,15.1,2179.0,140.0,7.0,4.78 Lakh,11.6,4.78,False,False,True,10,0.7682119205298014
3478,Hyundai Elantra CRDi SX,Mumbai,2013,40000,Second,22.7,1582.0,126.24,5.0,4.78 Lakh,6.95,4.78,False,False,True,12,0.30616740088105726
3479,Volkswagen Passat 1.8 TSI MT,Mumbai,2010,60000,Third,14.3,1798.0,160.0,5.0,4.78 Lakh,3.5,4.78,False,True,True,15,0.24475524475524474
3480,Hyundai Grand i10 1.2 Kappa Sportz,Coimbatore,2014,33496,First,18.9,1197.0,81.86,5.0,7.45 Lakh,5.5,7.45,False,True,True,11,0.29100529100529104
3481,Hyundai i20 Asta Option 1.2,Mumbai,2015,25000,First,18.6,1197.0,81.83,5.0,4.78 Lakh,5.65,4.78,False,True,True,10,0.30376344086021506
3482,Chevrolet Enjoy TCDi LS 8 Seater,Ahmedabad,2013,71000,First,18.2,1248.0,73.8,8.0,4.78 Lakh,3.25,4.78,False,False,True,12,0.17857142857142858
3483,Skoda Rapid 1.6 MPI AT Ambition Plus Alloy,Coimbatore,2015,20826,First,14.3,1598.0,103.6,5.0,4.78 Lakh,7.72,4.78,False,True,False,10,0.5398601398601398
3484,Hyundai Creta 1.6 CRDi SX,Pune,2016,42244,First,19.67,1582.0,126.2,5.0,4.78 Lakh,12.0,4.78,False,False,True,9,0.6100660904931368
3485,Chevrolet Beat Diesel PS,Jaipur,2013,98598,First,25.44,936.0,57.6,5.0,4.78 Lakh,1.55,4.78,False,False,True,12,0.06092767295597484
3486,Toyota Fortuner 3.0 Diesel,Delhi,2011,62100,First,11.5,2982.0,171.0,7.0,4.78 Lakh,10.75,4.78,False,False,True,14,0.9347826086956522
3487,Hyundai i20 Sportz Option 1.2,Coimbatore,2016,44238,First,18.6,1197.0,81.83,5.0,4.78 Lakh,6.72,4.78,False,True,True,9,0.36129032258064514
3488,Audi Q7 3.0 TDI quattro,Coimbatore,2012,91743,First,12.07,2967.0,241.4,7.0,4.78 Lakh,28.55,4.78,False,False,False,13,2.365368682684341
3489,Porsche Panamera Diesel,Bangalore,2013,19828,Second,17.85,2967.0,300.0,4.0,4.78 Lakh,75.0,4.78,False,False,False,12,4.201680672268907
3490,Honda City i VTEC VX,Hyderabad,2016,36891,First,17.8,1497.0,117.3,5.0,4.78 Lakh,10.49,4.78,False,True,True,9,0.5893258426966292
3491,Mahindra Quanto C4,Hyderabad,2012,90049,First,17.21,1493.0,100.0,7.0,4.78 Lakh,3.8,4.78,False,False,True,13,0.220801859384079
3492,Audi A4 2.0 TDI Multitronic,Ahmedabad,2012,74002,First,16.55,1968.0,140.0,5.0,4.78 Lakh,18.5,4.78,False,False,False,13,1.1178247734138973
3493,Hyundai Sonata Transform 2.4 GDi AT,Kolkata,2013,41000,First,12.37,2359.0,198.25,5.0,4.78 Lakh,6.0,4.78,False,True,False,12,0.4850444624090542
3494,Hyundai Verna 1.6 SX,Hyderabad,2012,83678,First,22.32,1582.0,126.32,5.0,4.78 Lakh,5.5,4.78,False,False,True,13,0.246415770609319
3495,Maruti Wagon R LXI BS IV,Pune,2010,91000,First,18.9,998.0,67.1,5.0,4.78 Lakh,2.3,4.78,False,True,True,15,0.12169312169312169
3496,Maruti Ertiga SHVS ZDI Plus,Jaipur,2016,50000,First,24.52,1248.0,88.5,7.0,4.78 Lakh,8.7,4.78,False,False,True,9,0.3548123980424143
3497,Hyundai Xcent 1.1 CRDi S Option,Delhi,2015,58000,First,24.4,1120.0,71.01,5.0,4.78 Lakh,4.95,4.78,False,False,True,10,0.20286885245901642
3498,Maruti Swift VDI,Jaipur,2012,80000,First,22.9,1248.0,74.0,5.0,4.78 Lakh,4.25,4.78,False,False,True,13,0.18558951965065504
3499,Mahindra XUV500 W6 2WD,Kochi,2017,41290,Second,16.0,2179.0,140.0,7.0,4.78 Lakh,10.94,4.78,False,False,True,8,0.68375
3500,BMW 5 Series 520d Luxury Line,Delhi,2013,65000,First,22.48,1995.0,190.0,5.0,67.87 Lakh,21.26,67.87,False,False,False,12,0.9457295373665481
3501,Toyota Corolla Altis 1.8 G,Bangalore,2016,16471,Second,14.28,1798.0,138.03,5.0,20.48 Lakh,11.5,20.48,False,True,True,9,0.8053221288515406
3502,Hyundai i20 Asta 1.4 CRDi,Pune,2015,54339,Second,22.54,1396.0,88.73,5.0,4.78 Lakh,6.0,4.78,False,False,True,10,0.26619343389529726
3503,Mahindra KUV 100 mFALCON G80 K2,Hyderabad,2016,24025,First,18.15,1198.0,82.0,6.0,4.78 Lakh,4.1,4.78,False,True,True,9,0.22589531680440772
3504,Maruti Alto 800 2016-2019 LXI,Kolkata,2013,24027,First,24.7,796.0,47.3,5.0,4.78 Lakh,2.01,4.78,False,True,True,12,0.08137651821862348
3505,Fiat Punto EVO 1.2 Emotion,Hyderabad,2010,59270,First,15.7,1172.0,67.0,5.0,4.78 Lakh,2.6,4.78,False,True,True,15,0.1656050955414013
3506,Maruti Wagon R VXI BS IV,Kolkata,2012,40000,First,18.9,998.0,67.1,5.0,4.78 Lakh,2.35,4.78,False,True,True,13,0.12433862433862436
3507,Mitsubishi Pajero 4X4 LHD,Bangalore,2012,155566,Second,9.5,2835.0,118.6,6.0,4.78 Lakh,9.15,4.78,False,False,True,13,0.9631578947368421
3508,Honda Brio EX MT,Chennai,2013,42320,First,19.4,1198.0,86.8,5.0,4.78 Lakh,2.9,4.78,False,True,True,12,0.14948453608247422
3509,Hyundai i20 Asta Option 1.4 CRDi,Coimbatore,2017,24153,Second,22.54,1396.0,88.73,5.0,4.78 Lakh,9.18,4.78,False,False,True,8,0.4072759538598048
3510,Hyundai Creta 1.6 SX Plus Petrol Automatic,Mumbai,2016,27000,First,13.0,1591.0,121.3,5.0,4.78 Lakh,11.45,4.78,False,True,False,9,0.8807692307692307
3512,Honda Amaze S i-VTEC,Kochi,2017,61795,First,17.8,1198.0,86.7,5.0,4.78 Lakh,5.53,4.78,False,True,True,8,0.3106741573033708
3513,Mahindra KUV 100 mFALCON G80 K6 Plus,Chennai,2016,13500,First,18.15,1198.0,82.0,6.0,4.78 Lakh,3.75,4.78,False,True,True,9,0.2066115702479339
3514,Honda City i-VTEC CVT VX,Pune,2018,4500,First,18.0,1497.0,117.3,5.0,15.17 Lakh,12.5,15.17,False,True,False,7,0.6944444444444444
3515,Mahindra XUV500 AT W10 FWD,Mumbai,2017,23000,First,16.0,2179.0,140.0,7.0,4.78 Lakh,15.5,4.78,False,False,False,8,0.96875
3517,Mercedes-Benz New C-Class 220 CDI AT,Mumbai,2013,80578,Second,14.84,2143.0,170.0,5.0,4.78 Lakh,14.5,4.78,False,False,False,12,0.977088948787062
3518,Renault Duster 110PS Diesel RxZ AMT,Coimbatore,2017,42646,First,19.6,1461.0,108.45,5.0,15.05 Lakh,12.46,15.05,False,False,False,8,0.6357142857142857
3519,Volkswagen Polo 1.2 MPI Comfortline,Bangalore,2014,30000,Second,16.47,1198.0,74.0,5.0,4.78 Lakh,5.25,4.78,False,True,True,11,0.31876138433515483
3520,BMW 5 Series 520d Sedan,Delhi,2012,90000,First,18.48,1197.0,74.0,5.0,4.78 Lakh,14.5,4.78,False,False,False,13,0.7846320346320346
3521,Mercedes-Benz S Class 2005 2013 S 350 CDI,Bangalore,2009,98000,Second,13.5,2987.0,282.0,5.0,4.78 Lakh,25.0,4.78,False,False,False,16,1.8518518518518519
3522,Hyundai Santro GLS II - Euro II,Kochi,2012,66400,First,0.0,1197.0,74.0,5.0,4.78 Lakh,2.66,4.78,False,True,True,13,
3523,Jaguar XJ 3.0L Premium Luxury,Hyderabad,2012,50000,First,12.9,2993.0,271.23,4.0,4.78 Lakh,45.0,4.78,False,False,False,13,3.488372093023256
3524,Maruti Swift VDI,Jaipur,2015,63310,First,28.4,1248.0,74.0,5.0,8.13 Lakh,5.1,8.13,False,False,True,10,0.17957746478873238
3525,Honda Amaze S i-Dtech,Delhi,2014,66000,First,25.8,1498.0,98.6,5.0,4.78 Lakh,3.5,4.78,False,False,True,11,0.13565891472868216
3526,BMW 3 Series 320d Highline,Ahmedabad,2011,74000,Second,16.07,1995.0,181.0,5.0,4.78 Lakh,12.5,4.78,False,False,False,14,0.7778469197261979
3527,Hyundai Verna 1.4 EX,Hyderabad,2012,93000,First,23.5,1396.0,88.7,5.0,4.78 Lakh,5.55,4.78,False,False,True,13,0.23617021276595743
3528,Toyota Fortuner 4x2 4 Speed AT,Delhi,2015,70000,First,11.5,2982.0,169.0,7.0,4.78 Lakh,19.48,4.78,False,False,False,10,1.693913043478261
3529,Maruti Swift VXI,Ahmedabad,2012,48772,First,18.6,1197.0,85.8,5.0,4.78 Lakh,3.91,4.78,False,True,True,13,0.21021505376344085
3530,Chevrolet Beat LS,Chennai,2010,66000,First,18.6,1199.0,79.4,5.0,4.78 Lakh,2.19,4.78,False,True,True,15,0.11774193548387095
3531,Hyundai Grand i10 Asta Option AT,Coimbatore,2017,27417,First,18.9,1197.0,82.0,5.0,4.78 Lakh,6.89,4.78,False,True,False,8,0.36455026455026457
3532,Ford Figo Petrol ZXI,Coimbatore,2011,51593,Second,15.6,1196.0,70.0,5.0,4.78 Lakh,3.47,4.78,False,True,True,14,0.22243589743589745
3534,Maruti Swift VXI BSIII,Pune,2010,75000,First,16.1,1298.0,88.2,5.0,4.78 Lakh,2.85,4.78,False,True,True,15,0.17701863354037267
3535,Audi A4 35 TDI Premium,Coimbatore,2016,39237,First,17.11,1968.0,174.33,5.0,4.78 Lakh,25.64,4.78,False,False,False,9,1.4985388661601404
3536,Honda City V MT,Kochi,2018,11966,First,16.8,1497.0,116.3,5.0,4.78 Lakh,10.28,4.78,False,True,True,7,0.6119047619047618
3537,Honda Jazz V,Hyderabad,2015,37000,First,18.2,1199.0,88.7,5.0,8.79 Lakh,6.3,8.79,False,True,True,10,0.34615384615384615
3538,Volkswagen Polo 1.5 TDI Highline,Chennai,2014,70920,First,20.14,1498.0,88.8,5.0,4.78 Lakh,4.75,4.78,False,False,True,11,0.2358490566037736
3539,Nissan Terrano XL D Option,Hyderabad,2013,65280,First,19.87,1461.0,83.14,5.0,14.72 Lakh,5.8,14.72,False,False,True,12,0.29189733266230494
3540,Land Rover Discovery Sport SD4 HSE Luxury 7S,Hyderabad,2016,62000,First,12.51,2179.0,187.7,7.0,4.78 Lakh,44.5,4.78,False,False,False,9,3.557154276578737
3541,Hyundai i20 Magna Optional 1.2,Kochi,2014,44525,First,18.5,1197.0,82.9,5.0,4.78 Lakh,4.65,4.78,False,True,True,11,0.2513513513513514
3542,Honda City 1.5 E MT,Jaipur,2009,86863,First,17.0,1497.0,118.0,5.0,4.78 Lakh,3.6,4.78,False,True,True,16,0.21176470588235294
3543,Mahindra XUV500 W10 AWD,Hyderabad,2015,102626,First,16.0,2179.0,140.0,7.0,4.78 Lakh,12.25,4.78,False,False,True,10,0.765625
3544,Jeep Compass 2.0 Limited Option 4X4,Jaipur,2017,45000,First,16.3,1956.0,170.0,5.0,25.54 Lakh,20.0,25.54,False,False,True,8,1.2269938650306749
3545,Mahindra XUV500 W10 AWD,Jaipur,2017,22000,First,16.0,2179.0,140.0,7.0,4.78 Lakh,16.0,4.78,False,False,True,8,1.0
3546,Mahindra Scorpio VLX 4WD AIRBAG AT BSIV,Coimbatore,2011,108905,Second,11.79,2179.0,120.0,8.0,4.78 Lakh,6.21,4.78,False,False,False,14,0.5267175572519084
3547,Datsun GO Plus T,Kolkata,2016,12800,First,19.44,1198.0,67.0,7.0,4.78 Lakh,3.25,4.78,False,True,True,9,0.16718106995884774
3548,Mahindra Scorpio S6 Plus 7 Seater,Kolkata,2016,32000,First,15.4,2179.0,120.0,7.0,4.78 Lakh,9.75,4.78,False,False,True,9,0.6331168831168831
3549,Honda Amaze S AT i-Vtech,Mumbai,2014,39000,First,15.5,1198.0,86.7,5.0,4.78 Lakh,4.45,4.78,False,True,False,11,0.2870967741935484
3550,Honda City i-DTEC ZX,Pune,2017,42000,First,25.6,1498.0,98.6,5.0,16.84 Lakh,12.0,16.84,False,False,True,8,0.46875
3551,Tata Indigo GLE,Chennai,2008,73000,First,14.4,1396.0,65.0,5.0,4.78 Lakh,0.8,4.78,False,True,True,17,0.05555555555555556
3552,Hyundai Grand i10 1.2 CRDi Sportz,Chennai,2018,48000,First,24.0,1186.0,73.97,5.0,8.28 Lakh,5.95,8.28,False,False,True,7,0.24791666666666667
3554,Hyundai Verna 1.4 CX VTVT,Kolkata,2014,19000,First,17.43,1396.0,105.5,5.0,4.78 Lakh,5.25,4.78,False,True,True,11,0.30120481927710846
3555,Toyota Innova Crysta 2.4 VX MT,Coimbatore,2019,33598,First,13.68,2393.0,147.8,7.0,23.94 Lakh,22.2,23.94,False,False,True,6,1.6228070175438596
3556,BMW X1 sDrive20d,Jaipur,2012,63000,First,17.05,1995.0,184.0,5.0,4.78 Lakh,13.5,4.78,False,False,False,13,0.7917888563049853
3557,Volkswagen Jetta 2013-2015 2.0L TDI Highline AT,Chennai,2015,48000,First,16.96,1968.0,138.03,5.0,4.78 Lakh,13.5,4.78,False,False,False,10,0.7959905660377358
3558,Ford Figo Diesel ZXI,Delhi,2014,66000,First,20.0,1399.0,68.05,5.0,4.78 Lakh,3.47,4.78,False,False,True,11,0.17350000000000002
3559,Mahindra Ssangyong Rexton RX7,Ahmedabad,2013,80000,Second,11.18,2696.0,184.0,7.0,4.78 Lakh,9.5,4.78,False,False,False,12,0.8497316636851521
3560,Volkswagen Vento Petrol Highline,Chennai,2011,37000,First,15.04,1598.0,103.6,5.0,4.78 Lakh,4.8,4.78,False,True,True,14,0.3191489361702128
3561,Skoda Rapid 1.6 MPI Ambition With Alloy Wheel,Kochi,2016,35058,First,15.0,1598.0,103.52,5.0,4.78 Lakh,6.54,4.78,False,True,True,9,0.436
3562,Volkswagen Polo Petrol Comfortline 1.2L,Delhi,2012,52000,First,16.47,1198.0,73.9,5.0,4.78 Lakh,3.1,4.78,False,True,True,13,0.18822100789313906
3563,Maruti S Cross DDiS 200 Delta,Hyderabad,2015,61313,First,23.65,1248.0,88.5,5.0,4.78 Lakh,7.99,4.78,False,False,True,10,0.3378435517970402
3564,Toyota Corolla Altis G,Kolkata,2009,45000,Second,14.53,1798.0,138.1,5.0,4.78 Lakh,3.3,4.78,False,True,True,16,0.22711631108052305
3565,Maruti Ertiga ZDI,Bangalore,2015,74000,First,20.77,1248.0,88.8,7.0,4.78 Lakh,8.75,4.78,False,False,True,10,0.4212806933076553
3566,Hyundai i10 Asta Sunroof AT,Hyderabad,2013,89000,First,19.2,1197.0,80.0,5.0,4.78 Lakh,4.19,4.78,False,True,False,12,0.2182291666666667
3567,Mercedes-Benz CLA 200 CDI Sport,Kochi,2019,13414,First,17.9,2143.0,136.0,5.0,43.07 Lakh,30.77,43.07,False,False,False,6,1.7189944134078214
3568,Honda City ZX VTEC,Jaipur,2006,95000,Second,16.9,1497.0,100.0,5.0,4.78 Lakh,2.11,4.78,False,True,True,19,0.12485207100591716
3569,Mahindra KUV 100 G80 K8,Jaipur,2018,15900,First,18.15,1198.0,82.0,6.0,7.88 Lakh,6.25,7.88,False,True,True,7,0.34435261707988984
3570,Toyota Fortuner 3.0 Diesel,Delhi,2011,151000,First,11.5,2982.0,171.0,7.0,4.78 Lakh,11.4,4.78,False,False,True,14,0.991304347826087
3571,Honda City 1.5 V MT,Bangalore,2011,65000,First,17.0,1497.0,118.0,5.0,4.78 Lakh,5.2,4.78,False,True,True,14,0.3058823529411765
3572,Audi A6 35 TDI Matrix,Coimbatore,2017,36824,First,18.53,1968.0,187.74,5.0,69.37 Lakh,39.84,69.37,False,False,False,8,2.1500269832703722
3573,Ford Figo Diesel ZXI,Coimbatore,2013,65287,First,20.0,1399.0,68.05,5.0,4.78 Lakh,4.45,4.78,False,False,True,12,0.2225
3574,Mercedes-Benz GLA Class 200 CDI,Kolkata,2014,52000,First,17.9,2143.0,136.0,5.0,4.78 Lakh,19.5,4.78,False,False,False,11,1.0893854748603353
3575,Chevrolet Aveo U-VA 1.2 LS,Hyderabad,2007,33000,First,15.26,1150.0,74.9,5.0,4.78 Lakh,1.75,4.78,False,True,True,18,0.11467889908256881
3576,Ford Figo 2015-2019 1.5D Titanium MT,Hyderabad,2016,71000,First,25.83,1498.0,99.0,5.0,4.78 Lakh,5.1,4.78,False,False,True,9,0.19744483159117304
3577,Hyundai Elantra CRDi SX AT,Delhi,2013,71000,First,22.7,1582.0,126.2,5.0,4.78 Lakh,6.8,4.78,False,False,False,12,0.29955947136563876
3578,Maruti Baleno Zeta CVT,Kolkata,2016,20000,First,21.4,1197.0,83.1,5.0,9.04 Lakh,5.74,9.04,False,True,False,9,0.2682242990654206
3579,Maruti Swift LXi BSIV,Hyderabad,2010,71000,First,16.1,1197.0,85.0,5.0,4.78 Lakh,3.3,4.78,False,True,True,15,0.20496894409937885
3580,Mercedes-Benz CLS-Class 2006-2010 350 CDI,Hyderabad,2010,29000,First,9.9,3498.0,271.72,4.0,4.78 Lakh,32.0,4.78,False,False,False,15,3.2323232323232323
3581,BMW 3 Series Luxury Line,Ahmedabad,2016,27000,First,21.76,1995.0,190.0,5.0,55.07 Lakh,35.0,55.07,False,False,False,9,1.6084558823529411
3582,Maruti Dzire AMT ZDI Plus,Chennai,2017,19000,First,28.4,1248.0,73.75,5.0,10.97 Lakh,8.9,10.97,False,False,False,8,0.31338028169014087
3583,Hyundai Verna 1.6 SX VTVT,Mumbai,2011,58000,Second,17.01,1591.0,121.3,5.0,4.78 Lakh,4.0,4.78,False,True,True,14,0.23515579071134624
3584,Jeep Compass 2.0 Longitude,Kochi,2018,42203,First,17.1,1956.0,170.0,5.0,21.72 Lakh,19.46,21.72,False,False,True,7,1.1380116959064328
3585,Hyundai Sonata Embera 2.0L CRDi AT,Hyderabad,2009,94000,First,11.4,1991.0,142.0,5.0,4.78 Lakh,5.25,4.78,False,False,False,16,0.4605263157894737
3587,Tata Nexon 1.5 Revotorq XZ Plus Dual Tone,Kolkata,2018,4900,First,21.5,1497.0,108.5,5.0,11.47 Lakh,9.22,11.47,False,False,True,7,0.4288372093023256
3588,Hyundai EON Era Plus,Jaipur,2013,70000,First,21.1,814.0,55.2,5.0,4.78 Lakh,1.8,4.78,False,True,True,12,0.08530805687203791
3590,BMW 5 Series 2013-2017 530d M Sport,Kochi,2015,65266,First,14.69,2993.0,258.0,5.0,4.78 Lakh,31.75,4.78,False,False,False,10,2.161334240980259
3591,Maruti Ertiga VDI,Delhi,2014,54569,First,20.77,1248.0,88.76,7.0,4.78 Lakh,5.99,4.78,False,False,True,11,0.28839672604718347
3592,Honda Amaze E i-Vtech,Kochi,2015,51361,First,18.0,1198.0,86.7,5.0,4.78 Lakh,4.94,4.78,False,True,True,10,0.2744444444444445
3593,Ford Fiesta 1.4 Duratec ZXI,Jaipur,2007,125000,Third,16.6,1388.0,68.0,5.0,4.78 Lakh,1.5,4.78,False,True,True,18,0.09036144578313252
3594,Honda Civic 2006-2010 1.8 V MT,Bangalore,2008,66000,Third,13.5,1799.0,130.0,5.0,4.78 Lakh,3.25,4.78,False,True,True,17,0.24074074074074073
3596,Maruti Ertiga ZDI,Delhi,2014,22281,First,20.77,1248.0,88.8,7.0,4.78 Lakh,6.5,4.78,False,False,True,11,0.31295137217140107
3597,Hyundai Grand i10 CRDi Sportz,Delhi,2013,63210,First,24.0,1120.0,70.0,5.0,4.78 Lakh,3.71,4.78,False,False,True,12,0.15458333333333332
3598,Hyundai Xcent 1.2 VTVT E Plus,Pune,2018,31000,First,20.14,1197.0,81.86,5.0,4.78 Lakh,5.0,4.78,False,True,True,7,0.24826216484607744
3599,Hyundai i10 Era,Ahmedabad,2008,60000,First,19.81,1086.0,68.05,5.0,4.78 Lakh,1.99,4.78,False,True,True,17,0.10045431600201919
3600,Honda Amaze S i-Vtech,Mumbai,2017,32006,First,18.0,1198.0,86.7,5.0,4.78 Lakh,4.25,4.78,False,True,True,8,0.2361111111111111
3601,Audi A6 2.7 TDI,Ahmedabad,2009,78000,First,12.4,2698.0,179.5,5.0,4.78 Lakh,8.0,4.78,False,False,False,16,0.6451612903225806
3602,Hyundai i10 Magna 1.2 iTech SE,Mumbai,2011,9489,First,20.36,1197.0,78.9,5.0,4.78 Lakh,2.95,4.78,False,True,True,14,0.14489194499017682
3603,Renault KWID RXT Optional,Pune,2018,5000,First,25.17,799.0,53.3,5.0,4.9 Lakh,3.5,4.9,False,True,True,7,0.1390544298768375
3604,Audi A4 New 2.0 TDI Multitronic,Jaipur,2012,60000,Second,15.2,1968.0,140.8,5.0,4.78 Lakh,16.0,4.78,False,False,False,13,1.0526315789473684
3605,Maruti Alto 800 LXI Airbag,Jaipur,2015,50000,First,22.74,796.0,47.3,5.0,4.78 Lakh,2.75,4.78,False,True,True,10,0.12093227792436237
3606,Honda City i VTEC VX Option,Delhi,2015,53000,First,17.8,1497.0,117.3,5.0,4.78 Lakh,6.95,4.78,False,True,True,10,0.3904494382022472
3607,Mercedes-Benz New C-Class C250 Avantgarde,Delhi,2011,64000,Second,11.74,1796.0,186.0,5.0,4.78 Lakh,12.5,4.78,False,True,False,14,1.0647359454855196
3608,Audi Q5 3.0 TDI Quattro Technology,Coimbatore,2017,43827,First,13.22,2967.0,241.4,5.0,4.78 Lakh,36.83,4.78,False,False,False,8,2.785930408472012
3609,Volkswagen Polo 1.2 MPI Comfortline,Pune,2011,36431,First,16.2,1199.0,74.0,5.0,4.78 Lakh,2.7,4.78,False,True,True,14,0.16666666666666669
3610,Hyundai Creta 1.4 E Plus Diesel,Mumbai,2017,35000,First,21.38,1396.0,88.7,5.0,4.78 Lakh,9.9,4.78,False,False,True,8,0.46304957904583727
3611,Honda City 1.5 V MT,Kochi,2011,94832,First,17.0,1497.0,118.0,5.0,4.78 Lakh,3.83,4.78,False,True,True,14,0.22529411764705884
3612,Honda City 1.5 S MT,Coimbatore,2012,88381,First,17.0,1497.0,118.0,5.0,4.78 Lakh,5.25,4.78,False,True,True,13,0.3088235294117647
3613,Maruti S Cross DDiS 320 Alpha,Kolkata,2016,45194,First,22.7,1598.0,118.0,5.0,4.78 Lakh,7.75,4.78,False,False,True,9,0.34140969162995594
3614,Maruti SX4 Vxi BSIV,Mumbai,2010,66000,Second,16.51,1586.0,103.2,5.0,4.78 Lakh,2.46,4.78,False,True,True,15,0.14900060569351906
3615,Maruti Swift Dzire VDI,Kolkata,2014,38578,First,23.4,1248.0,74.0,5.0,4.78 Lakh,3.96,4.78,False,False,True,11,0.16923076923076924
3616,Maruti Ertiga ZDI,Chennai,2015,40000,First,20.77,1248.0,88.8,7.0,4.78 Lakh,8.25,4.78,False,False,True,10,0.3972075108329321
3617,Hyundai i20 1.2 Spotz,Coimbatore,2018,20632,First,18.6,1197.0,81.83,5.0,4.78 Lakh,7.58,4.78,False,True,True,7,0.40752688172043006
3618,Hyundai Grand i10 CRDi Magna,Hyderabad,2014,73042,First,24.0,1120.0,70.0,5.0,4.78 Lakh,3.99,4.78,False,False,True,11,0.16625
3619,Honda City i VTEC SV,Delhi,2014,54257,First,17.4,1497.0,117.3,5.0,4.78 Lakh,6.25,4.78,False,True,True,11,0.3591954022988506
3620,Skoda Rapid 1.6 TDI Elegance,Hyderabad,2013,93000,First,20.5,1598.0,103.5,5.0,4.78 Lakh,5.0,4.78,False,False,True,12,0.24390243902439024
3621,Mercedes-Benz E-Class E270 CDI,Hyderabad,2005,102000,Second,11.0,2987.0,198.5,5.0,4.78 Lakh,4.65,4.78,False,False,False,20,0.4227272727272728
3622,Hyundai Santa Fe 4WD AT,Coimbatore,2016,28881,First,13.01,2199.0,194.3,7.0,4.78 Lakh,21.37,4.78,False,False,False,9,1.6425826287471177
3623,Maruti Alto LXi,Hyderabad,2007,52195,First,19.7,796.0,46.3,5.0,4.78 Lakh,1.75,4.78,False,True,True,18,0.08883248730964467
3624,ISUZU D-MAX V-Cross 4X4,Coimbatore,2018,20422,First,12.4,2499.0,134.0,5.0,4.78 Lakh,16.09,4.78,False,False,True,7,1.2975806451612903
3625,Hyundai Verna 1.4 CRDi GL,Kolkata,2012,38000,First,24.8,1396.0,88.7,5.0,4.78 Lakh,4.1,4.78,False,False,True,13,0.16532258064516128
3626,Ford Figo Diesel ZXI,Coimbatore,2015,92885,First,20.0,1399.0,68.0,5.0,4.78 Lakh,3.56,4.78,False,False,True,10,0.178
3627,Honda City 1.5 S MT,Pune,2010,43000,Second,17.0,1497.0,118.0,5.0,4.78 Lakh,4.21,4.78,False,True,True,15,0.24764705882352941
3629,Hyundai Verna 1.6 CRDi S,Delhi,2015,57000,First,23.9,1582.0,126.2,5.0,4.78 Lakh,6.6,4.78,False,False,True,10,0.27615062761506276
3630,Hyundai Creta 1.6 SX Plus Petrol Automatic,Coimbatore,2018,32434,First,13.0,1591.0,121.3,5.0,4.78 Lakh,14.35,4.78,False,True,False,7,1.103846153846154
3631,Ford Ecosport 1.5 DV5 MT Titanium,Hyderabad,2017,32000,First,22.7,1498.0,89.84,5.0,4.78 Lakh,9.5,4.78,False,False,True,8,0.41850220264317184
3632,BMW X6 xDrive30d,Delhi,2011,59000,First,11.2,2993.0,241.0,4.0,4.78 Lakh,21.9,4.78,False,False,False,14,1.9553571428571428
3633,BMW 5 Series 2013-2017 520d Luxury Line,Coimbatore,2016,76467,First,18.12,1995.0,190.0,5.0,4.78 Lakh,30.45,4.78,False,False,False,9,1.6804635761589404
3634,Ford Figo Aspire 1.5 TDCi Ambiente,Hyderabad,2016,100000,First,25.83,1498.0,99.0,5.0,4.78 Lakh,5.1,4.78,False,False,True,9,0.19744483159117304
3635,Hyundai Verna VTVT 1.6 AT EX,Pune,2013,37086,First,17.0,1591.0,121.3,5.0,4.78 Lakh,5.44,4.78,False,True,False,12,0.32
3636,Ford Ikon 1.4 TDCi DuraTorq,Jaipur,2010,135000,First,13.8,1399.0,68.0,5.0,4.78 Lakh,1.6,4.78,False,False,True,15,0.11594202898550725
3637,Audi A6 2011-2015 2.0 TDI,Kochi,2014,54862,First,17.68,1968.0,174.33,5.0,4.78 Lakh,16.67,4.78,False,False,False,11,0.9428733031674209
3639,Hyundai i20 2015-2017 Sportz AT 1.4,Pune,2012,56200,First,15.0,1396.0,98.6,5.0,4.78 Lakh,3.85,4.78,False,True,False,13,0.25666666666666665
3640,Toyota Fortuner 2.8 4WD MT,Kochi,2011,169006,First,14.24,2755.0,174.5,7.0,36.69 Lakh,10.64,36.69,False,False,True,14,0.7471910112359551
3641,Renault KWID RXT,Bangalore,2016,20229,First,25.17,799.0,53.3,5.0,4.78 Lakh,3.5,4.78,False,True,True,9,0.1390544298768375
3642,Chevrolet Spark 1.0 LT,Chennai,2008,62000,Third,18.0,995.0,62.0,5.0,4.78 Lakh,1.1,4.78,False,True,True,17,0.061111111111111116
3643,Hyundai Verna Transform VTVT,Hyderabad,2011,51500,Second,16.2,1599.0,103.2,5.0,4.78 Lakh,2.6,4.78,False,True,True,14,0.16049382716049385
3644,BMW 3 Series 320d Sport Line,Hyderabad,2012,69000,First,18.88,1995.0,184.0,5.0,4.78 Lakh,18.5,4.78,False,False,False,13,0.9798728813559322
3646,Maruti Swift Dzire VDI,Hyderabad,2015,62476,First,26.59,1248.0,74.0,5.0,4.78 Lakh,7.95,4.78,False,False,True,10,0.2989845806694246
3647,Hyundai Xcent 1.2 CRDi E Plus,Jaipur,2017,60500,First,25.4,1186.0,73.97,5.0,4.78 Lakh,5.49,4.78,False,False,True,8,0.2161417322834646
3648,Honda Jazz V CVT,Mumbai,2017,17978,First,19.0,1199.0,88.7,5.0,10.1 Lakh,6.95,10.1,False,True,False,8,0.36578947368421055
3649,Tata Indigo LS,Jaipur,2008,300000,First,17.0,1405.0,70.0,5.0,4.78 Lakh,1.0,4.78,False,False,True,17,0.058823529411764705
3650,Ford Fiesta Classic 1.4 Duratorq CLXI,Chennai,2013,123000,Second,17.8,1399.0,67.0,5.0,4.78 Lakh,4.45,4.78,False,False,True,12,0.25
3651,Maruti S-Cross Alpha DDiS 200 SH,Kolkata,2016,45296,First,25.1,1248.0,88.5,5.0,12.53 Lakh,6.99,12.53,False,False,True,9,0.27848605577689245
3652,Maruti SX4 Zxi with Leather BSIII,Coimbatore,2008,77325,First,15.6,1586.0,104.68,5.0,4.78 Lakh,3.51,4.78,False,True,True,17,0.22499999999999998
3653,Maruti Baleno Zeta Automatic,Kochi,2018,25858,First,21.4,1197.0,83.1,5.0,4.78 Lakh,7.54,4.78,False,True,False,7,0.35233644859813085
3654,Maruti Ritz LDi,Bangalore,2016,120000,First,23.2,1248.0,73.94,5.0,4.78 Lakh,3.65,4.78,False,False,True,9,0.15732758620689655
3655,Hyundai Elantra CRDi SX AT,Ahmedabad,2016,22000,First,19.5,1582.0,126.24,5.0,4.78 Lakh,16.0,4.78,False,False,False,9,0.8205128205128205
3656,Chevrolet Spark 1.0 LT,Kolkata,2012,11000,First,16.2,995.0,62.1,5.0,4.78 Lakh,1.4,4.78,False,True,True,13,0.08641975308641975
3657,Hyundai i20 1.2 Spotz,Mumbai,2017,3900,First,18.6,1197.0,81.83,5.0,4.78 Lakh,6.45,4.78,False,True,True,8,0.34677419354838707
3658,Hyundai Xcent 1.1 CRDi Base,Hyderabad,2016,106092,First,24.4,1120.0,71.0,5.0,4.78 Lakh,4.4,4.78,False,False,True,9,0.18032786885245905
3659,Honda Jazz 1.2 V CVT i VTEC,Delhi,2015,27000,First,19.0,1199.0,88.7,5.0,4.78 Lakh,5.95,4.78,False,True,False,10,0.31315789473684214
3660,Honda Brio S MT,Ahmedabad,2013,11000,First,19.4,1198.0,86.8,5.0,4.78 Lakh,3.9,4.78,False,True,True,12,0.20103092783505155
3661,Mercedes-Benz E-Class E250 CDI Avantgrade,Coimbatore,2016,39753,First,13.0,2143.0,201.1,5.0,4.78 Lakh,35.28,4.78,False,False,False,9,2.713846153846154
3662,Tata Hexa XT,Pune,2017,39800,First,17.6,2179.0,153.86,7.0,20.87 Lakh,14.25,20.87,False,False,True,8,0.8096590909090908
3663,Hyundai Xcent 1.1 CRDi Base,Pune,2017,73000,First,24.4,1120.0,71.0,5.0,4.78 Lakh,4.5,4.78,False,False,True,8,0.18442622950819673
3664,Ford Ecosport 1.5 DV5 MT Titanium Optional,Pune,2015,55000,First,22.7,1498.0,89.84,5.0,4.78 Lakh,7.5,4.78,False,False,True,10,0.3303964757709251
3665,Tata Nano XTA,Coimbatore,2017,18351,First,21.9,624.0,37.48,4.0,4.78 Lakh,3.41,4.78,False,True,False,8,0.15570776255707763
3666,Honda Brio VX,Pune,2013,45000,Second,19.4,1198.0,86.8,5.0,4.78 Lakh,3.25,4.78,False,True,True,12,0.1675257731958763
3667,Maruti Ertiga SHVS ZDI Plus,Hyderabad,2016,112200,First,24.52,1248.0,88.5,7.0,4.78 Lakh,8.3,4.78,False,False,True,9,0.33849918433931486
3668,Hyundai i10 Sportz 1.2,Bangalore,2010,29000,First,20.36,1197.0,78.9,5.0,4.78 Lakh,3.45,4.78,False,True,True,15,0.1694499017681729
3670,Mahindra XUV500 W10 2WD,Mumbai,2015,53392,First,16.0,2179.0,140.0,7.0,4.78 Lakh,11.95,4.78,False,False,True,10,0.746875
3671,Volkswagen Vento Diesel Highline,Hyderabad,2010,71000,First,20.54,1598.0,103.6,5.0,4.78 Lakh,4.25,4.78,False,False,True,15,0.20691333982473223
3672,Tata Safari Storme 2012-2015 VX,Hyderabad,2014,93000,First,14.0,2179.0,138.1,7.0,4.78 Lakh,8.25,4.78,False,False,True,11,0.5892857142857143
3673,Honda Accord 2.4 Elegance M/T,Hyderabad,2010,119000,First,10.2,2354.0,180.0,5.0,4.78 Lakh,5.95,4.78,False,True,True,15,0.5833333333333334
3674,Maruti Eeco 7 Seater Standard,Coimbatore,2016,42225,First,15.1,1196.0,73.0,7.0,4.98 Lakh,4.3,4.98,False,True,True,9,0.2847682119205298
3675,Maruti Swift VDI,Ahmedabad,2012,65000,First,22.9,1248.0,74.0,5.0,4.78 Lakh,3.9,4.78,False,False,True,13,0.1703056768558952
3676,Maruti Baleno Zeta Automatic,Pune,2016,27809,First,21.4,1197.0,83.1,5.0,4.78 Lakh,6.41,4.78,False,True,False,9,0.29953271028037387
3677,Mahindra XUV500 W8 2WD,Coimbatore,2015,65100,First,15.1,2179.0,140.0,7.0,4.78 Lakh,8.36,4.78,False,False,True,10,0.5536423841059602
3678,Hyundai Xcent 1.2 Kappa S,Chennai,2014,51000,First,19.1,1197.0,82.0,5.0,4.78 Lakh,3.85,4.78,False,True,True,11,0.20157068062827224
3679,Mercedes-Benz New C-Class C 220 CDI Style,Hyderabad,2017,10000,First,19.27,2143.0,167.62,5.0,4.78 Lakh,36.0,4.78,False,False,False,8,1.8681888946549041
3680,Skoda Superb 1.8 TSI MT,Kolkata,2011,54895,First,13.14,1798.0,160.0,5.0,4.78 Lakh,7.5,4.78,False,True,True,14,0.5707762557077626
3681,Volkswagen CrossPolo 1.5 TDI,Hyderabad,2015,80768,First,20.14,1498.0,88.73,5.0,4.78 Lakh,5.7,4.78,False,False,True,10,0.2830188679245283
3682,Maruti Ignis 1.2 Delta,Kochi,2019,12076,First,20.89,1197.0,81.8,5.0,5.9 Lakh,5.5,5.9,False,True,True,6,0.26328386787936814
3683,Maruti Swift VDI BSIV,Chennai,2016,49000,First,25.2,1248.0,74.0,5.0,4.78 Lakh,5.9,4.78,False,False,True,9,0.23412698412698416
3684,Honda City i VTEC VX Option,Mumbai,2015,42366,First,17.8,1497.0,117.3,5.0,4.78 Lakh,7.75,4.78,False,True,True,10,0.4353932584269663
3685,BMW 5 Series 530d Highline Sedan,Ahmedabad,2010,68000,First,11.5,2993.0,235.0,5.0,4.78 Lakh,18.0,4.78,False,False,False,15,1.565217391304348
3686,Skoda Laura Ambiente,Hyderabad,2008,122397,First,17.5,1896.0,106.0,5.0,4.78 Lakh,4.4,4.78,False,False,True,17,0.25142857142857145
3687,Volkswagen Polo GT TSI,Coimbatore,2017,50534,First,17.21,1197.0,103.5,5.0,11.66 Lakh,8.27,11.66,False,True,False,8,0.4805345729227193
3688,Renault Duster 85PS Diesel RxL,Ahmedabad,2014,55300,First,19.87,1461.0,83.8,5.0,4.78 Lakh,4.75,4.78,False,False,True,11,0.23905385002516355
3689,Honda City 1.5 S AT,Hyderabad,2008,73095,First,16.8,1497.0,118.0,5.0,4.78 Lakh,3.8,4.78,False,True,False,17,0.22619047619047616
3690,Volkswagen Vento Diesel Highline,Ahmedabad,2011,51100,First,20.54,1598.0,103.6,5.0,4.78 Lakh,3.4,4.78,False,False,True,14,0.1655306718597858
3691,Hyundai Grand i10 Sportz,Pune,2016,13436,Second,18.9,1197.0,82.0,5.0,4.78 Lakh,4.7,4.78,False,True,True,9,0.24867724867724872
3692,Ford Fiesta 1.4 ZXi Duratec,Pune,2008,76000,Second,16.6,1388.0,68.0,5.0,4.78 Lakh,1.49,4.78,False,True,True,17,0.08975903614457831
3693,Hyundai Xcent 1.1 CRDi S,Mumbai,2016,63141,Second,24.4,1120.0,71.0,5.0,4.78 Lakh,4.5,4.78,False,False,True,9,0.18442622950819673
3694,Honda Amaze VX i-DTEC,Hyderabad,2014,74885,First,25.8,1498.0,98.6,5.0,4.78 Lakh,5.4,4.78,False,False,True,11,0.20930232558139536
3695,Honda City i VTEC CVT VX,Hyderabad,2016,14000,First,18.0,1497.0,117.3,5.0,4.78 Lakh,11.5,4.78,False,True,False,9,0.6388888888888888
3696,Renault Fluence 1.5,Pune,2012,56000,Second,20.4,1461.0,108.5,5.0,4.78 Lakh,3.5,4.78,False,False,True,13,0.1715686274509804
3697,BMW 5 Series 520d Luxury Line,Ahmedabad,2010,46000,First,22.48,1995.0,190.0,5.0,63.71 Lakh,16.5,63.71,False,False,False,15,0.7339857651245552
3698,Maruti SX4 ZXI MT BSIV,Mumbai,2012,51800,First,15.5,1586.0,103.3,5.0,4.78 Lakh,3.9,4.78,False,True,True,13,0.25161290322580643
3699,Honda City ZX CVT,Hyderabad,2007,81000,First,16.4,1497.0,78.0,5.0,4.78 Lakh,3.25,4.78,False,True,False,18,0.19817073170731708
3700,Volkswagen Ameo 1.2 MPI Comfortline,Kochi,2018,17370,First,17.0,1198.0,73.75,5.0,4.78 Lakh,5.84,4.78,False,True,True,7,0.34352941176470586
3701,Volkswagen Ameo 1.2 MPI Comfortline,Hyderabad,2016,18456,First,17.0,1198.0,73.75,5.0,4.78 Lakh,5.75,4.78,False,True,True,9,0.3382352941176471
3702,Audi A4 2.0 TDI Multitronic,Delhi,2010,59000,First,16.55,1968.0,140.0,5.0,4.78 Lakh,10.0,4.78,False,False,False,15,0.6042296072507553
3703,Maruti Wagon R VXI,Mumbai,2006,141537,Second,18.9,998.0,67.1,5.0,4.78 Lakh,1.05,4.78,False,True,True,19,0.05555555555555556
3704,Hyundai Verna SX CRDi AT,Delhi,2013,51000,First,19.08,1582.0,126.32,5.0,4.78 Lakh,5.64,4.78,False,False,False,12,0.29559748427672955
3705,Mercedes-Benz GLC 220d 4MATIC Style,Coimbatore,2019,29311,First,17.9,2143.0,170.0,5.0,64.57 Lakh,50.97,64.57,False,False,False,6,2.8474860335195533
3706,BMW 3 Series Luxury Line,Mumbai,2016,31000,First,21.76,1995.0,190.0,5.0,60.88 Lakh,29.95,60.88,False,False,False,9,1.376378676470588
3707,Honda Mobilio V Option i DTEC,Mumbai,2014,80000,Second,24.2,1498.0,98.6,7.0,4.78 Lakh,4.85,4.78,False,False,True,11,0.20041322314049587
3708,Hyundai Creta 1.6 CRDi AT SX Plus,Hyderabad,2016,33000,First,17.01,1582.0,126.2,5.0,4.78 Lakh,14.5,4.78,False,False,False,9,0.8524397413286301
3709,Honda City 1.5 S MT,Hyderabad,2011,71556,First,17.0,1497.0,118.0,5.0,4.78 Lakh,5.5,4.78,False,True,True,14,0.3235294117647059
3710,Ford Fiesta 1.4 TDCi EXI,Bangalore,2011,85000,First,17.8,1399.0,68.0,5.0,4.78 Lakh,3.2,4.78,False,False,True,14,0.1797752808988764
3711,Maruti Swift Dzire LDI,Chennai,2016,91000,First,26.59,1248.0,74.0,5.0,4.78 Lakh,4.5,4.78,False,False,True,9,0.16923655509590071
3712,Mercedes-Benz E-Class E250 CDI Launch Edition,Coimbatore,2015,73187,First,13.0,2143.0,204.0,5.0,4.78 Lakh,30.72,4.78,False,False,False,10,2.363076923076923
3713,Chevrolet Captiva LT,Jaipur,2009,232000,First,11.5,1991.0,147.9,7.0,4.78 Lakh,3.5,4.78,False,False,True,16,0.30434782608695654
3714,Toyota Innova 2.5 V Diesel 7-seater,Bangalore,2007,127079,First,12.8,2494.0,102.0,7.0,4.78 Lakh,6.99,4.78,False,False,True,18,0.5460937499999999
3715,Mahindra Quanto C8,Kochi,2014,58816,First,17.21,1493.0,100.0,7.0,4.78 Lakh,3.45,4.78,False,False,True,11,0.20046484601975595
3716,Honda City i VTEC V,Kochi,2015,63818,First,17.4,1497.0,117.3,5.0,4.78 Lakh,6.57,4.78,False,True,True,10,0.37758620689655176
3717,Audi A4 2.0 TDI 177 Bhp Premium Plus,Kolkata,2014,40000,First,17.11,1968.0,174.33,5.0,4.78 Lakh,17.5,4.78,False,False,False,11,1.0227936879018118
3718,Volkswagen Polo Diesel Comfortline 1.2L,Delhi,2013,77445,First,22.07,1199.0,73.9,5.0,4.78 Lakh,3.75,4.78,False,False,True,12,0.16991391028545536
3719,Ford EcoSport 1.5 Petrol Titanium Plus AT,Pune,2017,14000,First,14.8,1497.0,121.36,5.0,13.23 Lakh,9.99,13.23,False,True,False,8,0.6749999999999999
3720,Toyota Innova 2.5 G (Diesel) 7 Seater BS IV,Kolkata,2012,85122,First,12.99,2494.0,100.0,7.0,4.78 Lakh,8.2,4.78,False,False,True,13,0.6312548113933795
3721,Honda City 1.5 EXI,Jaipur,2005,123000,Third,13.0,1493.0,100.0,5.0,4.78 Lakh,1.1,4.78,False,True,True,20,0.08461538461538462
3723,Maruti Alto 800 2016-2019 LXI Optional,Chennai,2015,63714,First,24.7,796.0,47.3,5.0,4.78 Lakh,2.45,4.78,False,True,True,10,0.09919028340080972
3724,Mercedes-Benz M-Class ML 320 CDI,Pune,2009,53000,First,8.7,2987.0,224.34,5.0,4.78 Lakh,13.75,4.78,False,False,False,16,1.5804597701149428
3725,Maruti Swift Dzire LDI,Kolkata,2017,60000,First,26.59,1248.0,74.0,5.0,4.78 Lakh,3.0,4.78,False,False,True,8,0.11282437006393381
3726,Maruti Vitara Brezza ZDi Plus Dual Tone,Ahmedabad,2017,33000,First,24.3,1248.0,88.5,5.0,11.06 Lakh,9.25,11.06,False,False,True,8,0.38065843621399176
3727,Volvo S60 D5 Summum,Mumbai,2013,31000,First,13.2,2400.0,215.0,5.0,4.78 Lakh,17.65,4.78,False,False,False,12,1.3371212121212122
3728,Toyota Fortuner 4x2 AT,Delhi,2014,79000,First,12.55,2982.0,168.5,7.0,4.78 Lakh,18.25,4.78,False,False,False,11,1.4541832669322707
3729,Hyundai i20 Sportz Option Diesel,Kochi,2013,67914,First,23.0,1396.0,90.0,5.0,4.78 Lakh,3.45,4.78,False,False,True,12,0.15
3730,Audi A4 35 TDI Premium,Bangalore,2015,58970,First,17.11,1968.0,174.33,5.0,4.78 Lakh,23.75,4.78,False,False,False,10,1.3880771478667446
3731,Nissan Terrano XV D Pre,Mumbai,2013,60000,Second,19.64,1461.0,108.5,5.0,17.21 Lakh,5.45,17.21,False,False,True,12,0.2774949083503055
3732,Maruti Celerio ZXI AMT,Coimbatore,2017,35225,First,23.1,998.0,67.04,5.0,6.56 Lakh,5.25,6.56,False,True,False,8,0.22727272727272727
3734,Hyundai i10 Sportz AT,Delhi,2012,62282,First,16.95,1197.0,78.9,5.0,4.78 Lakh,2.9,4.78,False,True,False,13,0.1710914454277286
3735,BMW 3 Series 320d,Hyderabad,2010,80000,First,22.69,1995.0,190.0,5.0,47.2 Lakh,14.2,47.2,False,False,False,15,0.6258263552225649
3736,Hyundai Grand i10 Sportz,Kochi,2018,43698,First,18.9,1197.0,82.0,5.0,4.78 Lakh,5.8,4.78,False,True,True,7,0.3068783068783069
3737,Hyundai Grand i10 Asta Option AT,Coimbatore,2017,28052,First,18.9,1197.0,82.0,5.0,4.78 Lakh,7.22,4.78,False,True,False,8,0.382010582010582
3738,Hyundai Grand i10 1.2 Kappa Sportz,Coimbatore,2016,29091,First,18.9,1197.0,81.86,5.0,6.82 Lakh,4.87,6.82,False,True,True,9,0.2576719576719577
3739,Volkswagen Polo 1.2 MPI Comfortline,Delhi,2013,63000,First,16.47,1198.0,74.0,5.0,4.78 Lakh,3.3,4.78,False,True,True,12,0.20036429872495445
3740,Honda City ZX EXi,Hyderabad,2007,91000,Second,17.7,1497.0,78.0,5.0,4.78 Lakh,3.0,4.78,False,True,True,18,0.16949152542372883
3741,Mercedes-Benz GLA Class 200 CDI,Hyderabad,2014,30000,First,17.9,2143.0,136.0,5.0,4.78 Lakh,26.0,4.78,False,False,False,11,1.452513966480447
3742,Maruti Omni 8 Seater BSIV,Hyderabad,2017,24571,First,14.0,796.0,35.0,5.0,4.78 Lakh,2.9,4.78,False,True,True,8,0.20714285714285713
3743,Hyundai Verna 1.6 SX VTVT AT,Bangalore,2014,45000,First,15.74,1591.0,121.3,5.0,4.78 Lakh,7.5,4.78,False,True,False,11,0.4764930114358323
3744,Maruti Alto 800 LXI,Hyderabad,2015,24617,First,22.74,796.0,47.3,5.0,4.78 Lakh,2.36,4.78,False,True,True,10,0.10378188214599825
3745,Maruti Vitara Brezza ZDi Plus Dual Tone,Coimbatore,2017,26927,First,24.3,1248.0,88.5,5.0,12.56 Lakh,11.39,12.56,False,False,True,8,0.46872427983539094
3746,Mahindra XUV500 W8 2WD,Kochi,2013,87736,First,15.1,2179.0,140.0,7.0,4.78 Lakh,7.02,4.78,False,False,True,12,0.4649006622516556
3747,Maruti Vitara Brezza ZDi,Delhi,2016,35299,First,24.3,1248.0,88.5,5.0,10.14 Lakh,8.0,10.14,False,False,True,9,0.3292181069958848
3748,Hyundai i20 1.2 Spotz,Kochi,2017,51612,First,18.6,1197.0,81.83,5.0,4.78 Lakh,7.11,4.78,False,True,True,8,0.38225806451612904
3749,Mercedes-Benz E-Class 250 D W 210,Mumbai,1998,55300,First,10.0,1796.0,157.7,5.0,4.78 Lakh,3.9,4.78,False,False,False,27,0.39
3750,Maruti Alto LXi,Hyderabad,2009,65090,First,19.7,796.0,46.3,5.0,4.78 Lakh,2.15,4.78,False,True,True,16,0.10913705583756345
3751,Honda Amaze S i-Vtech,Kolkata,2013,40000,First,18.0,1198.0,86.7,5.0,4.78 Lakh,3.25,4.78,False,True,True,12,0.18055555555555555
3752,Land Rover Range Rover Sport HSE,Kochi,2015,38467,First,12.65,2993.0,255.0,5.0,1.6 Cr,70.66,1.6,False,False,False,10,5.585770750988142
3753,Hyundai Grand i10 CRDi Magna,Mumbai,2013,71904,First,24.0,1120.0,70.0,5.0,4.78 Lakh,4.61,4.78,False,False,True,12,0.19208333333333336
3754,Honda Civic 2006-2010 1.8 S MT,Mumbai,2008,87000,First,13.5,1799.0,130.0,5.0,4.78 Lakh,2.35,4.78,False,True,True,17,0.17407407407407408
3755,Hyundai Grand i10 CRDi Magna,Chennai,2014,33000,Second,24.0,1120.0,70.0,5.0,4.78 Lakh,4.05,4.78,False,False,True,11,0.16874999999999998
3756,Maruti 800 AC Uniq,Jaipur,2009,22100,Second,16.1,796.0,37.0,4.0,4.78 Lakh,0.8,4.78,False,True,True,16,0.049689440993788817
3757,Toyota Etios Liva Diesel,Hyderabad,2014,59589,First,23.59,1364.0,67.1,5.0,4.78 Lakh,5.6,4.78,False,False,True,11,0.2373887240356083
3758,Hyundai i20 Magna 1.4 CRDi,Delhi,2015,44000,First,22.54,1396.0,88.73,5.0,4.78 Lakh,5.35,4.78,False,False,True,10,0.23735581188997337
3759,Maruti Alto K10 VXI,Mumbai,2017,12000,First,24.07,998.0,67.1,5.0,4.82 Lakh,3.25,4.82,False,True,True,8,0.13502285002077274
3760,BMW X1 sDrive20d,Pune,2012,66000,Second,17.05,1995.0,184.0,5.0,4.78 Lakh,11.5,4.78,False,False,False,13,0.6744868035190615
3761,Maruti Celerio VXI AT,Pune,2016,38009,First,23.1,998.0,67.04,5.0,4.78 Lakh,4.25,4.78,False,True,False,9,0.18398268398268397
3762,Skoda Superb Elegance 1.8 TSI AT,Mumbai,2009,35000,Second,13.7,1798.0,157.75,5.0,4.78 Lakh,4.45,4.78,False,True,False,16,0.32481751824817523
3763,Mahindra Xylo E4,Pune,2009,70000,First,14.0,2498.0,112.0,7.0,4.78 Lakh,2.85,4.78,False,False,True,16,0.20357142857142857
3764,Mahindra XUV500 W8 2WD,Delhi,2014,86000,First,15.1,2179.0,140.0,7.0,4.78 Lakh,7.85,4.78,False,False,True,11,0.5198675496688742
3765,Maruti Swift Dzire VXI,Pune,2016,32000,First,19.1,1197.0,85.8,5.0,4.78 Lakh,5.3,4.78,False,True,True,9,0.27748691099476436
3766,Ford Ecosport 1.0 Ecoboost Platinum Edition,Mumbai,2017,15000,First,18.88,999.0,123.24,5.0,4.78 Lakh,8.0,4.78,False,True,True,8,0.42372881355932207
3767,Toyota Corolla Altis Diesel D4DG,Coimbatore,2014,69918,First,21.43,1364.0,87.2,5.0,4.78 Lakh,9.43,4.78,False,False,True,11,0.44003733084461033
3768,Hyundai i20 2015-2017 1.2 Magna,Pune,2012,39000,First,18.5,1197.0,80.0,5.0,4.78 Lakh,2.75,4.78,False,True,True,13,0.14864864864864866
3769,Renault Captur 1.5 Diesel Platine Mono,Mumbai,2018,1011,First,20.37,1461.0,108.45,5.0,4.78 Lakh,13.5,4.78,False,False,True,7,0.6627393225331369
3770,Mercedes-Benz E-Class 280 CDI,Hyderabad,2009,85000,First,11.0,2987.0,198.5,5.0,4.78 Lakh,9.99,4.78,False,False,False,16,0.9081818181818182
3771,Maruti Baleno RS 1.0 Petrol,Chennai,2017,46663,First,21.1,998.0,100.0,5.0,4.78 Lakh,6.95,4.78,False,True,True,8,0.32938388625592413
3772,Nissan Sunny 2011-2014 XL AT Special Edition,Chennai,2015,27000,First,17.97,1498.0,99.6,5.0,4.78 Lakh,6.75,4.78,False,True,False,10,0.3756260434056761
3773,Hyundai Grand i10 AT Asta,Chennai,2015,15000,First,18.9,1197.0,82.0,5.0,4.78 Lakh,5.5,4.78,False,True,False,10,0.29100529100529104
3774,Maruti Ciaz Zeta,Kochi,2018,10575,First,21.56,1462.0,103.25,5.0,11.11 Lakh,9.18,11.11,False,True,True,7,0.4257884972170687
3775,Hyundai Xcent 1.2 Kappa S,Jaipur,2014,12500,First,19.1,1197.0,82.0,5.0,4.78 Lakh,4.15,4.78,False,True,True,11,0.21727748691099477
3776,Hyundai Verna 1.6 SX CRDi (O),Ahmedabad,2012,52000,First,22.32,1582.0,126.32,5.0,4.78 Lakh,6.5,4.78,False,False,True,13,0.29121863799283154
3777,Maruti Wagon R VXI 1.2,Kochi,2015,49818,First,21.5,1197.0,81.8,5.0,5.44 Lakh,4.11,5.44,False,True,True,10,0.19116279069767445
3778,Hyundai Verna CRDi,Hyderabad,2008,90000,Second,16.8,1493.0,110.0,5.0,4.78 Lakh,2.25,4.78,False,False,True,17,0.13392857142857142
3779,Toyota Etios Liva G,Kochi,2015,52207,First,17.71,1197.0,78.9,5.0,4.78 Lakh,4.56,4.78,False,True,True,10,0.25748164878599655
3780,Mahindra Xylo E4 ABS BS III,Pune,2013,167362,First,11.68,2498.0,112.0,7.0,4.78 Lakh,4.0,4.78,False,False,True,12,0.3424657534246575
3781,Toyota Etios Liva GD,Coimbatore,2015,49894,First,23.59,1364.0,67.06,5.0,4.78 Lakh,5.27,4.78,False,False,True,10,0.2233997456549385
3782,Mahindra Thar DI 4X4,Kochi,2019,13024,First,18.06,2523.0,63.0,7.0,4.78 Lakh,9.11,4.78,False,False,True,6,0.5044296788482835
3783,Nissan X-Trail SLX MT,Pune,2010,128000,Second,14.42,1995.0,147.6,5.0,4.78 Lakh,6.2,4.78,False,False,True,15,0.4299583911234397
3784,Toyota Innova Crysta 2.8 ZX AT,Kochi,2017,26023,First,11.36,2755.0,171.5,7.0,26.55 Lakh,19.97,26.55,False,False,False,8,1.7579225352112675
3785,Hyundai Creta 1.4 CRDi S,Delhi,2016,42784,First,21.38,1396.0,88.7,5.0,4.78 Lakh,10.17,4.78,False,False,True,9,0.47567820392890553
3786,Maruti Swift VDI,Pune,2014,115000,First,28.4,1248.0,74.0,5.0,8.26 Lakh,4.5,8.26,False,False,True,11,0.15845070422535212
3787,Hyundai Verna 1.6 CRDI SX Option,Kochi,2019,30529,First,23.9,1582.0,126.2,5.0,4.78 Lakh,14.28,4.78,False,False,True,6,0.597489539748954
3788,Maruti Alto LXi BSIII,Kochi,2012,14814,Second,19.7,796.0,46.3,5.0,4.78 Lakh,2.47,4.78,False,True,True,13,0.1253807106598985
3789,Maruti S Cross DDiS 200 Alpha,Ahmedabad,2016,58000,First,23.65,1248.0,88.5,5.0,4.78 Lakh,7.9,4.78,False,False,True,9,0.33403805496828753
3790,Hyundai EON Era,Hyderabad,2011,68128,First,21.1,814.0,55.2,5.0,4.78 Lakh,2.3,4.78,False,True,True,14,0.10900473933649288
3791,Nissan Terrano XL,Hyderabad,2013,63220,First,13.24,1598.0,102.5,5.0,4.78 Lakh,6.5,4.78,False,True,True,12,0.49093655589123864
3792,Hyundai EON Era,Hyderabad,2016,30000,First,21.1,814.0,55.2,5.0,4.78 Lakh,3.25,4.78,False,True,True,9,0.15402843601895733
3793,Tata Zest Quadrajet 1.3 XT,Bangalore,2017,27768,First,20.65,1248.0,88.7,5.0,10.06 Lakh,5.85,10.06,False,False,True,8,0.28329297820823246
3794,Mercedes-Benz E-Class 2009-2013 E250 CDI Elegance,Hyderabad,2014,53000,Second,14.21,2143.0,203.0,5.0,4.78 Lakh,29.0,4.78,False,False,False,11,2.0408163265306123
3795,Audi Q5 2.0 TDI Premium Plus,Coimbatore,2014,87652,Second,14.16,1968.0,174.3,5.0,4.78 Lakh,25.71,4.78,False,False,False,11,1.8156779661016949
3796,Ford Fiesta 1.6 ZXi Leather,Chennai,2008,94873,Second,15.3,1596.0,101.0,5.0,4.78 Lakh,1.85,4.78,False,True,True,17,0.12091503267973856
3797,BMW 3 Series 320d Prestige,Mumbai,2015,56000,First,18.88,1995.0,184.0,5.0,4.78 Lakh,22.75,4.78,False,False,False,10,1.204978813559322
3798,Maruti Baleno RS 1.0 Petrol,Kochi,2018,18678,First,21.1,998.0,100.0,5.0,4.78 Lakh,8.32,4.78,False,True,True,7,0.39431279620853077
3799,Mercedes-Benz E-Class 2009-2013 E250 CDI Blue Efficiency,Delhi,2014,30000,First,14.21,2143.0,203.0,5.0,4.78 Lakh,26.0,4.78,False,False,False,11,1.829697396199859
3801,Hyundai i10 Sportz 1.2,Hyderabad,2013,59000,First,20.36,1197.0,78.9,5.0,4.78 Lakh,3.45,4.78,False,True,True,12,0.1694499017681729
3802,Hyundai Grand i10 Asta Option,Mumbai,2017,13000,First,18.9,1197.0,82.0,5.0,4.78 Lakh,5.15,4.78,False,True,True,8,0.2724867724867725
3803,Honda Brio S MT,Kochi,2014,74325,First,19.4,1198.0,86.8,5.0,4.78 Lakh,3.51,4.78,False,True,True,11,0.1809278350515464
3804,Hyundai i20 Magna 1.4 CRDi (Diesel),Kolkata,2015,45000,First,21.9,1396.0,88.76,5.0,4.78 Lakh,3.45,4.78,False,False,True,10,0.15753424657534248
3805,Volkswagen Polo Petrol Highline 1.2L,Pune,2013,57000,First,16.47,1198.0,73.9,5.0,4.78 Lakh,3.75,4.78,False,True,True,12,0.22768670309653918
3806,Honda City 1.5 EXI,Pune,2001,125943,Second,13.0,1493.0,100.0,5.0,4.78 Lakh,1.45,4.78,False,True,True,24,0.11153846153846153
3807,Skoda Octavia Ambiente 1.9 TDI,Delhi,2008,80000,First,18.7,1896.0,66.0,5.0,4.78 Lakh,2.2,4.78,False,False,True,17,0.11764705882352942
3808,Ford Endeavour 2.5L 4X2,Hyderabad,2010,154000,First,13.1,2499.0,141.0,7.0,4.78 Lakh,7.99,4.78,False,False,True,15,0.6099236641221374
3809,Chevrolet Cruze LTZ,Bangalore,2013,62000,Second,18.3,1991.0,147.9,5.0,4.78 Lakh,6.75,4.78,False,False,True,12,0.3688524590163934
3810,Honda CR-V AT With Sun Roof,Kolkata,2013,27000,First,14.0,1197.0,74.0,5.0,4.78 Lakh,11.99,4.78,False,True,False,12,0.8564285714285714
3811,Honda Mobilio V i DTEC,Kolkata,2014,45000,First,24.2,1498.0,98.6,7.0,4.78 Lakh,5.0,4.78,False,False,True,11,0.2066115702479339
3812,Maruti Ertiga VDI,Pune,2012,105000,Second,20.77,1248.0,88.76,7.0,4.78 Lakh,5.9,4.78,False,False,True,13,0.28406355320173327
3813,Hyundai Grand i10 Sportz,Mumbai,2013,26000,First,18.9,1197.0,82.0,5.0,4.78 Lakh,3.75,4.78,False,True,True,12,0.19841269841269843
3814,Jaguar XF 3.0 Litre S Premium Luxury,Mumbai,2014,30900,First,14.74,2993.0,270.9,5.0,4.78 Lakh,29.5,4.78,False,False,False,11,2.001356852103121
3815,Honda Amaze VX i-Vtech,Chennai,2014,48000,First,18.0,1198.0,86.7,5.0,4.78 Lakh,4.75,4.78,False,True,True,11,0.2638888888888889
3816,Audi A6 2.7 TDI,Pune,2011,112719,First,12.4,2698.0,179.5,5.0,4.78 Lakh,11.5,4.78,False,False,False,14,0.9274193548387096
3817,Hyundai i20 1.2 Spotz,Chennai,2017,5000,First,18.6,1197.0,81.83,5.0,4.78 Lakh,6.95,4.78,False,True,True,8,0.3736559139784946
3818,Volkswagen Ameo 1.2 MPI Highline Plus 16,Mumbai,2016,16000,First,17.0,1198.0,73.75,5.0,4.78 Lakh,5.4,4.78,False,True,True,9,0.31764705882352945
3819,Renault Fluence 2.0,Jaipur,2011,63000,First,13.4,1997.0,135.1,5.0,4.78 Lakh,4.75,4.78,False,True,False,14,0.3544776119402985
3820,Maruti Alto K10 VXI,Chennai,2011,28300,First,24.07,998.0,67.1,5.0,4.5 Lakh,2.15,4.5,False,True,True,14,0.08932280847528043
3821,Maruti Alto Std,Jaipur,2005,49000,First,19.7,796.0,46.3,5.0,4.78 Lakh,0.9,4.78,False,True,True,20,0.045685279187817264
3822,Maruti Wagon R VXI BS IV,Kolkata,2016,12501,First,20.51,998.0,67.04,5.0,4.78 Lakh,3.5,4.78,False,True,True,9,0.1706484641638225
3823,Fiat Linea 1.3 Emotion,Kochi,2016,56628,First,20.4,1248.0,92.0,5.0,4.78 Lakh,5.85,4.78,False,False,True,9,0.2867647058823529
3824,Maruti Swift Dzire Vdi BSIV,Pune,2010,105000,First,19.3,1248.0,73.9,5.0,4.78 Lakh,3.15,4.78,False,False,True,15,0.16321243523316062
3825,Renault Scala Diesel RxL,Pune,2016,52126,First,21.64,1461.0,84.8,5.0,4.78 Lakh,6.0,4.78,False,False,True,9,0.27726432532347506
3826,Hyundai i20 Magna,Kolkata,2010,38000,First,18.5,1197.0,80.0,5.0,4.78 Lakh,2.23,4.78,False,True,True,15,0.12054054054054054
3827,Hyundai Xcent 1.2 Kappa SX Option,Bangalore,2016,50000,First,19.1,1197.0,82.0,5.0,4.78 Lakh,2.5,4.78,False,True,True,9,0.13089005235602094
3828,Maruti Wagon R LXI,Kochi,2015,50230,First,18.9,998.0,67.1,5.0,4.78 Lakh,3.87,4.78,False,True,True,10,0.20476190476190478
3829,Mahindra XUV500 W8 2WD,Ahmedabad,2014,31000,First,15.1,2179.0,140.0,7.0,4.78 Lakh,9.5,4.78,False,False,True,11,0.6291390728476821
3830,Toyota Fortuner 4x2 AT,Delhi,2014,79000,First,12.55,2982.0,168.5,7.0,4.78 Lakh,17.75,4.78,False,False,False,11,1.4143426294820716
3831,Renault Duster 110PS Diesel RxZ Plus,Delhi,2012,130000,First,19.64,1461.0,108.45,5.0,4.78 Lakh,3.75,4.78,False,False,True,13,0.1909368635437882
3832,Hyundai Santro Xing GLS,Chennai,2010,115000,Second,17.92,1086.0,62.1,5.0,4.78 Lakh,1.5,4.78,False,True,True,15,0.08370535714285714
3833,Hyundai Verna 1.6 SX VTVT,Pune,2013,41500,Second,17.01,1591.0,121.3,5.0,4.78 Lakh,5.0,4.78,False,True,True,12,0.2939447383891828
3834,BMW X1 sDrive 20d Exclusive,Pune,2014,54385,Second,15.06,1995.0,177.0,5.0,4.78 Lakh,17.0,4.78,False,False,False,11,1.1288180610889773
3835,Honda Civic 2006-2010 1.8 V AT,Kochi,2011,56361,First,12.9,1799.0,130.0,5.0,4.78 Lakh,4.38,4.78,False,True,False,14,0.3395348837209302
3836,Audi A6 35 TFSI Matrix,Delhi,2018,22000,First,15.26,1798.0,187.74,5.0,56.97 Lakh,41.5,56.97,False,True,False,7,2.719528178243775
3837,Maruti Wagon R LXI BS IV,Kolkata,2017,8000,First,20.51,998.0,67.04,5.0,4.78 Lakh,3.0,4.78,False,True,True,8,0.1462701121404193
3838,Maruti Vitara Brezza ZDi Plus Dual Tone,Coimbatore,2018,28741,First,24.3,1248.0,88.5,5.0,12.56 Lakh,11.0,12.56,False,False,True,7,0.45267489711934156
3839,Land Rover Discovery 3 TDV6 Diesel Automatic,Pune,2012,117236,Second,11.8,2720.0,190.0,7.0,4.78 Lakh,14.0,4.78,False,False,False,13,1.1864406779661016
3840,Maruti Dzire New,Pune,2016,30500,First,26.59,1248.0,74.0,5.0,4.78 Lakh,7.65,4.78,False,False,False,9,0.2877021436630312
3841,Hyundai Verna VTVT 1.6 SX,Kolkata,2018,5000,First,17.0,1591.0,121.3,5.0,11.19 Lakh,8.7,11.19,False,True,True,7,0.5117647058823529
3842,Maruti Ertiga ZDI Plus,Hyderabad,2016,42000,First,25.47,1248.0,88.5,7.0,13.33 Lakh,9.9,13.33,False,False,True,9,0.3886925795053004
3843,Hyundai Accent GLE,Mumbai,2010,32773,First,13.2,1495.0,94.0,5.0,4.78 Lakh,2.05,4.78,False,True,True,15,0.1553030303030303
3844,Hyundai i20 1.2 Sportz,Kolkata,2016,19008,First,17.0,1197.0,80.0,5.0,4.78 Lakh,5.25,4.78,False,True,True,9,0.3088235294117647
3845,Hyundai Verna VTVT 1.6 SX,Kochi,2012,32542,First,17.0,1591.0,121.3,5.0,11.67 Lakh,5.77,11.67,False,True,True,13,0.3394117647058823
3846,Maruti Alto LX,Hyderabad,2010,94753,First,19.7,796.0,46.3,5.0,4.78 Lakh,1.95,4.78,False,True,True,15,0.09898477157360407
3847,Mahindra Scorpio VLX,Ahmedabad,2011,70000,Second,12.05,2179.0,120.0,8.0,4.78 Lakh,7.45,4.78,False,False,True,14,0.6182572614107884
3848,Maruti Wagon R LXI,Delhi,2012,68347,First,18.9,998.0,67.1,5.0,4.78 Lakh,2.6,4.78,False,True,True,13,0.1375661375661376
3849,Hyundai i20 1.2 Sportz,Ahmedabad,2011,72000,Second,17.0,1197.0,80.0,5.0,4.78 Lakh,3.25,4.78,False,True,True,14,0.19117647058823528
3850,Maruti Ritz VDi,Hyderabad,2010,75014,First,21.1,1248.0,73.9,5.0,4.78 Lakh,3.85,4.78,False,False,True,15,0.18246445497630331
3851,Renault Koleos 2.0 Diesel,Delhi,2013,65000,Second,13.73,1995.0,148.0,5.0,4.78 Lakh,7.5,4.78,False,False,False,12,0.5462490895848506
3852,BMW 3 Series 320d,Kochi,2012,55598,First,22.69,1995.0,190.0,5.0,47.87 Lakh,11.5,47.87,False,False,False,13,0.5068312031732041
3853,Honda Brio V MT,Pune,2013,50000,First,19.4,1198.0,86.8,5.0,4.78 Lakh,3.25,4.78,False,True,True,12,0.1675257731958763
3854,Hyundai Sonata GOLD,Chennai,2003,44200,Second,11.7,1997.0,134.0,5.0,4.78 Lakh,1.5,4.78,False,True,True,22,0.12820512820512822
3855,Maruti Swift Dzire VDi,Jaipur,2014,65000,First,19.3,1248.0,73.9,5.0,4.78 Lakh,5.31,4.78,False,False,True,11,0.2751295336787564
3856,Mahindra XUV500 W8 4WD,Hyderabad,2013,49000,First,16.0,2179.0,140.0,7.0,4.78 Lakh,9.0,4.78,False,False,True,12,0.5625
3857,Hyundai i10 Sportz 1.1L,Kolkata,2016,7200,First,19.81,1086.0,68.05,5.0,4.78 Lakh,3.59,4.78,False,True,True,9,0.1812216052498738
3858,Maruti Ciaz ZXi Plus,Kochi,2016,43152,First,20.73,1373.0,91.1,5.0,4.78 Lakh,7.35,4.78,False,True,True,9,0.3545586107091172
3859,Toyota Innova 2.5 V Diesel 8-seater,Pune,2013,112000,First,12.8,2494.0,102.0,8.0,4.78 Lakh,12.0,4.78,False,False,True,12,0.9375
3860,Hyundai Grand i10 Sportz,Coimbatore,2017,23540,First,18.9,1197.0,82.0,5.0,4.78 Lakh,6.02,4.78,False,True,True,8,0.31851851851851853
3861,Chevrolet Optra Magnum 2.0 LS BSIII,Coimbatore,2008,82160,First,16.52,1991.0,123.7,5.0,4.78 Lakh,2.57,4.78,False,False,True,17,0.1555690072639225
3862,Mahindra Ssangyong Rexton RX5,Pune,2013,57000,First,12.83,2696.0,162.0,7.0,4.78 Lakh,12.45,4.78,False,False,True,12,0.9703819173811379
3863,Mahindra XUV500 W8 2WD,Coimbatore,2015,39335,First,15.1,2179.0,140.0,7.0,4.78 Lakh,12.63,4.78,False,False,True,10,0.8364238410596028
3864,Honda City i VTEC SV,Bangalore,2014,62000,Second,17.4,1497.0,117.3,5.0,4.78 Lakh,7.75,4.78,False,True,True,11,0.44540229885057475
3865,Ford Ecosport 1.5 DV5 MT Titanium,Delhi,2014,60000,First,22.7,1498.0,89.84,5.0,4.78 Lakh,5.5,4.78,False,False,True,11,0.2422907488986784
3866,Hyundai i20 Sportz 1.2,Kolkata,2015,35000,First,18.6,1197.0,81.83,5.0,4.78 Lakh,4.43,4.78,False,True,True,10,0.23817204301075265
3867,Mercedes-Benz CLA 200 CDI Sport,Kochi,2016,32345,First,17.9,2143.0,136.0,5.0,4.78 Lakh,24.51,4.78,False,False,False,9,1.36927374301676
3868,Hyundai EON Magna,Ahmedabad,2014,47000,First,22.0,814.0,55.0,5.0,4.78 Lakh,2.65,4.78,False,True,True,11,0.12045454545454545
3870,Toyota Etios G Safety,Delhi,2011,36000,First,17.6,1496.0,88.7,5.0,4.78 Lakh,3.2,4.78,False,True,True,14,0.18181818181818182
3871,Maruti Swift Dzire Tour LDI,Chennai,2016,75000,First,23.4,1248.0,74.0,5.0,4.78 Lakh,4.25,4.78,False,False,True,9,0.18162393162393164
3872,Maruti Alto LXi,Kolkata,2008,38000,First,19.7,796.0,46.3,5.0,4.78 Lakh,1.1,4.78,False,True,True,17,0.05583756345177666
3873,Maruti Celerio ZXI,Chennai,2015,57818,First,23.1,998.0,67.04,5.0,4.78 Lakh,4.3,4.78,False,True,True,10,0.18614718614718612
3874,Ford Ecosport 1.5 DV5 MT Titanium Optional,Hyderabad,2015,45000,First,22.7,1498.0,89.84,5.0,4.78 Lakh,8.9,4.78,False,False,True,10,0.39207048458149785
3875,Nissan Terrano XV 110 PS Limited Edition,Jaipur,2015,75055,First,19.01,1461.0,108.5,5.0,4.78 Lakh,6.5,4.78,False,False,True,10,0.34192530247238295
3876,Honda Accord VTi-L AT,Delhi,2009,65462,Third,11.1,2354.0,142.0,5.0,4.78 Lakh,3.5,4.78,False,True,False,16,0.3153153153153153
3877,Maruti Swift Ldi BSIII,Hyderabad,2008,76206,First,17.8,1248.0,75.0,5.0,4.78 Lakh,4.25,4.78,False,False,True,17,0.23876404494382023
3878,Mahindra XUV500 AT W10 FWD,Kochi,2018,25948,First,16.0,2179.0,140.0,7.0,4.78 Lakh,16.46,4.78,False,False,False,7,1.02875
3879,Honda Jazz 1.2 VX i VTEC,Mumbai,2016,28500,First,18.7,1199.0,88.7,5.0,4.78 Lakh,5.95,4.78,False,True,True,9,0.3181818181818182
3880,Honda City i VTEC V,Mumbai,2015,28004,First,17.8,1497.0,117.3,5.0,4.78 Lakh,7.1,4.78,False,True,True,10,0.398876404494382
3881,Fiat Grande Punto 1.2 Dynamic,Kolkata,2011,25000,Second,15.7,1172.0,67.0,5.0,4.78 Lakh,1.25,4.78,False,True,True,14,0.07961783439490447
3883,Maruti Ertiga ZXI,Pune,2013,82543,First,16.02,1373.0,93.7,7.0,4.78 Lakh,5.5,4.78,False,True,True,12,0.3433208489388265
3884,Nissan Micra XL,Chennai,2013,30000,First,18.44,1198.0,75.0,5.0,4.78 Lakh,3.25,4.78,False,True,True,12,0.17624728850325377
3885,Honda City 1.5 V MT,Hyderabad,2010,27800,First,17.0,1497.0,118.0,5.0,4.78 Lakh,5.0,4.78,False,True,True,15,0.29411764705882354
3886,Toyota Etios VX,Coimbatore,2016,33415,First,16.78,1496.0,88.73,5.0,4.78 Lakh,6.58,4.78,False,True,True,9,0.39213349225268174
3887,BMW 3 Series 320d Luxury Line,Mumbai,2013,38000,First,18.88,1995.0,184.0,5.0,4.78 Lakh,19.5,4.78,False,False,False,12,1.0328389830508475
3888,Honda Jazz 1.2 SV i VTEC,Kochi,2017,41981,First,18.7,1199.0,88.7,5.0,4.78 Lakh,6.14,4.78,False,True,True,8,0.3283422459893048
3889,Maruti Dzire VDI,Jaipur,2013,77084,First,28.4,1248.0,73.75,5.0,8.75 Lakh,4.95,8.75,False,False,True,12,0.17429577464788734
3890,Skoda Rapid 1.6 TDI Elegance,Hyderabad,2013,71803,First,20.5,1598.0,103.5,5.0,4.78 Lakh,5.75,4.78,False,False,True,12,0.2804878048780488
3891,Mahindra XUV500 W6 2WD,Kolkata,2013,73314,First,15.1,2179.0,140.0,7.0,4.78 Lakh,6.6,4.78,False,False,True,12,0.4370860927152318
3892,Hyundai Grand i10 AT Asta,Coimbatore,2015,69053,First,18.9,1197.0,82.0,5.0,4.78 Lakh,5.72,4.78,False,True,False,10,0.30264550264550266
3893,Honda City 1.5 V MT,Delhi,2009,79782,Second,17.0,1497.0,118.0,5.0,4.78 Lakh,2.6,4.78,False,True,True,16,0.15294117647058825
3894,Toyota Innova 2.5 GX 7 STR,Hyderabad,2010,250000,Second,12.8,2494.0,102.0,7.0,4.78 Lakh,6.5,4.78,False,False,True,15,0.5078125
3895,Mahindra XUV500 W8 2WD,Pune,2011,90000,Second,15.1,2179.0,140.0,7.0,4.78 Lakh,6.1,4.78,False,False,True,14,0.40397350993377484
3896,Maruti Swift Dzire VDi,Hyderabad,2010,130000,First,19.3,1248.0,73.9,5.0,4.78 Lakh,3.85,4.78,False,False,True,15,0.19948186528497408
3897,Volkswagen Vento Petrol Highline,Pune,2013,65000,Second,15.04,1598.0,103.6,5.0,4.78 Lakh,4.5,4.78,False,True,True,12,0.2992021276595745
3899,Audi A4 2.0 TDI,Bangalore,2013,76000,Second,16.55,1968.0,147.51,5.0,4.78 Lakh,18.25,4.78,False,False,False,12,1.1027190332326284
3900,Maruti Ertiga LXI,Ahmedabad,2012,28002,First,16.02,1373.0,93.7,7.0,4.78 Lakh,5.75,4.78,False,True,True,13,0.3589263420724095
3902,Maruti 800 AC,Jaipur,2010,70000,Second,16.1,796.0,37.0,4.0,4.78 Lakh,0.9,4.78,False,True,True,15,0.05590062111801242
3903,Honda City 1.5 V MT,Hyderabad,2011,66276,First,17.0,1497.0,118.0,5.0,4.78 Lakh,5.5,4.78,False,True,True,14,0.3235294117647059
3904,Maruti Swift Dzire VXI,Kolkata,2014,45000,First,19.1,1197.0,85.8,5.0,4.78 Lakh,3.99,4.78,False,True,True,11,0.2089005235602094
3905,Toyota Camry Hybrid,Delhi,2014,67000,First,19.16,2494.0,158.2,5.0,4.78 Lakh,18.75,4.78,False,True,False,11,0.9786012526096033
3906,Hyundai Grand i10 CRDi Sportz,Kolkata,2014,43068,First,24.0,1120.0,70.0,5.0,4.78 Lakh,3.5,4.78,False,False,True,11,0.14583333333333334
3907,Toyota Innova Crysta 2.8 GX AT 8S,Chennai,2016,40000,First,11.36,2755.0,171.5,8.0,21.1 Lakh,16.45,21.1,False,False,False,9,1.4480633802816902
3908,Hyundai i10 Magna,Coimbatore,2011,50436,First,20.36,1197.0,78.9,5.0,4.78 Lakh,3.65,4.78,False,True,True,14,0.17927308447937132
3909,Hyundai Grand i10 AT Asta,Bangalore,2014,21000,First,18.9,1197.0,82.0,5.0,4.78 Lakh,5.4,4.78,False,True,False,11,0.28571428571428575
3910,Maruti Baleno Alpha Diesel,Mumbai,2018,2000,First,27.39,1248.0,74.0,5.0,10.28 Lakh,8.7,10.28,False,False,True,7,0.3176341730558598
3911,Skoda Superb Style 1.8 TSI AT,Mumbai,2016,14500,First,14.67,1798.0,177.46,5.0,33.36 Lakh,20.75,33.36,False,True,False,9,1.414451261077028
3912,Mercedes-Benz New C-Class 220 CDI AT,Hyderabad,2010,68782,First,14.84,2143.0,170.0,5.0,4.78 Lakh,12.5,4.78,False,False,False,15,0.8423180592991913
3913,Maruti Ritz VDi,Kolkata,2011,35888,First,21.1,1248.0,73.9,5.0,4.78 Lakh,1.89,4.78,False,False,True,14,0.0895734597156398
3914,Maruti Swift Dzire Tour LDI,Kolkata,2015,168205,First,23.4,1248.0,74.0,5.0,4.78 Lakh,4.0,4.78,False,False,True,10,0.17094017094017094
3915,Honda Civic 2010-2013 1.8 V MT,Mumbai,2012,47000,First,14.8,1799.0,130.2,5.0,4.78 Lakh,3.95,4.78,False,True,True,13,0.2668918918918919
3916,Maruti Ertiga SHVS VDI,Hyderabad,2015,93700,First,24.52,1248.0,88.5,7.0,4.78 Lakh,7.85,4.78,False,False,True,10,0.3201468189233279
3917,Hyundai Elantra CRDi SX,Kolkata,2014,45000,First,22.7,1582.0,126.24,5.0,4.78 Lakh,7.0,4.78,False,False,True,11,0.30837004405286345
3918,Toyota Fortuner 4x2 AT,Hyderabad,2016,55547,First,12.55,2982.0,168.5,7.0,4.78 Lakh,24.99,4.78,False,False,False,9,1.9912350597609558
3919,Volkswagen Polo GT TSI,Delhi,2013,69000,First,17.21,1197.0,103.6,5.0,4.78 Lakh,4.5,4.78,False,True,False,12,0.26147588611272515
3920,Skoda Octavia Classic 1.9 TDI MT,Pune,2005,88000,Third,18.7,1896.0,66.0,5.0,4.78 Lakh,1.25,4.78,False,False,True,20,0.06684491978609626
3921,Volkswagen Polo 1.5 TDI Trendline,Delhi,2014,32400,First,20.14,1498.0,88.8,5.0,4.78 Lakh,3.95,4.78,False,False,True,11,0.1961271102284012
3922,Hyundai Santro Xing GL Plus,Pune,2012,79000,Second,17.92,1086.0,62.1,5.0,4.78 Lakh,1.6,4.78,False,True,True,13,0.08928571428571429
3923,Hyundai Accent GLE,Hyderabad,2004,110000,First,13.2,1495.0,94.0,5.0,4.78 Lakh,0.6,4.78,False,True,True,21,0.045454545454545456
3924,Hyundai EON D Lite Plus,Coimbatore,2014,45407,Second,21.1,814.0,55.2,5.0,4.78 Lakh,3.39,4.78,False,True,True,11,0.16066350710900473
3925,Toyota Innova 2.5 V Diesel 7-seater,Hyderabad,2011,136490,First,12.8,2494.0,102.0,7.0,4.78 Lakh,9.8,4.78,False,False,True,14,0.765625
3926,Maruti Ignis 1.3 Zeta,Mumbai,2017,19000,First,26.8,1248.0,74.0,5.0,4.78 Lakh,5.91,4.78,False,False,True,8,0.22052238805970148
3927,Maruti Ciaz Alpha,Mumbai,2017,19416,First,21.56,1462.0,103.25,5.0,11.56 Lakh,8.25,11.56,False,True,True,8,0.38265306122448983
3928,Maruti Swift Dzire VXi,Mumbai,2012,15500,First,17.5,1298.0,85.8,5.0,4.78 Lakh,3.75,4.78,False,True,True,13,0.21428571428571427
3929,Honda City i VTEC CVT VX,Hyderabad,2017,12538,First,18.0,1497.0,117.3,5.0,4.78 Lakh,12.5,4.78,False,True,False,8,0.6944444444444444
3931,Honda Brio S MT,Delhi,2015,44328,First,19.4,1198.0,86.8,5.0,4.78 Lakh,3.8,4.78,False,True,True,10,0.1958762886597938
3932,Toyota Etios Liva GD,Delhi,2014,63000,First,23.59,1364.0,67.04,5.0,4.78 Lakh,4.35,4.78,False,False,True,11,0.1844001695633743
3933,Volvo XC60 D5,Hyderabad,2015,100000,First,13.5,2400.0,215.0,5.0,4.78 Lakh,32.5,4.78,False,False,False,10,2.4074074074074074
3934,Tata Indigo CS eGVX,Kolkata,2015,103000,First,15.64,1193.0,64.08,5.0,4.78 Lakh,3.0,4.78,False,True,True,10,0.1918158567774936
3935,Toyota Innova Crysta 2.8 ZX AT,Pune,2016,50296,Second,11.36,2755.0,171.5,7.0,27.07 Lakh,19.0,27.07,False,False,False,9,1.6725352112676057
3936,Volkswagen Vento Diesel Highline,Pune,2013,95500,First,20.54,1598.0,103.6,5.0,4.78 Lakh,5.0,4.78,False,False,True,12,0.24342745861733203
3937,Ford Ecosport 1.5 DV5 MT Titanium,Pune,2014,72100,First,22.7,1498.0,89.84,5.0,4.78 Lakh,5.45,4.78,False,False,True,11,0.24008810572687225
3938,Maruti Wagon R VXI,Mumbai,2010,19119,First,18.9,998.0,67.1,5.0,4.78 Lakh,2.7,4.78,False,True,True,15,0.14285714285714288
3939,Mercedes-Benz S-Class 320 L,Mumbai,2006,30000,First,13.0,2987.0,210.0,5.0,4.78 Lakh,10.75,4.78,False,True,True,19,0.8269230769230769
3940,Volkswagen Polo 1.5 TDI Highline,Hyderabad,2015,75600,First,20.14,1498.0,88.8,5.0,4.78 Lakh,5.8,4.78,False,False,True,10,0.28798411122144985
3941,Tata Indica GLS BS IV,Pune,2007,137000,Second,15.3,1193.0,65.3,5.0,4.78 Lakh,0.95,4.78,False,True,True,18,0.06209150326797385
3942,Maruti 800 Std BSIII,Jaipur,2002,53500,Second,16.1,796.0,37.0,4.0,4.78 Lakh,0.63,4.78,False,True,True,23,0.03913043478260869
3943,Jeep Compass 2.0 Longitude,Kochi,2018,26101,First,17.1,1956.0,170.0,5.0,21.38 Lakh,17.55,21.38,False,False,True,7,1.026315789473684
3944,Maruti Alto K10 LXI Optional,Pune,2016,7000,First,24.07,998.0,67.1,5.0,4.36 Lakh,3.0,4.36,False,True,True,9,0.12463647694225176
3945,Skoda Octavia Elegance 2.0 TDI AT,Bangalore,2013,50000,First,19.3,1968.0,141.0,5.0,4.78 Lakh,15.0,4.78,False,False,False,12,0.7772020725388601
3946,Maruti Swift Dzire VDI Optional,Hyderabad,2016,30000,First,26.59,1248.0,74.0,5.0,4.78 Lakh,6.0,4.78,False,False,True,9,0.22564874012786762
3947,Maruti Ciaz VDi Plus SHVS,Mumbai,2016,38151,First,28.09,1248.0,88.5,5.0,4.78 Lakh,7.65,4.78,False,False,True,9,0.27233891064435745
3948,Mercedes-Benz New C-Class C 220 CDI CLASSIC,Jaipur,2009,116000,Second,15.8,2148.0,170.0,5.0,4.78 Lakh,8.5,4.78,False,False,True,16,0.5379746835443038
3949,Ford Figo Diesel ZXI,Kolkata,2013,22000,First,20.0,1399.0,68.0,5.0,4.78 Lakh,2.25,4.78,False,False,True,12,0.1125
3950,Toyota Corolla Altis VL,Delhi,2010,60000,Second,14.53,1798.0,138.1,5.0,4.78 Lakh,4.65,4.78,False,True,False,15,0.32002752924982797
3951,Maruti SX4 S Cross DDiS 320 Zeta,Mumbai,2016,38000,First,22.7,1598.0,118.0,5.0,4.78 Lakh,7.85,4.78,False,False,True,9,0.34581497797356825
3952,Ford Figo Petrol ZXI,Coimbatore,2011,51928,First,15.6,1196.0,70.0,5.0,4.78 Lakh,3.46,4.78,False,True,True,14,0.22179487179487178
3953,Honda Jazz Exclusive CVT,Mumbai,2018,3000,First,19.0,1199.0,88.7,5.0,10.81 Lakh,8.25,10.81,False,True,False,7,0.4342105263157895
3954,Maruti Zen LXi - BS III,Pune,2006,67196,First,17.3,993.0,60.0,5.0,4.78 Lakh,1.25,4.78,False,True,True,19,0.0722543352601156
3955,Toyota Fortuner 3.0 Diesel,Bangalore,2012,100000,Third,11.5,2982.0,171.0,7.0,4.78 Lakh,16.0,4.78,False,False,True,13,1.391304347826087
3956,Maruti Ciaz ZDi Plus,Jaipur,2015,65218,First,26.21,1248.0,88.5,5.0,4.78 Lakh,7.4,4.78,False,False,True,10,0.28233498664631823
3957,Renault KWID RXT,Kochi,2016,53886,First,25.17,799.0,53.3,5.0,4.78 Lakh,3.07,4.78,False,True,True,9,0.12197059992054031
3958,Hyundai i10 Magna AT,Coimbatore,2011,50058,First,19.2,1197.0,80.0,5.0,4.78 Lakh,3.84,4.78,False,True,False,14,0.2
3959,Maruti Celerio ZXI AT Optional,Pune,2016,64000,First,23.1,998.0,67.04,5.0,4.78 Lakh,4.2,4.78,False,True,False,9,0.18181818181818182
3960,Hyundai Creta 1.4 E Plus Diesel,Kochi,2018,41641,First,21.38,1396.0,88.7,5.0,4.78 Lakh,10.82,4.78,False,False,True,7,0.5060804490177736
3961,Honda Jazz 1.5 SV i DTEC,Hyderabad,2016,44345,First,27.3,1498.0,98.6,5.0,4.78 Lakh,6.1,4.78,False,False,True,9,0.22344322344322343
3962,Honda City 1.5 S MT,Kolkata,2011,45501,First,17.0,1497.0,118.0,5.0,4.78 Lakh,3.1,4.78,False,True,True,14,0.1823529411764706
3963,Mitsubishi Lancer 1.5 SFXi,Chennai,2001,104000,Third,13.7,1468.0,85.8,5.0,4.78 Lakh,1.0,4.78,False,True,True,24,0.07299270072992702
3964,Nissan Sunny XE P,Coimbatore,2012,50297,First,16.95,1498.0,97.6,5.0,8.55 Lakh,4.69,8.55,False,True,True,13,0.27669616519174045
3965,Honda Accord 2.4 AT,Mumbai,2011,87000,First,11.7,2354.0,177.6,5.0,4.78 Lakh,5.4,4.78,False,True,False,14,0.4615384615384616
3966,Mahindra XUV500 W8 2WD,Mumbai,2016,120000,First,15.1,2179.0,140.0,7.0,4.78 Lakh,12.0,4.78,False,False,True,9,0.794701986754967
3967,Hyundai i20 1.2 Magna Executive,Mumbai,2018,17000,First,18.6,1197.0,81.83,5.0,4.78 Lakh,6.5,4.78,False,True,True,7,0.3494623655913978
3968,Nissan Micra Diesel XL,Chennai,2014,100000,First,23.08,1461.0,63.1,5.0,4.78 Lakh,3.0,4.78,False,False,True,11,0.12998266897746968
3969,Maruti Ciaz AT ZXi,Kochi,2015,50979,First,19.12,1373.0,91.1,5.0,4.78 Lakh,6.9,4.78,False,True,False,10,0.3608786610878661
3970,Volkswagen Vento Diesel Trendline,Chennai,2011,41000,First,20.54,1598.0,103.6,5.0,4.78 Lakh,4.0,4.78,False,False,True,14,0.19474196689386564
3971,Hyundai i20 Asta,Chennai,2011,24000,First,17.0,1197.0,80.0,5.0,4.78 Lakh,4.25,4.78,False,True,True,14,0.25
3972,Toyota Corolla Altis G,Hyderabad,2008,44738,First,14.53,1798.0,138.1,5.0,4.78 Lakh,5.1,4.78,False,True,True,17,0.3509979353062629
3973,Honda City i DTEC VX,Kolkata,2014,37298,First,25.1,1498.0,98.6,5.0,4.78 Lakh,4.9,4.78,False,False,True,11,0.1952191235059761
3974,Maruti Swift VXI BSIV,Pune,2014,42000,Second,20.4,1197.0,81.8,5.0,4.78 Lakh,3.6,4.78,False,True,True,11,0.17647058823529413
3975,Mercedes-Benz E-Class 2009-2013 E250 CDI Elegance,Pune,2016,45000,First,14.21,2143.0,203.0,5.0,4.78 Lakh,34.0,4.78,False,False,False,9,2.3926812104152004
3976,Toyota Innova 2.5 G (Diesel) 7 Seater,Mumbai,2015,102000,First,12.99,2494.0,100.6,7.0,4.78 Lakh,8.25,4.78,False,False,True,10,0.6351039260969977
3977,Maruti Swift Lxi BSIII,Pune,2011,70000,First,16.1,1298.0,88.2,5.0,4.78 Lakh,1.3,4.78,False,True,True,14,0.08074534161490683
3978,Mercedes-Benz New C-Class C 220d Avantgarde Edition C,Coimbatore,2018,27467,First,19.27,2143.0,167.62,5.0,4.78 Lakh,39.05,4.78,False,False,False,7,2.0264660093409446
3979,Hyundai Grand i10 Asta,Kolkata,2015,15305,First,18.9,1197.0,82.0,5.0,4.78 Lakh,3.75,4.78,False,True,True,10,0.19841269841269843
3980,Maruti Wagon R LXI BS IV,Mumbai,2010,70000,First,18.9,998.0,67.1,5.0,4.78 Lakh,2.1,4.78,False,True,True,15,0.11111111111111112
3981,Ford EcoSport 1.5 TDCi Titanium,Hyderabad,2016,36778,First,22.77,1498.0,98.59,5.0,4.78 Lakh,8.8,4.78,False,False,True,9,0.38647342995169087
3982,Volkswagen Polo 1.2 MPI Comfortline,Coimbatore,2015,25845,First,16.47,1198.0,74.0,5.0,4.78 Lakh,5.84,4.78,False,True,True,10,0.35458409228901033
3983,Hyundai Verna 1.6 VTVT AT SX,Kochi,2018,33858,First,17.01,1591.0,121.3,5.0,4.78 Lakh,9.03,4.78,False,True,False,7,0.5308641975308641
3984,Renault KWID AMT RXL,Ahmedabad,2017,12000,Second,24.04,999.0,67.0,5.0,4.78 Lakh,3.25,4.78,False,True,False,8,0.13519134775374375
3985,Honda Brio S Option AT,Coimbatore,2013,33709,First,16.5,1198.0,86.8,5.0,4.78 Lakh,4.9,4.78,False,True,False,12,0.296969696969697
3986,Ford Figo Aspire 1.2 Ti-VCT Titanium,Kochi,2018,32709,First,18.16,1196.0,86.8,5.0,4.78 Lakh,6.46,4.78,False,True,True,7,0.355726872246696
3987,Toyota Fortuner 3.0 Diesel,Bangalore,2014,72000,Second,11.5,2982.0,171.0,7.0,4.78 Lakh,18.5,4.78,False,False,True,11,1.608695652173913
3988,Tata Indigo eCS eLX BS IV,Ahmedabad,2013,31000,First,25.0,1396.0,69.01,5.0,4.78 Lakh,2.7,4.78,False,False,True,12,0.10800000000000001
3989,Ford Figo 2015-2019 1.5D Ambiente MT,Chennai,2016,70000,First,25.83,1498.0,99.0,5.0,4.78 Lakh,4.6,4.78,False,False,True,9,0.17808749516066588
3990,Maruti Swift Dzire VDI,Jaipur,2014,61000,First,23.4,1248.0,74.0,5.0,4.78 Lakh,5.35,4.78,False,False,True,11,0.22863247863247863
3991,Nissan Micra Diesel XV Primo,Pune,2011,72000,First,23.08,1461.0,63.1,5.0,4.78 Lakh,2.3,4.78,False,False,True,14,0.09965337954939342
3992,Skoda Octavia Style Plus 2.0 TDI AT,Delhi,2016,49000,First,19.3,1968.0,141.0,5.0,4.78 Lakh,15.45,4.78,False,False,False,9,0.8005181347150259
3993,Volkswagen Jetta 2013-2015 2.0L TDI Highline AT,Hyderabad,2014,42939,First,16.96,1968.0,138.03,5.0,4.78 Lakh,12.49,4.78,False,False,False,11,0.736438679245283
3994,Audi Q7 35 TDI Quattro Technology,Coimbatore,2016,32545,First,12.07,2967.0,241.4,7.0,4.78 Lakh,48.76,4.78,False,False,False,9,4.03976801988401
3995,Hyundai i20 1.2 Sportz,Pune,2011,54000,First,17.0,1197.0,80.0,5.0,4.78 Lakh,3.2,4.78,False,True,True,14,0.18823529411764706
3996,BMW 3 Series 320d Corporate Edition,Delhi,2012,76000,First,16.07,1995.0,181.0,4.0,4.78 Lakh,8.75,4.78,False,False,False,13,0.5444928438083385
3997,Hyundai i20 Active 1.4 SX Dual Tone,Kolkata,2015,27000,First,21.19,1396.0,88.73,5.0,4.78 Lakh,5.99,4.78,False,False,True,10,0.2826805096743747
3998,Mahindra Scorpio 2.6 DX,Chennai,2005,120000,Second,12.7,2609.0,116.6,8.0,4.78 Lakh,2.9,4.78,False,False,True,20,0.2283464566929134
4000,Ford Figo Diesel EXI,Kolkata,2011,37000,First,20.0,1399.0,68.05,5.0,4.78 Lakh,1.8,4.78,False,False,True,14,0.09
4001,Honda Accord 2.4 Inspire M/T,Mumbai,2012,42000,First,9.8,2354.0,180.0,5.0,4.78 Lakh,6.25,4.78,False,True,True,13,0.6377551020408163
4002,Hyundai i20 Sportz 1.4 CRDi,Bangalore,2013,60000,First,21.9,1396.0,88.76,5.0,4.78 Lakh,5.45,4.78,False,False,True,12,0.2488584474885845
4003,Jaguar XF 2.2 Litre Luxury,Mumbai,2018,3000,First,16.36,2179.0,187.7,5.0,4.78 Lakh,52.5,4.78,False,False,False,7,3.2090464547677264
4004,Hyundai Verna 1.6 SX VTVT (O) AT,Mumbai,2013,44000,First,17.1,1591.0,121.4,5.0,4.78 Lakh,5.6,4.78,False,True,False,12,0.327485380116959
4005,Honda City i VTEC VX Option,Kolkata,2014,37000,First,17.4,1497.0,117.3,5.0,4.78 Lakh,6.45,4.78,False,True,True,11,0.3706896551724138
4006,Hyundai i20 Asta Optional with Sunroof 1.2,Mumbai,2012,50000,First,18.5,1197.0,82.85,5.0,4.78 Lakh,3.7,4.78,False,True,True,13,0.2
4007,Honda Brio S MT,Chennai,2013,58581,First,19.4,1198.0,86.8,5.0,4.78 Lakh,3.49,4.78,False,True,True,12,0.17989690721649487
4008,Hyundai i20 Sportz 1.4 CRDi,Kolkata,2013,25500,First,21.9,1396.0,88.76,5.0,4.78 Lakh,3.55,4.78,False,False,True,12,0.16210045662100456
4009,Maruti Grand Vitara 2.4 MT,Mumbai,2017,25000,First,10.4,2393.0,163.5,5.0,4.78 Lakh,9.0,4.78,False,True,True,8,0.8653846153846153
4010,Maruti A-Star Vxi,Hyderabad,2011,53766,First,19.0,998.0,66.1,5.0,4.78 Lakh,2.7,4.78,False,True,True,14,0.14210526315789473
4011,Fiat Punto 1.3 Emotion,Pune,2011,45271,First,20.3,1197.0,74.0,5.0,4.78 Lakh,2.6,4.78,False,False,True,14,0.12807881773399016
4012,Maruti Alto LXi,Chennai,2006,68000,First,19.7,796.0,46.3,5.0,4.78 Lakh,1.5,4.78,False,True,True,19,0.07614213197969544
4013,Mahindra XUV500 W10 2WD,Jaipur,2017,40000,First,16.0,2179.0,140.0,7.0,4.78 Lakh,15.9,4.78,False,False,True,8,0.99375
4014,Maruti Swift RS VDI,Hyderabad,2013,73212,First,22.9,1248.0,74.0,5.0,4.78 Lakh,5.2,4.78,False,False,True,12,0.2270742358078603
4015,BMW X1 sDrive20d,Mumbai,2014,69000,First,17.05,1995.0,184.0,5.0,4.78 Lakh,16.25,4.78,False,False,False,11,0.9530791788856304
4016,Volkswagen Passat 2.0 PD DSG,Mumbai,2007,61932,Second,14.3,1968.0,140.0,5.0,4.78 Lakh,3.31,4.78,False,False,False,18,0.23146853146853147
4017,BMW X3 xDrive20d,Bangalore,2012,52000,First,16.09,1995.0,184.0,5.0,4.78 Lakh,24.0,4.78,False,False,False,13,1.4916096954630205
4018,Maruti Ritz VXi,Kolkata,2011,150000,First,18.5,1197.0,85.8,5.0,4.78 Lakh,2.5,4.78,False,True,True,14,0.13513513513513514
4019,Hyundai i20 Sportz 1.4 CRDi,Jaipur,2013,70933,Second,21.9,1396.0,88.76,5.0,4.78 Lakh,3.9,4.78,False,False,True,12,0.17808219178082194
4020,Maruti Swift VDI BSIV,Kolkata,2013,115195,First,25.2,1248.0,74.0,5.0,4.78 Lakh,3.85,4.78,False,False,True,12,0.1527777777777778
4021,Mercedes-Benz New C-Class 200 Kompressor,Delhi,2011,62148,First,11.7,1796.0,178.0,5.0,4.78 Lakh,8.8,4.78,False,True,True,14,0.7521367521367522
4022,Toyota Corolla Altis 1.8 GL,Chennai,2009,32000,Second,14.28,1798.0,138.03,5.0,22.66 Lakh,4.95,22.66,False,True,True,16,0.3466386554621849
4023,Hyundai Verna 1.6 SX CRDi (O),Kolkata,2014,58000,First,22.32,1582.0,126.32,5.0,4.78 Lakh,5.75,4.78,False,False,True,11,0.2576164874551971
4024,Renault Duster 110PS Diesel RxZ,Kochi,2014,68598,First,19.01,1461.0,108.45,5.0,4.78 Lakh,6.17,4.78,False,False,True,11,0.32456601788532347
4025,Maruti Swift Ldi BSIII,Chennai,2010,84072,First,17.8,1248.0,75.0,5.0,4.78 Lakh,3.45,4.78,False,False,True,15,0.19382022471910113
4026,Maruti Alto K10 VXI,Jaipur,2016,51264,First,24.07,998.0,67.1,5.0,4.24 Lakh,3.2,4.24,False,True,True,9,0.13294557540506854
4027,Hyundai Creta 1.6 SX Plus Petrol Automatic,Coimbatore,2017,21363,First,13.0,1591.0,121.3,5.0,4.78 Lakh,13.49,4.78,False,True,False,8,1.0376923076923077
4028,Mercedes-Benz CLA 200 CGI Sport,Delhi,2016,40000,First,15.04,1991.0,183.0,5.0,41.02 Lakh,24.5,41.02,False,True,False,9,1.6289893617021278
4029,Honda CR-V 2.4 4WD AT,Kolkata,2015,35000,First,10.1,2354.0,152.0,5.0,4.78 Lakh,14.7,4.78,False,True,False,10,1.4554455445544554
4030,Ford Ecosport 1.5 DV5 MT Trend,Hyderabad,2014,55000,First,22.7,1498.0,89.84,5.0,4.78 Lakh,6.0,4.78,False,False,True,11,0.2643171806167401
4031,Mercedes-Benz E-Class 2015-2017 E250 CDI Avantgarde,Coimbatore,2016,43252,First,13.0,2143.0,204.0,5.0,4.78 Lakh,34.18,4.78,False,False,False,9,2.629230769230769
4032,Hyundai Grand i10 CRDi Magna,Delhi,2014,42000,First,24.0,1120.0,70.0,5.0,4.78 Lakh,3.5,4.78,False,False,True,11,0.14583333333333334
4033,Ford Fiesta 1.4 Duratec ZXI,Hyderabad,2006,69000,First,16.6,1388.0,68.0,5.0,4.78 Lakh,2.15,4.78,False,True,True,19,0.1295180722891566
4034,Hyundai Creta 1.6 SX Automatic Diesel,Kolkata,2018,14000,First,17.6,1582.0,126.2,5.0,17 Lakh,11.25,17.0,False,False,False,7,0.6392045454545454
4035,Maruti A-Star Lxi,Delhi,2010,70000,First,19.0,998.0,66.1,5.0,4.78 Lakh,2.0,4.78,False,True,True,15,0.10526315789473684
4036,Maruti Ritz LDi,Kochi,2015,35314,First,23.2,1248.0,73.94,5.0,4.78 Lakh,4.27,4.78,False,False,True,10,0.18405172413793103
4037,Honda City i VTEC SV,Kochi,2017,38691,First,17.8,1497.0,117.3,5.0,4.78 Lakh,7.68,4.78,False,True,True,8,0.4314606741573033
4038,Toyota Innova 2.5 GX (Diesel) 7 Seater,Coimbatore,2017,72717,First,12.99,2494.0,100.6,7.0,4.78 Lakh,14.52,4.78,False,False,True,8,1.117782909930716
4039,Mercedes-Benz R-Class R350 4Matic Long,Mumbai,2011,82000,Second,11.8,3498.0,272.0,7.0,4.78 Lakh,16.85,4.78,False,True,False,14,1.4279661016949152
4040,Skoda Rapid 1.5 TDI Elegance,Mumbai,2015,44000,First,21.14,1498.0,103.52,5.0,4.78 Lakh,5.75,4.78,False,False,True,10,0.27199621570482496
4041,Ford Ecosport 1.5 Ti VCT MT Titanium,Mumbai,2017,27000,First,15.8,1499.0,110.0,5.0,4.78 Lakh,8.3,4.78,False,True,True,8,0.5253164556962026
4042,Maruti Celerio VXI AT,Chennai,2014,18500,First,23.1,998.0,67.04,5.0,4.78 Lakh,3.95,4.78,False,True,False,11,0.170995670995671
4043,Volkswagen Vento Petrol Highline,Mumbai,2014,45000,First,15.04,1598.0,103.6,5.0,4.78 Lakh,4.8,4.78,False,True,True,11,0.3191489361702128
4044,Volvo XC60 D5,Ahmedabad,2011,173000,First,13.5,2400.0,215.0,5.0,4.78 Lakh,12.0,4.78,False,False,False,14,0.8888888888888888
4045,Toyota Etios Cross 1.4 GD,Ahmedabad,2017,42000,First,23.59,1364.0,67.04,5.0,4.78 Lakh,6.25,4.78,False,False,True,8,0.26494277236117
4046,Tata Indica Vista TDI LX,Jaipur,2012,90000,First,19.4,1405.0,70.0,5.0,4.78 Lakh,2.5,4.78,False,False,True,13,0.1288659793814433
4047,Honda City i VTEC CVT VX,Pune,2014,82329,First,18.0,1497.0,117.3,5.0,4.78 Lakh,7.5,4.78,False,True,False,11,0.4166666666666667
4048,Honda City 1.5 V MT,Delhi,2010,80302,First,17.0,1497.0,118.0,5.0,4.78 Lakh,3.5,4.78,False,True,True,15,0.20588235294117646
4049,Skoda Octavia Rider Classic 1.9 TDI,Hyderabad,2005,105000,First,18.7,1896.0,66.0,5.0,4.78 Lakh,1.99,4.78,False,False,True,20,0.10641711229946524
4050,Toyota Corolla 1.8 J,Kolkata,2009,60000,First,14.53,1798.0,138.0,5.0,4.78 Lakh,2.25,4.78,False,True,True,16,0.1548520302821748
4051,Toyota Etios G,Delhi,2014,70000,First,16.78,1496.0,88.73,5.0,4.78 Lakh,3.25,4.78,False,True,True,11,0.1936829558998808
4052,BMW X1 sDrive20d,Bangalore,2016,45000,First,17.05,1995.0,184.0,5.0,4.78 Lakh,28.5,4.78,False,False,False,9,1.6715542521994133
4053,Honda City ZX CVT,Kolkata,2006,44000,First,16.4,1497.0,78.0,5.0,4.78 Lakh,1.5,4.78,False,True,False,19,0.09146341463414635
4054,Hyundai i20 Sportz 1.4 CRDi,Delhi,2017,25500,First,22.54,1396.0,88.73,5.0,4.78 Lakh,7.0,4.78,False,False,True,8,0.31055900621118016
4055,Mercedes-Benz E-Class E350 CDI,Delhi,2014,68000,First,13.0,2987.0,261.5,5.0,4.78 Lakh,27.5,4.78,False,False,False,11,2.1153846153846154
4056,Hyundai Creta 1.6 CRDi SX Option,Ahmedabad,2015,61786,First,19.67,1582.0,126.2,5.0,4.78 Lakh,10.5,4.78,False,False,True,10,0.5338078291814946
4057,Audi Q3 2012-2015 2.0 TDI Quattro Premium Plus,Jaipur,2014,65000,Second,15.73,1968.0,174.33,5.0,4.78 Lakh,21.5,4.78,False,False,False,11,1.3668150031786395
4058,Land Rover Discovery Sport TD4 HSE,Delhi,2016,77000,First,12.63,2179.0,147.5,5.0,4.78 Lakh,35.0,4.78,False,False,False,9,2.771179730799683
4059,Skoda Rapid 1.5 TDI AT Elegance Plus,Hyderabad,2015,34000,First,21.66,1498.0,103.52,5.0,4.78 Lakh,7.99,4.78,False,False,False,10,0.36888273314866116
4060,Maruti Celerio VXI AT,Coimbatore,2015,59751,First,23.1,998.0,67.04,5.0,4.78 Lakh,4.88,4.78,False,True,False,10,0.21125541125541122
4061,Audi RS5 Coupe,Mumbai,2013,23312,First,11.05,2894.0,444.0,4.0,1.28 Cr,40.5,1.28,False,True,False,12,3.665158371040724
4062,Maruti Ciaz ZXi Plus,Mumbai,2015,30000,First,20.73,1373.0,91.1,5.0,4.78 Lakh,6.55,4.78,False,True,True,10,0.31596719729860107
4063,Audi Q5 2.0 TDI Premium Plus,Coimbatore,2015,60146,First,14.16,1968.0,174.3,5.0,4.78 Lakh,29.64,4.78,False,False,False,10,2.093220338983051
4064,Ford Figo Diesel Titanium,Coimbatore,2013,44731,Second,20.0,1399.0,68.0,5.0,4.78 Lakh,4.34,4.78,False,False,True,12,0.217
4065,Ford Ecosport 1.0 Ecoboost Titanium,Kochi,2014,43316,First,18.88,999.0,123.37,5.0,4.78 Lakh,6.22,4.78,False,True,True,11,0.3294491525423729
4066,Honda City 1.5 S MT,Delhi,2009,92000,Second,17.0,1497.0,118.0,5.0,4.78 Lakh,2.25,4.78,False,True,True,16,0.1323529411764706
4067,Jaguar XF 2.2 Litre Luxury,Hyderabad,2015,50000,First,16.36,2179.0,187.7,5.0,4.78 Lakh,38.0,4.78,False,False,False,10,2.3227383863080684
4068,Maruti Swift VXI BSIV,Mumbai,2008,69000,Second,20.4,1197.0,81.8,5.0,4.78 Lakh,2.15,4.78,False,True,True,17,0.1053921568627451
4069,BMW 5 Series 520d Luxury Line,Coimbatore,2014,60280,First,22.48,1995.0,190.0,5.0,63.71 Lakh,22.45,63.71,False,False,False,11,0.9986654804270462
4070,Mercedes-Benz B Class B200 CDI,Coimbatore,2017,48161,First,15.0,2143.0,107.3,5.0,4.78 Lakh,20.87,4.78,False,False,False,8,1.3913333333333333
4071,Honda Brio S MT,Mumbai,2013,41000,First,19.4,1198.0,86.8,5.0,4.78 Lakh,3.1,4.78,False,True,True,12,0.1597938144329897
4072,Hyundai i20 Sportz 1.2,Mumbai,2016,6000,First,18.6,1197.0,81.83,5.0,4.78 Lakh,5.95,4.78,False,True,True,9,0.31989247311827956
4073,Tata Indica V2 DLG TC,Mumbai,2006,133000,Second,16.8,1405.0,68.0,5.0,4.78 Lakh,0.86,4.78,False,False,True,19,0.05119047619047619
4074,Toyota Fortuner 3.0 Diesel,Delhi,2010,76000,First,11.5,2982.0,171.0,7.0,4.78 Lakh,9.25,4.78,False,False,True,15,0.8043478260869565
4075,Hyundai i10 Sportz 1.1L,Mumbai,2011,15590,First,19.81,1086.0,68.05,5.0,4.78 Lakh,2.25,4.78,False,True,True,14,0.11357900050479557
4076,Hyundai i20 1.2 Sportz Option,Kochi,2016,69681,First,17.0,1197.0,80.0,5.0,4.78 Lakh,6.13,4.78,False,True,True,9,0.36058823529411765
4078,Honda Amaze S AT i-Vtech,Pune,2014,49112,Second,15.5,1198.0,86.7,5.0,4.78 Lakh,3.79,4.78,False,True,False,11,0.24451612903225806
4079,Land Rover Range Rover 3.0 Diesel LWB Vogue,Hyderabad,2017,25000,First,13.33,2993.0,255.0,5.0,2.3 Cr,160.0,2.3,False,False,False,8,12.003000750187546
4081,Hyundai i10 Sportz 1.2 AT,Pune,2013,15200,Second,16.95,1197.0,78.9,5.0,4.78 Lakh,3.85,4.78,False,True,False,12,0.22713864306784662
4082,Volkswagen Polo Diesel Trendline 1.2L,Hyderabad,2013,86300,First,22.07,1199.0,73.9,5.0,4.78 Lakh,4.5,4.78,False,False,True,12,0.20389669234254645
4083,Maruti Baleno RS Petrol,Coimbatore,2018,26731,First,21.1,998.0,100.0,5.0,10.89 Lakh,8.61,10.89,False,True,True,7,0.40805687203791463
4084,Hyundai i20 Sportz 1.4 CRDi,Ahmedabad,2016,74000,First,21.9,1396.0,88.76,5.0,4.78 Lakh,6.5,4.78,False,False,True,9,0.29680365296803657
4085,Toyota Corolla H4,Chennai,2005,83929,First,11.3,1794.0,125.0,5.0,4.78 Lakh,2.6,4.78,False,True,False,20,0.23008849557522124
4086,Toyota Innova 2.5 VX (Diesel) 7 Seater,Pune,2015,65000,First,12.99,2494.0,100.6,7.0,4.78 Lakh,15.0,4.78,False,False,True,10,1.1547344110854503
4087,Maruti Celerio VXI AT Optional,Pune,2017,20000,First,23.1,998.0,67.04,5.0,4.78 Lakh,4.7,4.78,False,True,False,8,0.20346320346320346
4088,Skoda Octavia Elegance 2.0 TDI AT,Hyderabad,2015,122086,First,19.3,1968.0,141.0,5.0,4.78 Lakh,12.99,4.78,False,False,False,10,0.6730569948186529
4089,Honda Mobilio S i VTEC,Kochi,2018,35442,First,17.3,1497.0,117.3,7.0,4.78 Lakh,7.32,4.78,False,True,True,7,0.423121387283237
4090,Hyundai Verna 1.6 CRDi SX,Delhi,2015,62542,Second,23.9,1582.0,126.2,5.0,4.78 Lakh,6.5,4.78,False,False,True,10,0.27196652719665276
4091,Honda City 1.5 S MT,Coimbatore,2012,26671,Second,17.0,1497.0,118.0,5.0,4.78 Lakh,5.67,4.78,False,True,True,13,0.33352941176470585
4092,Ford Classic 1.4 Duratorq Titanium,Chennai,2014,83500,Second,19.68,1399.0,67.0,5.0,4.78 Lakh,3.0,4.78,False,False,True,11,0.1524390243902439
4093,Maruti Ciaz ZDi,Delhi,2015,46166,Second,26.21,1248.0,88.5,5.0,4.78 Lakh,5.5,4.78,False,False,True,10,0.2098435711560473
4094,Maruti Wagon R VXI BS IV,Pune,2015,25200,First,18.9,998.0,67.1,5.0,4.78 Lakh,3.35,4.78,False,True,True,10,0.17724867724867727
4095,Audi A4 3.0 TDI Quattro,Coimbatore,2015,35463,First,14.94,2967.0,241.4,5.0,4.78 Lakh,25.02,4.78,False,False,False,10,1.6746987951807228
4096,Toyota Camry Hybrid 2.5,Coimbatore,2017,23249,First,19.16,2487.0,175.67,5.0,40.62 Lakh,26.11,40.62,False,True,False,8,1.3627348643006263
4097,Hyundai i20 Asta 1.2,Coimbatore,2016,40310,First,18.6,1197.0,81.83,5.0,4.78 Lakh,7.09,4.78,False,True,True,9,0.3811827956989247
4099,Hyundai Grand i10 1.2 Kappa Asta,Delhi,2018,10000,First,18.9,1197.0,81.86,5.0,7.54 Lakh,6.5,7.54,False,True,True,7,0.34391534391534395
4100,Volkswagen Polo Diesel Trendline 1.2L,Chennai,2012,94000,First,22.07,1199.0,73.9,5.0,4.78 Lakh,4.5,4.78,False,False,True,13,0.20389669234254645
4101,BMW X5 xDrive 30d M Sport,Chennai,2016,45000,First,15.97,2993.0,258.0,5.0,4.78 Lakh,57.0,4.78,False,False,False,9,3.5691922354414527
4102,Volkswagen Polo Petrol Comfortline 1.2L,Kochi,2012,52818,First,16.47,1198.0,73.9,5.0,4.78 Lakh,3.82,4.78,False,True,True,13,0.23193685488767457
4103,Renault Duster 85PS Diesel RxE,Jaipur,2013,61238,First,20.45,1461.0,83.8,5.0,4.78 Lakh,5.25,4.78,False,False,True,12,0.2567237163814181
4104,Skoda Superb Style 1.8 TSI AT,Coimbatore,2016,54253,First,14.67,1798.0,177.46,5.0,30.19 Lakh,16.81,30.19,False,True,False,9,1.1458759372869802
4105,Audi Q5 2.0 TDI,Delhi,2013,71000,First,14.16,1968.0,174.3,5.0,4.78 Lakh,21.5,4.78,False,False,False,12,1.518361581920904
4106,Maruti Baleno Delta 1.3,Hyderabad,2017,20000,First,27.39,1248.0,74.0,5.0,4.78 Lakh,8.5,4.78,False,False,True,8,0.3103322380430814
4107,Volkswagen Polo Petrol Comfortline 1.2L,Delhi,2013,75000,First,16.47,1198.0,73.9,5.0,4.78 Lakh,3.25,4.78,False,True,True,12,0.19732847601700063
4108,Mitsubishi Pajero Sport 4X4 AT,Coimbatore,2019,11827,First,13.5,2477.0,175.56,6.0,4.78 Lakh,27.11,4.78,False,False,False,6,2.0081481481481482
4109,Maruti Ciaz VXi Plus,Mumbai,2015,51579,First,20.73,1373.0,91.1,5.0,4.78 Lakh,5.95,4.78,False,True,True,10,0.28702363724071395
4110,Renault Duster 85PS Diesel RxL Option,Kochi,2015,65178,First,19.87,1461.0,83.8,5.0,4.78 Lakh,6.79,4.78,False,False,True,10,0.3417211877201812
4111,Hyundai EON D Lite Plus Option,Mumbai,2016,25350,First,21.1,814.0,55.2,5.0,4.78 Lakh,2.55,4.78,False,True,True,9,0.12085308056872036
4112,Honda CR-V 2.4 MT,Pune,2008,92000,Second,10.8,2354.0,152.0,5.0,4.78 Lakh,3.7,4.78,False,True,True,17,0.34259259259259256
4113,Hyundai Verna 1.6 SX VTVT,Bangalore,2014,45000,Second,17.01,1591.0,121.3,5.0,4.78 Lakh,6.75,4.78,False,True,True,11,0.3968253968253968
4114,Toyota Corolla Altis JS MT,Kolkata,2015,46000,First,14.28,1798.0,138.03,5.0,4.78 Lakh,6.95,4.78,False,True,True,10,0.4866946778711485
4115,Maruti SX4 ZXI MT BSIV,Kochi,2011,79940,First,15.5,1586.0,103.3,5.0,4.78 Lakh,2.78,4.78,False,True,True,14,0.17935483870967742
4116,Volkswagen Polo Petrol Comfortline 1.2L,Coimbatore,2016,28851,First,16.47,1198.0,73.9,5.0,4.78 Lakh,6.18,4.78,False,True,True,9,0.37522768670309653
4117,Audi Q5 30 TDI quattro Premium Plus,Bangalore,2015,63000,First,14.16,1968.0,174.3,5.0,4.78 Lakh,36.0,4.78,False,False,False,10,2.542372881355932
4118,Honda City 1.5 V MT,Coimbatore,2012,77283,First,17.0,1497.0,118.0,5.0,4.78 Lakh,5.81,4.78,False,True,True,13,0.3417647058823529
4119,Maruti Wagon R VXI,Pune,2014,38958,First,22.5,998.0,67.04,5.0,5.56 Lakh,3.41,5.56,False,True,True,11,0.15155555555555555
4120,Mitsubishi Pajero Sport 4X4 AT,Bangalore,2018,8900,First,13.5,2477.0,175.56,6.0,4.78 Lakh,26.5,4.78,False,False,False,7,1.962962962962963
4121,Skoda Octavia Elegance 1.8 TSI AT,Hyderabad,2015,38000,First,14.7,1798.0,177.5,5.0,4.78 Lakh,16.0,4.78,False,True,False,10,1.08843537414966
4122,Hyundai Creta 1.6 CRDi SX Option,Kochi,2017,44887,First,19.67,1582.0,126.2,5.0,4.78 Lakh,12.13,4.78,False,False,True,8,0.6166751398068124
4123,Maruti Alto LXi BSIII,Hyderabad,2009,85000,Second,19.7,796.0,46.3,5.0,4.78 Lakh,1.8,4.78,False,True,True,16,0.09137055837563453
4124,Honda City V MT,Pune,2013,100000,First,16.8,1497.0,116.3,5.0,4.78 Lakh,6.25,4.78,False,True,True,12,0.37202380952380953
4125,Datsun redi-GO S,Chennai,2016,26239,First,22.7,799.0,53.0,5.0,4.43 Lakh,2.75,4.43,False,True,True,9,0.1211453744493392
4126,Skoda Yeti Ambition 4WD,Pune,2011,97000,First,17.67,1968.0,138.08,5.0,4.78 Lakh,6.0,4.78,False,False,True,14,0.3395585738539898
4127,Mercedes-Benz B Class B180,Delhi,2013,28000,First,14.8,1595.0,120.7,5.0,4.78 Lakh,11.56,4.78,False,True,False,12,0.7810810810810811
4128,Volkswagen Polo GT TSI,Mumbai,2014,20364,Second,17.21,1197.0,103.6,5.0,4.78 Lakh,5.2,4.78,False,True,False,11,0.30214991284137127
4129,Ford EcoSport 1.5 TDCi Titanium,Coimbatore,2014,64637,First,22.77,1498.0,98.59,5.0,4.78 Lakh,7.52,4.78,False,False,True,11,0.3302591128678085
4130,Hyundai Creta 1.6 SX Plus Dual Tone Petrol,Coimbatore,2017,15731,First,15.29,1591.0,121.3,5.0,4.78 Lakh,12.49,4.78,False,True,True,8,0.8168737737083062
4131,Toyota Fortuner 2.8 2WD MT,Coimbatore,2019,56251,First,14.24,2755.0,174.5,7.0,37.17 Lakh,35.82,37.17,False,False,True,6,2.515449438202247
4132,Maruti Swift Dzire ZXI,Chennai,2017,28000,First,20.85,1197.0,83.14,5.0,4.78 Lakh,6.25,4.78,False,True,True,8,0.29976019184652275
4133,Hyundai i20 1.2 Asta with AVN,Coimbatore,2015,20045,First,17.0,1197.0,80.0,5.0,4.78 Lakh,6.22,4.78,False,True,True,10,0.36588235294117644
4134,Honda BR-V i-VTEC S MT,Bangalore,2016,34004,First,15.4,1497.0,117.3,7.0,12.9 Lakh,8.02,12.9,False,True,True,9,0.5207792207792208
4135,Maruti Celerio ZXI,Mumbai,2014,21000,First,23.1,998.0,67.04,5.0,4.78 Lakh,3.75,4.78,False,True,True,11,0.16233766233766234
4136,Mercedes-Benz E-Class 2009-2013 E350 Petrol,Mumbai,2009,68001,Second,10.93,3498.0,272.0,5.0,4.78 Lakh,11.75,4.78,False,True,False,16,1.0750228728270814
4137,Hyundai i10 Magna 1.2 iTech SE,Kolkata,2012,31000,First,20.36,1197.0,78.9,5.0,4.78 Lakh,2.25,4.78,False,True,True,13,0.11051080550098231
4138,Toyota Etios Liva V,Mumbai,2013,8950,First,17.71,1197.0,78.9,5.0,4.78 Lakh,3.55,4.78,False,True,True,12,0.2004517221908526
4139,Mercedes-Benz E-Class 2015-2017 E250 Edition E,Coimbatore,2017,43477,First,15.0,2143.0,204.0,5.0,4.78 Lakh,38.15,4.78,False,False,False,8,2.5433333333333334
4140,Hyundai EON D Lite Plus,Ahmedabad,2015,20000,First,21.1,814.0,55.2,5.0,4.78 Lakh,2.66,4.78,False,True,True,10,0.12606635071090047
4142,Honda City 1.5 S MT,Bangalore,2011,60000,First,17.0,1497.0,118.0,5.0,4.78 Lakh,4.95,4.78,False,True,True,14,0.2911764705882353
4143,Mercedes-Benz S-Class 280 AT,Chennai,2003,111000,First,13.0,2987.0,210.0,5.0,4.78 Lakh,6.5,4.78,False,True,False,22,0.5
4144,Tata Indigo CS eVX,Pune,2016,52000,Second,25.0,1396.0,69.01,5.0,4.78 Lakh,2.4,4.78,False,False,True,9,0.096
4145,Hyundai Creta 1.6 VTVT S,Pune,2016,26000,First,15.29,1591.0,121.3,5.0,4.78 Lakh,12.5,4.78,False,True,True,9,0.8175277959450622
4146,Maruti Wagon R LXI BS IV,Pune,2013,32425,First,20.51,998.0,67.04,5.0,4.78 Lakh,3.0,4.78,False,True,True,12,0.1462701121404193
4147,Maruti Dzire VDI,Kochi,2017,54758,First,28.4,1248.0,73.75,5.0,8.58 Lakh,6.67,8.58,False,False,True,8,0.23485915492957748
4148,Ford Ikon 1.3 Flair,Coimbatore,2008,59833,Fourth & Above,13.8,1299.0,70.0,5.0,4.78 Lakh,1.97,4.78,False,True,True,17,0.1427536231884058
4149,Volkswagen Polo Petrol Comfortline 1.2L,Kolkata,2013,30000,First,16.47,1198.0,73.9,5.0,4.78 Lakh,2.8,4.78,False,True,True,12,0.1700060716454159
4150,Hyundai i10 Magna 1.2,Jaipur,2011,40496,First,20.36,1197.0,78.9,5.0,4.78 Lakh,2.65,4.78,False,True,True,14,0.13015717092337917
4151,Chevrolet Enjoy 1.3 TCDi LTZ 8,Chennai,2014,45000,First,18.2,1248.0,73.74,8.0,4.78 Lakh,4.75,4.78,False,False,True,11,0.260989010989011
4152,Land Rover Range Rover 3.0 D,Mumbai,2003,75000,Second,0.0,1197.0,74.0,5.0,4.78 Lakh,16.11,4.78,False,False,False,22,
4153,Mercedes-Benz E-Class 200 Kompressor Elegance,Bangalore,2011,34000,Second,10.5,1796.0,157.7,5.0,4.78 Lakh,19.0,4.78,False,True,False,14,1.8095238095238095
4154,Maruti Swift Vdi BSIII,Bangalore,2012,62000,First,17.8,1248.0,75.0,5.0,4.78 Lakh,4.5,4.78,False,False,True,13,0.25280898876404495
4155,Mahindra XUV500 W8 4WD,Hyderabad,2012,123600,First,15.1,2179.0,140.0,7.0,4.78 Lakh,8.25,4.78,False,False,True,13,0.5463576158940397
4156,Toyota Etios Liva G,Pune,2014,80102,First,17.71,1197.0,78.9,5.0,4.78 Lakh,3.5,4.78,False,True,True,11,0.1976284584980237
4157,Mahindra XUV500 W8 4WD,Pune,2013,55000,First,15.1,2179.0,140.0,7.0,4.78 Lakh,8.5,4.78,False,False,True,12,0.5629139072847682
4158,Hyundai Creta 1.6 VTVT S,Hyderabad,2015,48200,First,15.29,1591.0,121.3,5.0,4.78 Lakh,9.0,4.78,False,True,True,10,0.5886200130804448
4159,Honda City i DTEC SV,Hyderabad,2014,90000,First,26.0,1498.0,98.6,5.0,4.78 Lakh,6.75,4.78,False,False,True,11,0.25961538461538464
4160,Maruti Swift Dzire VDi,Hyderabad,2014,123900,First,19.3,1248.0,73.9,5.0,4.78 Lakh,5.4,4.78,False,False,True,11,0.27979274611398963
4161,Maruti Wagon R LXI BS IV,Delhi,2015,13008,First,20.51,998.0,67.04,5.0,4.78 Lakh,3.5,4.78,False,True,True,10,0.1706484641638225
4162,Hyundai EON Era Plus,Hyderabad,2012,60500,First,21.1,814.0,55.2,5.0,4.78 Lakh,2.6,4.78,False,True,True,13,0.12322274881516587
4163,Toyota Innova Crysta 2.8 ZX AT,Bangalore,2017,53841,First,11.36,2755.0,171.5,7.0,28.05 Lakh,20.5,28.05,False,False,False,8,1.8045774647887325
4164,Hyundai Creta 1.6 SX Option,Kochi,2017,47183,Second,15.8,1591.0,121.3,5.0,15.86 Lakh,11.31,15.86,False,True,True,8,0.7158227848101266
4165,Maruti Wagon R VXI Plus,Kolkata,2018,10000,First,20.51,998.0,67.04,5.0,4.78 Lakh,4.5,4.78,False,True,True,7,0.21940516821062894
4166,Mercedes-Benz GL-Class 350 CDI Blue Efficiency,Chennai,2015,45000,First,11.3,2987.0,254.8,7.0,4.78 Lakh,56.0,4.78,False,False,False,10,4.95575221238938
4167,Maruti Celerio VXI,Kochi,2017,3923,First,23.1,998.0,67.04,5.0,4.78 Lakh,5.2,4.78,False,True,True,8,0.2251082251082251
4168,Mahindra Scorpio SLE BSIV,Delhi,2011,85000,First,12.05,2179.0,120.0,8.0,4.78 Lakh,5.25,4.78,False,False,True,14,0.4356846473029045
4169,Datsun redi-GO T Option,Kochi,2018,6279,First,22.7,799.0,53.64,5.0,4.05 Lakh,3.6,4.05,False,True,True,7,0.15859030837004406
4170,Fiat Grande Punto EVO 1.3 Active,Pune,2014,74500,First,21.2,1248.0,75.0,5.0,4.78 Lakh,3.3,4.78,False,False,True,11,0.15566037735849056
4171,Hyundai Elantra CRDi SX,Kolkata,2013,42000,First,22.7,1582.0,126.24,5.0,4.78 Lakh,5.85,4.78,False,False,True,12,0.2577092511013216
4172,Maruti Swift Dzire LXI,Delhi,2014,56510,First,19.1,1197.0,85.8,5.0,4.78 Lakh,3.9,4.78,False,True,True,11,0.20418848167539266
4173,Audi A4 2.0 TDI Multitronic,Delhi,2009,88000,First,16.55,1968.0,140.0,5.0,4.78 Lakh,7.98,4.78,False,False,False,16,0.48217522658610273
4174,Honda Brio VX AT,Mumbai,2014,36631,First,16.5,1198.0,86.8,5.0,4.78 Lakh,4.3,4.78,False,True,False,11,0.2606060606060606
4175,Maruti Wagon R LXI BS IV,Kolkata,2011,34000,First,18.9,998.0,67.1,5.0,4.78 Lakh,2.25,4.78,False,True,True,14,0.11904761904761905
4176,Hyundai i10 Magna 1.1,Ahmedabad,2013,49000,First,19.81,1086.0,68.05,5.0,4.78 Lakh,3.2,4.78,False,True,True,12,0.16153457849570926
4177,Hyundai Verna 1.6 SX,Hyderabad,2012,65254,First,22.32,1582.0,126.32,5.0,4.78 Lakh,6.55,4.78,False,False,True,13,0.29345878136200715
4178,Hyundai Verna 1.6 SX,Bangalore,2014,95000,Second,22.32,1582.0,126.32,5.0,4.78 Lakh,6.9,4.78,False,False,True,11,0.30913978494623656
4179,Maruti Ritz VDi,Chennai,2009,83000,First,23.2,1248.0,73.94,5.0,4.78 Lakh,2.95,4.78,False,False,True,16,0.12715517241379312
4180,Hyundai Creta 1.6 SX Option Diesel,Coimbatore,2017,101065,First,20.5,1582.0,126.2,5.0,19.18 Lakh,11.45,19.18,False,False,True,8,0.5585365853658536
4181,Maruti Baleno Delta,Kochi,2017,15134,First,21.4,1197.0,83.1,5.0,7.36 Lakh,6.37,7.36,False,True,True,8,0.2976635514018692
4182,Hyundai Verna 1.6 CRDI,Jaipur,2011,72000,First,22.32,1582.0,126.3,5.0,4.78 Lakh,5.0,4.78,False,False,True,14,0.22401433691756273
4183,Tata Indica Vista Quadrajet VX,Chennai,2012,120000,Second,22.3,1248.0,74.0,5.0,4.78 Lakh,2.6,4.78,False,False,True,13,0.11659192825112108
4184,Hyundai i20 1.2 Magna,Kolkata,2010,45000,First,18.5,1197.0,80.0,5.0,4.78 Lakh,1.9,4.78,False,True,True,15,0.1027027027027027
4185,Porsche Panamera Diesel,Kochi,2015,54996,First,17.85,2967.0,300.0,4.0,4.78 Lakh,60.95,4.78,False,False,False,10,3.414565826330532
4186,Maruti Eeco Smiles 5 Seater AC,Coimbatore,2017,22874,First,15.1,1196.0,73.0,5.0,4.78 Lakh,4.44,4.78,False,True,True,8,0.2940397350993378
4187,BMW 3 Series 320d Sport,Chennai,2012,58000,Second,22.69,1995.0,190.0,5.0,4.78 Lakh,15.3,4.78,False,False,False,13,0.6743058616130454
4188,Maruti Ertiga VDI,Chennai,2016,86000,Second,25.47,1248.0,88.5,7.0,10.99 Lakh,8.2,10.99,False,False,True,9,0.32194738908519827
4189,Hyundai Xcent 1.2 Kappa AT S Option,Ahmedabad,2014,69000,First,16.9,1197.0,81.86,5.0,4.78 Lakh,5.25,4.78,False,True,False,11,0.31065088757396453
4190,Volkswagen Vento 1.2 TSI Highline AT,Pune,2016,55001,Second,16.93,1197.0,103.2,5.0,4.78 Lakh,8.5,4.78,False,True,False,9,0.5020673360897815
4191,Audi Q3 35 TDI Quattro Premium,Chennai,2015,28000,First,15.73,1968.0,174.33,5.0,4.78 Lakh,23.75,4.78,False,False,False,10,1.5098537825810552
4192,Hyundai i10 Magna 1.1,Delhi,2013,53213,First,19.81,1086.0,68.05,5.0,4.78 Lakh,2.74,4.78,False,True,True,12,0.13831398283695107
4193,Volkswagen Jetta 2013-2015 2.0L TDI Highline AT,Coimbatore,2016,44340,First,16.96,1968.0,138.03,5.0,4.78 Lakh,13.83,4.78,False,False,False,9,0.8154481132075472
4194,Maruti Baleno RS 1.0 Petrol,Mumbai,2017,16900,First,21.1,998.0,100.0,5.0,4.78 Lakh,6.99,4.78,False,True,True,8,0.33127962085308055
4195,Hyundai i10 Era,Jaipur,2009,57000,First,19.81,1086.0,68.05,5.0,4.78 Lakh,2.25,4.78,False,True,True,16,0.11357900050479557
4196,Toyota Innova 2.5 G4 Diesel 8-seater,Hyderabad,2013,83165,First,12.8,2494.0,102.0,8.0,4.78 Lakh,11.49,4.78,False,False,True,12,0.8976562499999999
4197,Chevrolet Beat LT,Coimbatore,2012,24735,Second,18.6,1199.0,79.4,5.0,4.78 Lakh,2.87,4.78,False,True,True,13,0.1543010752688172
4198,Toyota Innova 2.5 G3,Kolkata,2005,65175,First,12.8,2494.0,102.0,8.0,4.78 Lakh,3.25,4.78,False,False,True,20,0.25390625
4199,Honda Accord 2.4 Inspire M/T,Pune,2009,60000,Second,9.8,2354.0,180.0,5.0,4.78 Lakh,3.5,4.78,False,True,True,16,0.3571428571428571
4200,Mahindra KUV 100 mFALCON D75 K4 Plus,Kochi,2017,60357,First,25.32,1198.0,77.0,6.0,4.78 Lakh,4.49,4.78,False,False,True,8,0.17733017377567142
4201,Volkswagen Polo Diesel Trendline 1.2L,Jaipur,2011,77000,First,22.07,1199.0,73.9,5.0,4.78 Lakh,2.9,4.78,False,False,True,14,0.13140009062075214
4202,Toyota Innova 2.0 GX 8 STR,Coimbatore,2014,85301,First,12.4,1998.0,132.0,8.0,4.78 Lakh,12.36,4.78,False,True,True,11,0.996774193548387
4203,Mahindra Scorpio VLX AT AIRBAG BSIV,Mumbai,2011,50000,First,11.79,2179.0,120.0,8.0,4.78 Lakh,6.0,4.78,False,False,False,14,0.5089058524173028
4204,BMW 7 Series 730Ld Sedan,Chennai,2010,58000,First,16.46,2993.0,258.0,5.0,4.78 Lakh,31.0,4.78,False,False,False,15,1.8833535844471445
4205,Honda City i-DTEC SV,Kolkata,2015,39000,First,25.6,1498.0,98.6,5.0,12.23 Lakh,5.49,12.23,False,False,True,10,0.214453125
4206,Volkswagen Polo Diesel Comfortline 1.2L,Coimbatore,2015,46190,First,22.07,1199.0,73.9,5.0,4.78 Lakh,5.86,4.78,False,False,True,10,0.2655188038060716
4207,Mahindra XUV500 W8 2WD,Mumbai,2015,83000,First,16.0,2179.0,140.0,7.0,4.78 Lakh,9.0,4.78,False,False,True,10,0.5625
4208,Volkswagen Vento 1.6 Highline,Jaipur,2016,33000,First,16.09,1598.0,103.5,5.0,11.63 Lakh,7.7,11.63,False,True,True,9,0.4785581106277191
4209,Honda City i VTEC V,Coimbatore,2017,27279,First,17.4,1497.0,117.3,5.0,4.78 Lakh,9.47,4.78,False,True,True,8,0.5442528735632185
4210,Audi Q5 2.0 TDI Premium Plus,Bangalore,2014,53900,First,14.16,1968.0,174.3,5.0,4.78 Lakh,29.0,4.78,False,False,False,11,2.0480225988700567
4211,Honda City 1.5 V AT Exclusive,Kochi,2012,63998,First,17.0,1497.0,118.0,5.0,4.78 Lakh,5.42,4.78,False,True,False,13,0.31882352941176473
4212,Maruti Swift VXI BSIV,Coimbatore,2016,57932,First,20.4,1197.0,81.8,5.0,4.78 Lakh,6.39,4.78,False,True,True,9,0.31323529411764706
4213,Maruti Alto 800 LXI,Jaipur,2015,25000,First,22.74,796.0,47.3,5.0,4.78 Lakh,2.75,4.78,False,True,True,10,0.12093227792436237
4214,Ford Figo Diesel Titanium,Chennai,2011,169000,First,20.0,1399.0,68.0,5.0,4.78 Lakh,2.5,4.78,False,False,True,14,0.125
4215,Hyundai Santro Xing GL Plus,Delhi,2012,53000,First,17.92,1086.0,62.1,5.0,4.78 Lakh,2.35,4.78,False,True,True,13,0.13113839285714285
4216,Maruti Wagon R VXI,Coimbatore,2015,43053,First,18.9,998.0,67.1,5.0,4.78 Lakh,4.65,4.78,False,True,True,10,0.24603174603174607
4217,Honda City i DTEC SV,Ahmedabad,2014,75000,First,26.0,1498.0,98.6,5.0,4.78 Lakh,6.0,4.78,False,False,True,11,0.23076923076923078
4218,Honda City V MT AVN,Pune,2012,89000,Second,16.8,1497.0,116.3,5.0,4.78 Lakh,3.5,4.78,False,True,True,13,0.20833333333333331
4219,Honda City i DTEC VX,Hyderabad,2014,75578,First,25.1,1498.0,98.6,5.0,4.78 Lakh,7.0,4.78,False,False,True,11,0.2788844621513944
4220,Hyundai Verna VTVT 1.6 SX,Bangalore,2014,46676,First,17.0,1591.0,121.3,5.0,12.27 Lakh,7.75,12.27,False,True,True,11,0.45588235294117646
4221,Maruti Alto K10 LXI,Kochi,2014,51349,First,24.07,998.0,67.1,5.0,3.91 Lakh,2.93,3.91,False,True,True,11,0.1217282924802659
4222,Mercedes-Benz E-Class 2009-2013 E250 CDI Avantgarde,Kolkata,2014,34233,First,14.21,2143.0,203.0,5.0,4.78 Lakh,22.5,4.78,False,False,False,11,1.5833919774806473
4223,BMW X6 xDrive30d,Coimbatore,2014,39626,First,11.2,2993.0,241.0,4.0,4.78 Lakh,40.66,4.78,False,False,False,11,3.6303571428571426
4224,Maruti Wagon R LXI BSIII,Pune,2008,82500,First,14.0,1061.0,64.0,5.0,4.78 Lakh,1.75,4.78,False,True,True,17,0.125
4225,Renault Duster RXZ AWD,Hyderabad,2015,63000,Second,19.72,1461.0,108.45,5.0,4.78 Lakh,8.2,4.78,False,False,True,10,0.4158215010141988
4226,Mahindra Scorpio VLX 2.2 mHawk Airbag BSIV,Delhi,2011,77001,First,12.05,2179.0,120.0,8.0,4.78 Lakh,4.49,4.78,False,False,True,14,0.37261410788381744
4227,Ford Endeavour 3.2 Trend AT 4X4,Chennai,2016,43000,First,10.91,3198.0,197.2,7.0,4.78 Lakh,26.5,4.78,False,False,False,9,2.4289642529789184
4228,Maruti Zen Estilo LXI BS IV,Hyderabad,2011,61111,First,19.0,998.0,67.1,5.0,4.78 Lakh,2.6,4.78,False,True,True,14,0.1368421052631579
4229,Hyundai Santro Xing XG,Bangalore,2005,79000,Second,17.0,1197.0,74.0,5.0,4.78 Lakh,1.65,4.78,False,True,True,20,0.09705882352941175
4230,Hyundai i10 Asta,Kolkata,2011,43000,First,20.36,1197.0,78.9,5.0,4.78 Lakh,2.49,4.78,False,True,True,14,0.12229862475442045
4231,Honda Brio VX AT,Hyderabad,2013,47000,First,16.5,1198.0,86.8,5.0,4.78 Lakh,5.4,4.78,False,True,False,12,0.32727272727272727
4232,Maruti Wagon R AMT VXI,Jaipur,2017,34000,First,20.51,998.0,67.0,5.0,4.78 Lakh,4.35,4.78,False,True,False,8,0.21209166260360796
4233,Audi Q3 30 TDI Premium FWD,Coimbatore,2018,22060,First,18.51,1968.0,147.51,5.0,44.8 Lakh,32.73,44.8,False,False,False,7,1.7682333873581844
4234,Mercedes-Benz M-Class ML 350 4Matic,Chennai,2012,63000,First,0.0,2987.0,165.0,5.0,4.78 Lakh,26.0,4.78,False,False,False,13,
4235,Maruti Wagon R LXI,Jaipur,2011,80000,First,18.9,998.0,67.1,5.0,4.78 Lakh,2.5,4.78,False,True,True,14,0.1322751322751323
4236,Audi A4 35 TDI Premium Plus,Kochi,2015,13506,First,18.25,1968.0,187.74,5.0,50.4 Lakh,21.66,50.4,False,False,False,10,1.1868493150684931
4237,Renault KWID RXT Optional,Mumbai,2016,16000,First,25.17,799.0,53.3,5.0,4.78 Lakh,2.99,4.78,False,True,True,9,0.11879221295192689
4238,Maruti Alto 800 2016-2019 VXI,Kolkata,2016,31006,First,24.7,796.0,47.3,5.0,4.78 Lakh,2.61,4.78,False,True,True,9,0.10566801619433198
4239,Toyota Innova 2.5 GX (Diesel) 8 Seater,Delhi,2013,91200,First,12.99,2494.0,100.0,8.0,4.78 Lakh,8.25,4.78,False,False,True,12,0.6351039260969977
4240,Toyota Corolla Altis 2008-2013 1.8 VL AT,Pune,2015,43000,First,14.53,1794.0,138.1,5.0,4.78 Lakh,12.5,4.78,False,True,False,10,0.8602890571231935
4241,Ford Figo 2015-2019 1.5D Titanium Plus MT,Hyderabad,2015,45000,First,25.83,1498.0,99.0,5.0,4.78 Lakh,5.5,4.78,False,False,True,10,0.2129307007355788
4242,Honda Brio S MT,Coimbatore,2014,28637,First,19.4,1198.0,86.8,5.0,4.78 Lakh,5.53,4.78,False,True,True,11,0.2850515463917526
4243,Ford Ikon 1.6 ZXI NXt,Pune,2004,69870,Second,14.2,1597.0,92.0,5.0,4.78 Lakh,1.1,4.78,False,True,True,21,0.07746478873239437
4244,Mahindra Scorpio 2009-2014 LX 2WD 7S,Mumbai,2014,84000,First,12.05,2179.0,120.0,7.0,4.78 Lakh,6.85,4.78,False,False,True,11,0.5684647302904564
4245,Mercedes-Benz S-Class 320 L,Coimbatore,2007,84143,First,13.0,2987.0,210.0,5.0,4.78 Lakh,17.09,4.78,False,True,True,18,1.3146153846153845
4246,Mahindra Scorpio SLE BSIV,Delhi,2012,77000,Second,12.05,2179.0,120.0,8.0,4.78 Lakh,4.93,4.78,False,False,True,13,0.4091286307053941
4247,Land Rover Freelander 2 SE,Ahmedabad,2012,75000,Second,12.39,2179.0,147.51,5.0,4.78 Lakh,17.5,4.78,False,False,False,13,1.4124293785310733
4248,Chevrolet Beat LS,Delhi,2011,76155,First,18.6,1199.0,79.4,5.0,4.78 Lakh,1.95,4.78,False,True,True,14,0.10483870967741934
4249,Maruti Swift ZDi,Bangalore,2014,98000,First,22.9,1248.0,74.0,5.0,4.78 Lakh,6.1,4.78,False,False,True,11,0.2663755458515284
4250,Toyota Corolla H2,Mumbai,2008,48233,Second,13.4,1794.0,125.0,5.0,4.78 Lakh,1.8,4.78,False,True,True,17,0.13432835820895522
4251,Audi Q5 3.0 TDI Quattro,Bangalore,2015,63000,First,13.22,2967.0,241.4,5.0,4.78 Lakh,34.5,4.78,False,False,False,10,2.609682299546142
4252,Hyundai EON Era Plus,Coimbatore,2015,34063,First,21.1,814.0,55.2,5.0,4.78 Lakh,4.01,4.78,False,True,True,10,0.19004739336492887
4253,Honda Amaze S Petrol,Kolkata,2013,32576,First,19.5,1199.0,88.76,5.0,7.36 Lakh,3.15,7.36,False,True,True,12,0.16153846153846155
4254,Ford Figo Aspire 1.5 Ti-VCT Titanium,Mumbai,2015,28843,First,17.01,1499.0,110.5,5.0,4.78 Lakh,5.49,4.78,False,True,False,10,0.32275132275132273
4255,Renault Duster 110PS Diesel RxL AMT,Bangalore,2016,26000,Second,19.6,1461.0,108.45,5.0,4.78 Lakh,10.0,4.78,False,False,False,9,0.5102040816326531
4256,Honda City V AT,Kolkata,2013,39000,First,15.6,1497.0,116.3,5.0,4.78 Lakh,4.55,4.78,False,True,False,12,0.2916666666666667
4257,Maruti Alto LXi,Mumbai,2010,66000,First,19.7,796.0,46.3,5.0,4.78 Lakh,1.5,4.78,False,True,True,15,0.07614213197969544
4258,Hyundai i10 Magna 1.2,Kolkata,2011,38002,First,20.36,1197.0,78.9,5.0,4.78 Lakh,2.15,4.78,False,True,True,14,0.1055992141453831
4259,Chevrolet Spark 1.0 LS,Chennai,2010,49000,Second,18.0,995.0,62.0,5.0,4.78 Lakh,1.4,4.78,False,True,True,15,0.07777777777777778
4260,Skoda Rapid 1.5 TDI Ambition Plus,Bangalore,2014,52000,First,21.14,1498.0,103.6,5.0,4.78 Lakh,6.2,4.78,False,False,True,11,0.293282876064333
4261,Audi A6 2011-2015 2.0 TDI Premium Plus,Mumbai,2013,56500,First,17.68,1968.0,174.33,5.0,4.78 Lakh,19.8,4.78,False,False,False,12,1.1199095022624435
4262,Honda Jazz 1.2 V i VTEC,Mumbai,2015,20568,First,18.7,1199.0,88.7,5.0,4.78 Lakh,5.6,4.78,False,True,True,10,0.2994652406417112
4263,Hyundai Creta 1.6 SX Plus Dual Tone Petrol,Mumbai,2015,26000,First,15.29,1591.0,121.3,5.0,4.78 Lakh,9.5,4.78,False,True,True,10,0.6213211249182472
4264,Chevrolet Beat LS,Delhi,2012,56000,First,18.6,1199.0,79.4,5.0,4.78 Lakh,2.21,4.78,False,True,True,13,0.11881720430107526
4265,Datsun redi-GO T Option,Coimbatore,2017,27509,First,22.7,799.0,53.64,5.0,4.04 Lakh,3.31,4.04,False,True,True,8,0.1458149779735683
4266,Hyundai Xcent 1.2 Kappa S Option,Kochi,2016,36216,First,19.1,1197.0,81.86,5.0,4.78 Lakh,5.44,4.78,False,True,True,9,0.2848167539267016
4267,Mercedes-Benz E-Class 230 E AT,Kolkata,2009,28888,First,10.0,2496.0,157.7,5.0,4.78 Lakh,7.56,4.78,False,True,False,16,0.756
4268,Maruti Swift ZDi,Jaipur,2011,120000,Second,22.9,1248.0,74.0,5.0,4.78 Lakh,3.2,4.78,False,False,True,14,0.13973799126637557
4269,Maruti Celerio ZXI,Kochi,2018,31396,First,23.1,998.0,67.04,5.0,4.78 Lakh,5.53,4.78,False,True,True,7,0.23939393939393938
4270,Skoda Octavia Elegance 2.0 TDI AT,Hyderabad,2015,79000,First,19.3,1968.0,141.0,5.0,4.78 Lakh,17.0,4.78,False,False,False,10,0.8808290155440415
4271,Honda City 1.5 V AT,Delhi,2010,62000,First,16.8,1497.0,118.0,5.0,4.78 Lakh,3.55,4.78,False,True,False,15,0.21130952380952378
4272,Honda Accord V6 AT,Chennai,2006,120000,Second,9.0,2997.0,218.0,5.0,4.78 Lakh,2.65,4.78,False,True,False,19,0.29444444444444445
4273,Skoda Superb Style 1.8 TSI AT,Mumbai,2016,53000,First,14.67,1798.0,177.46,5.0,33.36 Lakh,17.85,33.36,False,True,False,9,1.2167689161554194
4274,Toyota Innova 2.5 G (Diesel) 8 Seater,Coimbatore,2010,124313,First,12.99,2494.0,100.6,8.0,4.78 Lakh,7.96,4.78,False,False,True,15,0.6127790608160123
4275,Maruti Celerio VXI AT,Pune,2015,26725,First,23.1,998.0,67.04,5.0,4.78 Lakh,4.25,4.78,False,True,False,10,0.18398268398268397
4276,Maruti Ertiga VDI,Kolkata,2014,45617,First,20.77,1248.0,88.76,7.0,4.78 Lakh,5.85,4.78,False,False,True,11,0.28165623495426095
4277,Mercedes-Benz A Class A180 CDI,Mumbai,2013,37000,First,20.0,2143.0,107.3,5.0,4.78 Lakh,13.0,4.78,False,False,False,12,0.65
4278,Mahindra Xylo E2,Kochi,2010,109147,First,14.0,2498.0,112.0,8.0,4.78 Lakh,2.65,4.78,False,False,True,15,0.18928571428571428
4279,Honda Amaze E i-Dtech,Ahmedabad,2014,59000,First,25.8,1498.0,98.6,5.0,4.78 Lakh,4.75,4.78,False,False,True,11,0.18410852713178294
4280,Renault KWID RXT,Pune,2015,28000,First,25.17,799.0,53.3,5.0,4.78 Lakh,2.65,4.78,False,True,True,10,0.10528406833531981
4281,Renault KWID RXT,Pune,2017,4700,First,25.17,799.0,53.3,5.0,4.78 Lakh,3.0,4.78,False,True,True,8,0.11918951132300357
4282,Audi Q7 3.0 TDI Quattro Premium Plus,Coimbatore,2014,72469,First,12.07,2967.0,241.4,7.0,4.78 Lakh,32.52,4.78,False,False,False,11,2.6942833471416736
4283,Hyundai Verna 1.6 SX CRDI (O) AT,Pune,2014,57539,First,22.32,1582.0,126.32,5.0,4.78 Lakh,7.75,4.78,False,False,False,11,0.3472222222222222
4284,Toyota Innova Crysta 2.8 ZX AT,Delhi,2016,42000,First,11.36,2755.0,171.5,7.0,26.55 Lakh,19.6,26.55,False,False,False,9,1.7253521126760565
4285,Hyundai i20 Sportz Option,Delhi,2010,62489,First,17.0,1197.0,80.0,5.0,4.78 Lakh,2.6,4.78,False,True,True,15,0.15294117647058825
4286,Volkswagen Polo Petrol Comfortline 1.2L,Mumbai,2013,51167,First,16.47,1198.0,73.9,5.0,4.78 Lakh,3.76,4.78,False,True,True,12,0.22829386763812995
4287,Volkswagen Vento Diesel Trendline,Chennai,2012,130000,First,20.54,1598.0,103.6,5.0,4.78 Lakh,4.75,4.78,False,False,True,13,0.23125608568646544
4288,Honda City ZX GXi,Mumbai,2007,63000,Second,17.7,1497.0,78.0,5.0,4.78 Lakh,1.75,4.78,False,True,True,18,0.09887005649717515
4289,Hyundai Verna Transform Xxi ABS,Bangalore,2011,60000,First,16.2,1599.0,103.2,5.0,4.78 Lakh,3.95,4.78,False,True,True,14,0.2438271604938272
4290,Hyundai Accent GLE,Pune,2005,123200,Second,13.2,1495.0,94.0,5.0,4.78 Lakh,1.0,4.78,False,True,True,20,0.07575757575757576
4291,Skoda Laura Ambiente 2.0 TDI CR AT,Jaipur,2011,115692,First,20.0,1968.0,138.1,5.0,4.78 Lakh,4.5,4.78,False,False,False,14,0.225
4292,Mercedes-Benz E-Class 2009-2013 E 250 Elegance,Coimbatore,2011,87073,First,10.93,2497.0,204.0,5.0,4.78 Lakh,17.23,4.78,False,True,False,14,1.5763952424519672
4293,Hyundai i20 Sportz 1.2,Kochi,2015,40901,First,18.6,1197.0,81.83,5.0,4.78 Lakh,5.76,4.78,False,True,True,10,0.30967741935483867
4294,Hyundai i10 Magna 1.2,Coimbatore,2013,36264,First,20.36,1197.0,78.9,5.0,4.78 Lakh,4.32,4.78,False,True,True,12,0.21218074656188607
4295,Hyundai i10 Magna 1.1L,Delhi,2009,60000,Second,19.81,1086.0,68.05,5.0,4.78 Lakh,1.9,4.78,False,True,True,16,0.09591115598182737
4296,Volkswagen Ameo 1.2 MPI Anniversary Edition,Pune,2018,20000,First,17.0,1198.0,74.0,5.0,4.78 Lakh,5.5,4.78,False,True,True,7,0.3235294117647059
4297,Toyota Camry 2.5 G,Mumbai,2014,68400,First,12.98,2494.0,178.4,5.0,4.78 Lakh,13.5,4.78,False,True,False,11,1.0400616332819723
4298,Mahindra XUV500 W8 2WD,Bangalore,2013,71231,Second,16.0,2179.0,140.0,7.0,4.78 Lakh,9.75,4.78,False,False,True,12,0.609375
4299,Skoda Superb Elegance 2.0 TDI CR AT,Hyderabad,2011,75000,First,17.2,1968.0,138.1,5.0,4.78 Lakh,9.44,4.78,False,False,False,14,0.5488372093023256
4300,Maruti Wagon R VXI AMT,Mumbai,2018,1997,First,22.5,998.0,67.0,5.0,6.14 Lakh,4.45,6.14,False,True,False,7,0.19777777777777777
4301,Maruti Vitara Brezza ZDi Plus Dual Tone,Pune,2016,47300,First,24.3,1248.0,88.5,5.0,11.96 Lakh,8.85,11.96,False,False,True,9,0.3641975308641975
4302,Hyundai Santro Xing GL,Delhi,2012,61449,First,0.0,1086.0,62.0,5.0,4.78 Lakh,2.15,4.78,False,True,True,13,
4303,Volkswagen Vento Diesel Comfortline,Kochi,2013,47910,First,20.54,1598.0,103.6,5.0,4.78 Lakh,4.89,4.78,False,False,True,12,0.23807205452775074
4304,Volkswagen Polo 1.5 TDI Highline,Hyderabad,2015,62000,First,20.14,1498.0,88.8,5.0,4.78 Lakh,6.25,4.78,False,False,True,10,0.3103277060575968
4305,Maruti Swift ZDi,Chennai,2012,65060,First,22.9,1248.0,74.0,5.0,4.78 Lakh,4.8,4.78,False,False,True,13,0.20960698689956334
4306,Hyundai i10 Era 1.1,Jaipur,2008,82203,First,19.81,1086.0,68.05,5.0,4.78 Lakh,1.8,4.78,False,True,True,17,0.09086320040383646
4307,Mahindra XUV500 W8 2WD,Kolkata,2013,44000,First,16.0,2179.0,140.0,7.0,4.78 Lakh,7.25,4.78,False,False,True,12,0.453125
4308,Maruti Ertiga VDI,Coimbatore,2014,53817,First,25.47,1248.0,88.5,7.0,11.44 Lakh,7.56,11.44,False,False,True,11,0.2968197879858657
4309,Mahindra XUV500 W8 2WD,Kochi,2013,61591,First,16.0,2179.0,140.0,7.0,4.78 Lakh,6.82,4.78,False,False,True,12,0.42625
4310,Tata Manza Aura Quadrajet BS IV,Jaipur,2011,86500,Second,21.12,1248.0,88.8,5.0,4.78 Lakh,1.8,4.78,False,False,True,14,0.08522727272727272
4311,Mercedes-Benz E-Class 280 CDI,Pune,2009,100000,First,11.0,2987.0,198.5,5.0,4.78 Lakh,11.5,4.78,False,False,False,16,1.0454545454545454
4312,Maruti SX4 Zxi with Leather BSIII,Chennai,2010,87000,First,15.6,1586.0,104.68,5.0,4.78 Lakh,2.8,4.78,False,True,True,15,0.1794871794871795
4313,Maruti Wagon R AMT VXI,Hyderabad,2016,35000,First,20.51,998.0,67.0,5.0,4.78 Lakh,5.5,4.78,False,True,False,9,0.2681618722574354
4314,Datsun GO NXT,Kolkata,2016,6000,First,20.63,1198.0,67.06,5.0,4.78 Lakh,2.7,4.78,False,True,True,9,0.13087736306349979
4315,Ford Figo Diesel ZXI,Jaipur,2014,59327,First,20.0,1399.0,68.0,5.0,4.78 Lakh,3.25,4.78,False,False,True,11,0.1625
4316,Skoda Superb Elegance 2.0 TDI CR AT,Coimbatore,2014,81001,First,17.2,1968.0,138.1,5.0,4.78 Lakh,10.9,4.78,False,False,False,11,0.6337209302325582
4317,Hyundai i20 1.2 Magna,Kochi,2014,44612,First,18.5,1197.0,80.0,5.0,4.78 Lakh,4.07,4.78,False,True,True,11,0.22000000000000003
4318,Toyota Innova Crysta 2.8 ZX AT,Ahmedabad,2016,42388,First,11.36,2755.0,171.5,7.0,24.63 Lakh,18.0,24.63,False,False,False,9,1.5845070422535212
4319,Honda Brio V MT,Mumbai,2012,54000,First,19.4,1198.0,86.8,5.0,4.78 Lakh,2.95,4.78,False,True,True,13,0.1520618556701031
4320,Skoda Superb Elegance 2.0 TDI CR AT,Mumbai,2011,83010,First,17.2,1968.0,138.1,5.0,4.78 Lakh,7.5,4.78,False,False,False,14,0.436046511627907
4321,Mercedes-Benz E-Class 2015-2017 E250 CDI Avantgarde,Coimbatore,2016,65405,First,13.0,2143.0,204.0,5.0,4.78 Lakh,32.73,4.78,False,False,False,9,2.5176923076923075
4322,Toyota Fortuner 4x2 AT TRD Sportivo,Delhi,2015,36000,Second,12.55,2982.0,168.7,7.0,4.78 Lakh,21.5,4.78,False,False,False,10,1.7131474103585655
4323,Maruti SX4 ZXI MT BSIV,Pune,2008,85000,First,16.51,1586.0,103.2,5.0,4.78 Lakh,2.5,4.78,False,True,True,17,0.15142337976983644
4324,Honda Jazz 1.5 V i DTEC,Ahmedabad,2016,35000,First,27.3,1498.0,98.6,5.0,4.78 Lakh,5.5,4.78,False,False,True,9,0.20146520146520147
4325,Toyota Corolla Altis 2008-2013 1.8 VL AT,Mumbai,2012,54000,First,14.53,1794.0,138.1,5.0,4.78 Lakh,7.5,4.78,False,True,False,13,0.516173434273916
4326,Honda City ZX VTEC,Mumbai,2007,70000,First,16.9,1497.0,100.0,5.0,4.78 Lakh,1.55,4.78,False,True,True,18,0.09171597633136096
4327,BMW X1 xDrive 20d M Sport,Kolkata,2017,27001,First,20.68,1995.0,190.0,5.0,50.26 Lakh,29.0,50.26,False,False,False,8,1.402321083172147
4328,Maruti Swift DDiS VDI,Coimbatore,2019,41075,First,28.4,1248.0,74.0,5.0,4.78 Lakh,8.4,4.78,False,False,True,6,0.295774647887324
4329,Mahindra KUV 100 mFALCON D75 K8,Hyderabad,2016,26000,First,25.32,1198.0,77.0,6.0,4.78 Lakh,6.5,4.78,False,False,True,9,0.2567140600315956
4330,Honda Jazz Mode,Mumbai,2010,55000,First,16.0,1198.0,90.0,5.0,4.78 Lakh,2.35,4.78,False,True,True,15,0.146875
4331,Maruti Swift ZXI,Mumbai,2016,19000,First,20.4,1197.0,81.8,5.0,4.78 Lakh,5.55,4.78,False,True,True,9,0.2720588235294118
4332,Hyundai Grand i10 Asta Option AT,Mumbai,2016,15000,First,18.9,1197.0,82.0,5.0,4.78 Lakh,5.35,4.78,False,True,False,9,0.2830687830687831
4333,Honda Amaze SX i-VTEC,Chennai,2016,37000,First,17.8,1198.0,86.7,5.0,4.78 Lakh,5.25,4.78,False,True,True,9,0.2949438202247191
4334,Hyundai Grand i10 1.2 Kappa Sportz,Coimbatore,2017,38712,First,18.9,1197.0,81.86,5.0,7.45 Lakh,5.87,7.45,False,True,True,8,0.3105820105820106
4335,Volkswagen Vento Diesel Comfortline,Kochi,2014,52400,First,20.54,1598.0,103.6,5.0,4.78 Lakh,5.36,4.78,False,False,True,11,0.26095423563778
4336,Maruti Ciaz 1.3 S,Bangalore,2016,23988,First,28.09,1248.0,88.5,5.0,4.78 Lakh,7.75,4.78,False,False,True,9,0.2758988964044144
4337,Volkswagen Vento Petrol Highline AT,Kochi,2014,32283,Second,14.4,1598.0,103.6,5.0,4.78 Lakh,5.41,4.78,False,True,False,11,0.37569444444444444
4338,Hyundai i20 1.2 Magna,Bangalore,2010,52000,First,18.5,1197.0,80.0,5.0,4.78 Lakh,3.65,4.78,False,True,True,15,0.19729729729729728
4339,Honda Brio VX AT,Pune,2016,32000,First,16.5,1198.0,86.8,5.0,4.78 Lakh,5.25,4.78,False,True,False,9,0.3181818181818182
4340,Honda City i VTEC VX,Kolkata,2014,39000,First,17.4,1497.0,117.3,5.0,4.78 Lakh,6.25,4.78,False,True,True,11,0.3591954022988506
4341,Tata Nano XT,Coimbatore,2017,14149,First,23.9,624.0,37.48,4.0,4.78 Lakh,3.47,4.78,False,True,True,8,0.14518828451882848
4342,Mercedes-Benz S Class 2005 2013 S 350 L,Mumbai,2006,103000,First,10.13,3498.0,364.9,5.0,4.78 Lakh,8.85,4.78,False,True,False,19,0.8736426456071075
4343,Maruti Wagon R LXI BSIII,Pune,2004,82000,First,14.0,1061.0,64.0,5.0,4.78 Lakh,0.85,4.78,False,True,True,21,0.060714285714285714
4344,Skoda Superb Elegance 1.8 TSI AT,Mumbai,2015,34000,First,13.7,1798.0,157.75,5.0,4.78 Lakh,13.65,4.78,False,True,False,10,0.9963503649635037
4345,Audi Q7 35 TDI Quattro Technology,Coimbatore,2016,45180,First,12.07,2967.0,241.4,7.0,4.78 Lakh,50.22,4.78,False,False,False,9,4.16072908036454
4346,Maruti Swift ZXI Plus,Ahmedabad,2018,2000,First,22.0,1197.0,81.8,5.0,8.16 Lakh,7.75,8.16,False,True,True,7,0.3522727272727273
4347,Toyota Innova 2.5 G4 Diesel 7-seater,Coimbatore,2011,82321,First,12.8,2494.0,102.0,7.0,4.78 Lakh,10.05,4.78,False,False,True,14,0.78515625
4348,BMW 3 Series 320i Sedan,Kolkata,2011,7000,First,12.05,1995.0,154.0,5.0,4.78 Lakh,9.75,4.78,False,True,False,14,0.8091286307053941
4349,Mercedes-Benz GLA Class 200 CDI SPORT,Delhi,2015,27000,First,17.9,2143.0,136.0,5.0,4.78 Lakh,23.0,4.78,False,False,False,10,1.2849162011173185
4350,Toyota Innova Crysta 2.4 VX MT 8S,Coimbatore,2019,31271,First,13.68,2393.0,147.8,8.0,24.01 Lakh,21.42,24.01,False,False,True,6,1.5657894736842106
4352,Maruti Swift VDI BSIV,Delhi,2014,24000,First,25.2,1248.0,74.0,5.0,4.78 Lakh,5.21,4.78,False,False,True,11,0.20674603174603176
4353,Toyota Innova 2.5 GX (Diesel) 7 Seater,Hyderabad,2009,147000,First,12.99,2494.0,100.6,7.0,4.78 Lakh,7.5,4.78,False,False,True,16,0.5773672055427251
4355,Chevrolet Beat LT,Chennai,2010,115000,First,18.6,1199.0,79.4,5.0,4.78 Lakh,1.75,4.78,False,True,True,15,0.09408602150537634
4356,Ford Ikon 1.4 TDCi DuraTorq,Jaipur,2010,82000,Second,13.8,1399.0,68.0,5.0,4.78 Lakh,1.0,4.78,False,False,True,15,0.07246376811594203
4357,Mercedes-Benz New C-Class C 220 CDI Avantgarde,Delhi,2016,20000,First,19.27,2143.0,170.0,5.0,4.78 Lakh,33.0,4.78,False,False,False,9,1.7125064867669955
4358,Toyota Etios G,Kolkata,2011,45560,First,17.6,1496.0,88.73,5.0,4.78 Lakh,2.2,4.78,False,True,True,14,0.125
4359,Toyota Innova 2.5 GX (Diesel) 7 Seater BS IV,Kochi,2017,57539,First,12.8,2494.0,102.0,7.0,4.78 Lakh,12.83,4.78,False,False,True,8,1.0023437499999999
4360,BMW 6 Series Gran Coupe,Kochi,2018,20004,First,17.54,2993.0,313.0,4.0,4.78 Lakh,68.94,4.78,False,False,False,7,3.9304446978335235
4361,Skoda Rapid 1.5 TDI Ambition,Mumbai,2012,54500,First,21.13,1498.0,108.4,5.0,13.72 Lakh,4.1,13.72,False,False,True,13,0.19403691433980122
4362,Hyundai EON Magna,Jaipur,2016,27886,First,22.0,814.0,55.0,5.0,4.78 Lakh,2.85,4.78,False,True,True,9,0.12954545454545455
4363,Honda CR-V 2.4L 4WD AT,Mumbai,2007,66000,First,11.1,2354.0,158.8,5.0,4.78 Lakh,3.7,4.78,False,True,False,18,0.33333333333333337
4364,Skoda Laura Elegance 2.0 TDI CR AT,Coimbatore,2013,72202,First,20.0,1968.0,138.1,5.0,4.78 Lakh,9.06,4.78,False,False,False,12,0.453
4365,Skoda Laura RS,Delhi,2011,70000,Second,13.4,1798.0,157.8,5.0,4.78 Lakh,4.75,4.78,False,True,True,14,0.3544776119402985
4366,Honda City i DTec S,Jaipur,2015,78233,First,26.0,1498.0,98.6,5.0,4.78 Lakh,6.6,4.78,False,False,True,10,0.25384615384615383
4367,Tata New Safari 4X4 EX,Chennai,2007,120203,Second,13.93,2179.0,138.0,7.0,4.78 Lakh,3.5,4.78,False,False,True,18,0.25125628140703515
4368,Maruti Zen Estilo LXI BS IV,Pune,2011,20575,First,19.0,998.0,67.1,5.0,4.78 Lakh,2.0,4.78,False,True,True,14,0.10526315789473684
4369,Honda Amaze S i-VTEC,Mumbai,2013,39879,First,17.8,1198.0,86.7,5.0,4.78 Lakh,3.89,4.78,False,True,True,12,0.21853932584269664
4370,Renault KWID 1.0 RXL,Jaipur,2017,31056,First,23.01,999.0,67.0,5.0,4.78 Lakh,3.6,4.78,False,True,True,8,0.15645371577574968
4371,Maruti Ciaz AT ZXi,Mumbai,2015,50940,First,19.12,1373.0,91.1,5.0,4.78 Lakh,6.95,4.78,False,True,False,10,0.3634937238493724
4372,Hyundai i20 Asta Option 1.4 CRDi,Coimbatore,2016,99362,First,22.54,1396.0,88.73,5.0,4.78 Lakh,7.03,4.78,False,False,True,9,0.31188997338065666
4373,Toyota Innova Crysta 2.4 ZX MT,Ahmedabad,2016,54000,First,13.68,2393.0,147.8,7.0,23.14 Lakh,16.5,23.14,False,False,True,9,1.206140350877193
4374,Maruti Ciaz ZDi Plus SHVS,Coimbatore,2016,54268,First,28.09,1248.0,88.5,5.0,4.78 Lakh,7.67,4.78,False,False,True,9,0.2730509077963688
4375,Jaguar XF Diesel,Coimbatore,2012,94521,First,14.74,2993.0,270.9,5.0,4.78 Lakh,23.19,4.78,False,False,False,13,1.5732700135685211
4376,Hyundai Xcent 1.2 Kappa S,Kochi,2017,38932,First,19.1,1197.0,82.0,5.0,4.78 Lakh,6.21,4.78,False,True,True,8,0.325130890052356
4377,Porsche Cayenne Diesel,Coimbatore,2015,60395,First,16.12,2967.0,245.0,5.0,4.78 Lakh,45.82,4.78,False,False,False,10,2.8424317617866004
4378,Hyundai Xcent 1.1 CRDi S,Mumbai,2016,29000,First,24.4,1120.0,71.0,5.0,4.78 Lakh,5.95,4.78,False,False,True,9,0.24385245901639346
4379,Audi A4 2.0 TDI Multitronic,Delhi,2011,58000,First,16.55,1968.0,140.0,5.0,4.78 Lakh,11.0,4.78,False,False,False,14,0.6646525679758308
4380,Maruti Ciaz RS ZXi Plus,Coimbatore,2016,60913,First,20.73,1373.0,91.1,5.0,4.78 Lakh,7.19,4.78,False,True,True,9,0.346840328027014
4381,Toyota Innova 2.5 G4 Diesel 8-seater,Delhi,2011,65000,First,12.8,2494.0,102.0,8.0,4.78 Lakh,6.4,4.78,False,False,True,14,0.5
4382,Mercedes-Benz New C-Class 220 CDI MT,Chennai,2015,26000,First,15.8,2148.0,170.0,5.0,4.78 Lakh,26.0,4.78,False,False,True,10,1.6455696202531644
4383,Hyundai i10 Sportz,Hyderabad,2016,19947,First,20.36,1197.0,78.9,5.0,4.78 Lakh,4.5,4.78,False,True,True,9,0.22102161100196463
4384,Hyundai i10 Sportz 1.2 AT,Chennai,2011,70816,First,16.95,1197.0,78.9,5.0,4.78 Lakh,3.1,4.78,False,True,False,14,0.18289085545722716
4385,Maruti Baleno Zeta 1.3,Delhi,2015,54000,First,27.39,1248.0,74.0,5.0,4.78 Lakh,5.95,4.78,False,False,True,10,0.217232566630157
4386,Maruti Zen Estilo 1.1 VXI BSIII,Delhi,2008,138000,First,18.2,1061.0,64.0,5.0,4.78 Lakh,1.2,4.78,False,True,True,17,0.06593406593406594
4387,BMW 7 Series 730Ld,Chennai,2014,35000,First,16.46,2993.0,258.0,5.0,4.78 Lakh,52.0,4.78,False,False,False,11,3.1591737545565004
4388,Audi Q7 4.2 TDI Quattro Technology,Bangalore,2015,50000,First,11.33,4134.0,335.2,7.0,4.78 Lakh,48.0,4.78,False,False,False,10,4.236540158870256
4389,BMW X5 xDrive 30d,Hyderabad,2011,124652,First,11.7,2993.0,245.0,5.0,4.78 Lakh,21.99,4.78,False,False,False,14,1.8794871794871795
4390,Maruti Ritz LXI,Hyderabad,2013,80264,First,21.1,1197.0,85.8,5.0,4.78 Lakh,4.3,4.78,False,True,True,12,0.20379146919431276
4391,Nissan Sunny 2011-2014 Diesel XL,Pune,2013,125600,First,21.64,1461.0,84.8,5.0,4.78 Lakh,3.75,4.78,False,False,True,12,0.1732902033271719
4392,Toyota Corolla Altis 1.8 Limited Edition,Mumbai,2015,49000,First,14.28,1798.0,138.03,5.0,4.78 Lakh,8.95,4.78,False,True,True,10,0.626750700280112
4393,Toyota Etios VXD,Pune,2012,111000,First,23.59,1364.0,67.1,5.0,4.78 Lakh,4.75,4.78,False,False,True,13,0.2013565069944892
4394,Toyota Corolla Altis GL MT,Coimbatore,2016,33690,First,14.28,1798.0,138.03,5.0,4.78 Lakh,14.6,4.78,False,True,True,9,1.022408963585434
4395,Audi A6 2011-2015 2.0 TDI Premium Plus,Mumbai,2012,50000,First,17.68,1968.0,174.33,5.0,4.78 Lakh,17.5,4.78,False,False,False,13,0.9898190045248869
4396,Maruti Ertiga ZDI,Kolkata,2012,38092,First,20.77,1248.0,88.8,7.0,4.78 Lakh,5.2,4.78,False,False,True,13,0.25036109773712084
4397,Hyundai Grand i10 Sportz,Coimbatore,2017,47774,First,18.9,1197.0,82.0,5.0,4.78 Lakh,6.04,4.78,False,True,True,8,0.3195767195767196
4398,Tata Indigo CS LX (TDI) BS III,Chennai,2009,167000,Second,19.09,1396.0,69.0,5.0,4.78 Lakh,2.7,4.78,False,False,True,16,0.14143530644316396
4399,Maruti Swift Dzire AMT ZDI,Chennai,2019,65000,First,26.59,1248.0,74.0,5.0,4.78 Lakh,6.75,4.78,False,False,False,6,0.25385483264385106
4400,Volkswagen Polo Petrol Highline 1.6L,Kolkata,2011,46000,First,15.26,1598.0,103.5,5.0,4.78 Lakh,2.35,4.78,False,True,True,14,0.15399737876802097
4401,Tata Tiago 1.2 Revotron XZ WO Alloy,Hyderabad,2017,16500,First,23.84,1199.0,84.0,5.0,6.29 Lakh,5.0,6.29,False,True,True,8,0.20973154362416108
4402,Honda City i VTEC VX,Kolkata,2016,39000,First,17.8,1497.0,117.3,5.0,4.78 Lakh,6.95,4.78,False,True,True,9,0.3904494382022472
4403,Honda Amaze V Petrol,Jaipur,2018,6000,First,19.5,1199.0,86.76,5.0,8.18 Lakh,6.7,8.18,False,True,True,7,0.3435897435897436
4404,Audi A4 35 TDI Premium,Hyderabad,2015,60000,First,17.11,1968.0,174.33,5.0,4.78 Lakh,25.0,4.78,False,False,False,10,1.461133839859731
4405,Volkswagen Vento Petrol Highline AT,Chennai,2011,97320,First,14.4,1598.0,103.6,5.0,4.78 Lakh,3.75,4.78,False,True,False,14,0.2604166666666667
4406,Volkswagen Vento Diesel Trendline,Chennai,2011,99807,First,20.54,1598.0,103.6,5.0,4.78 Lakh,3.75,4.78,False,False,True,14,0.18257059396299904
4407,Honda City 1.5 S MT,Pune,2013,46000,First,17.0,1497.0,118.0,5.0,4.78 Lakh,5.1,4.78,False,True,True,12,0.3
4408,Maruti Wagon R LXI,Mumbai,2010,12000,First,22.5,998.0,67.04,5.0,5.04 Lakh,2.45,5.04,False,True,True,15,0.1088888888888889
4409,Skoda Superb 2.8 V6 AT,Kolkata,2005,13002,First,9.3,2771.0,193.1,5.0,4.78 Lakh,3.25,4.78,False,True,False,20,0.3494623655913978
4410,Honda City i DTEC SV,Kolkata,2014,26000,First,26.0,1498.0,98.6,5.0,4.78 Lakh,5.5,4.78,False,False,True,11,0.21153846153846154
4412,Mercedes-Benz M-Class ML 350 4Matic,Coimbatore,2016,27833,First,0.0,2987.0,165.0,5.0,4.78 Lakh,49.24,4.78,False,False,False,9,
4413,Maruti Alto 800 LXI,Kochi,2016,51639,First,22.74,796.0,47.3,5.0,4.78 Lakh,3.04,4.78,False,True,True,9,0.13368513632365875
4414,Hyundai i20 Magna 1.2,Delhi,2015,21000,First,18.6,1197.0,81.83,5.0,4.78 Lakh,4.9,4.78,False,True,True,10,0.26344086021505375
4415,Ford Ecosport 1.5 DV5 MT Trend,Bangalore,2013,90000,First,22.7,1498.0,89.84,5.0,4.78 Lakh,6.25,4.78,False,False,True,12,0.27533039647577096
4416,BMW 3 Series GT 320d Luxury Line,Hyderabad,2015,36255,First,19.59,1995.0,184.0,5.0,4.78 Lakh,33.0,4.78,False,False,False,10,1.6845329249617151
4417,BMW X5 xDrive 30d,Chennai,2011,58000,Second,11.7,2993.0,245.0,5.0,4.78 Lakh,27.0,4.78,False,False,False,14,2.307692307692308
4418,Honda Amaze S i-Vtech,Coimbatore,2014,48997,Second,18.0,1198.0,86.7,5.0,4.78 Lakh,5.21,4.78,False,True,True,11,0.28944444444444445
4419,Ford EcoSport 1.5 Ti VCT MT Titanium,Mumbai,2014,31130,First,15.85,1499.0,110.4,5.0,4.78 Lakh,5.75,4.78,False,True,True,11,0.3627760252365931
4420,Jaguar XF 3.0 Litre S Premium Luxury,Coimbatore,2012,75668,First,14.74,2993.0,270.9,5.0,4.78 Lakh,16.58,4.78,False,False,False,13,1.1248303934871098
4421,Toyota Corolla 1.8 J,Delhi,2015,12000,First,14.53,1798.0,138.0,5.0,4.78 Lakh,11.0,4.78,False,True,True,10,0.7570543702684103
4422,Hyundai i10 Sportz,Pune,2014,90000,Second,20.36,1197.0,78.9,5.0,4.78 Lakh,2.8,4.78,False,True,True,11,0.13752455795677798
4423,Mercedes-Benz New C-Class C220 CDI Executive Edition,Kochi,2019,17320,First,15.8,2148.0,170.0,5.0,4.78 Lakh,37.99,4.78,False,False,False,6,2.4044303797468354
4424,Skoda Laura Ambiente 2.0 TDI CR MT,Delhi,2011,85000,Second,20.0,1968.0,108.5,5.0,4.78 Lakh,3.65,4.78,False,False,True,14,0.1825
4425,Ford Endeavour 4x2 XLT,Hyderabad,2007,130000,First,13.1,2499.0,141.0,7.0,4.78 Lakh,6.0,4.78,False,False,True,18,0.4580152671755725
4426,Ford Figo Petrol EXI,Coimbatore,2013,60328,First,15.6,1196.0,70.0,5.0,4.78 Lakh,4.54,4.78,False,True,True,12,0.29102564102564105
4427,Honda Amaze S i-Vtech,Kochi,2015,34327,First,18.0,1198.0,86.7,5.0,4.78 Lakh,5.4,4.78,False,True,True,10,0.30000000000000004
4428,Tata Indica Vista TDI LS,Mumbai,2014,75000,First,19.1,1405.0,70.0,5.0,4.78 Lakh,3.3,4.78,False,False,True,11,0.17277486910994763
4429,Volvo XC60 D4 Summum,Hyderabad,2012,86000,Second,14.7,1985.0,163.0,5.0,4.78 Lakh,18.25,4.78,False,False,False,13,1.241496598639456
4430,Datsun Redi GO Sport,Bangalore,2017,12000,First,22.7,799.0,53.0,5.0,4.78 Lakh,3.1,4.78,False,True,True,8,0.13656387665198239
4431,Hyundai EON Era Plus,Kochi,2013,57759,First,21.1,814.0,55.2,5.0,4.78 Lakh,3.84,4.78,False,True,True,12,0.1819905213270142
4432,Maruti Alto 800 VXI,Kolkata,2016,24300,First,22.74,796.0,47.3,5.0,4.78 Lakh,2.44,4.78,False,True,True,9,0.10729991204925242
4433,Volkswagen Polo Petrol Trendline 1.2L,Bangalore,2011,66000,Second,16.47,1198.0,73.9,5.0,4.78 Lakh,3.6,4.78,False,True,True,14,0.21857923497267762
4434,Hyundai i10 Asta,Mumbai,2015,75915,First,20.36,1197.0,78.9,5.0,4.78 Lakh,3.9,4.78,False,True,True,10,0.19155206286836934
4435,Nissan Sunny 2011-2014 XL,Chennai,2013,107000,Second,16.95,1498.0,97.7,5.0,4.78 Lakh,2.9,4.78,False,True,True,12,0.1710914454277286
4436,Toyota Corolla Altis G,Chennai,2008,86000,Second,14.53,1798.0,138.1,5.0,4.78 Lakh,3.5,4.78,False,True,True,17,0.24088093599449417
4437,Hyundai Verna CRDi ABS,Chennai,2009,160000,Second,18.1,1493.0,110.0,5.0,4.78 Lakh,3.5,4.78,False,False,True,16,0.19337016574585633
4438,Maruti Alto 800 2016-2019 LXI Optional,Jaipur,2019,3000,First,24.7,796.0,47.3,5.0,4.78 Lakh,3.5,4.78,False,True,True,6,0.1417004048582996
4439,Hyundai i20 Sportz 1.4 CRDi,Hyderabad,2015,72495,First,21.9,1396.0,88.76,5.0,4.78 Lakh,7.0,4.78,False,False,True,10,0.31963470319634707
4440,Hyundai Verna 1.6 CRDi AT S,Chennai,2016,33000,First,19.08,1582.0,126.2,5.0,4.78 Lakh,8.7,4.78,False,False,False,9,0.4559748427672956
4441,Audi Q7 3.0 TDI Quattro Technology,Hyderabad,2014,60000,First,12.07,2967.0,241.4,7.0,4.78 Lakh,45.0,4.78,False,False,False,11,3.728251864125932
4442,Tata Indica V2 eLS,Hyderabad,2016,80103,First,25.0,1396.0,69.0,5.0,4.78 Lakh,1.8,4.78,False,False,True,9,0.07200000000000001
4443,Chevrolet Spark 1.0 LS,Kolkata,2007,42100,First,18.0,995.0,62.0,5.0,4.78 Lakh,0.99,4.78,False,True,True,18,0.055
4444,Hyundai Grand i10 1.2 Kappa Magna,Kolkata,2018,4500,First,18.9,1197.0,81.86,5.0,6.4 Lakh,4.8,6.4,False,True,True,7,0.25396825396825395
4445,Toyota Fortuner 4x4 MT TRD Sportivo,Mumbai,2014,97000,First,12.55,2982.0,169.0,7.0,4.78 Lakh,17.95,4.78,False,False,True,11,1.4302788844621512
4446,Mahindra E Verito D4,Chennai,2016,50000,First,18.9,72.0,41.0,5.0,13.58 Lakh,13.0,13.58,True,False,False,9,0.6878306878306879
4447,Hyundai Grand i10 1.2 Kappa Asta,Kochi,2017,51223,First,18.9,1197.0,81.86,5.0,7.48 Lakh,5.66,7.48,False,True,True,8,0.2994708994708995
4448,Honda City 1.5 S MT,Delhi,2009,64000,First,17.0,1497.0,118.0,5.0,4.78 Lakh,3.1,4.78,False,True,True,16,0.1823529411764706
4449,Hyundai Elite i20 Petrol Asta,Kochi,2016,56911,First,18.6,1197.0,81.86,5.0,4.78 Lakh,6.54,4.78,False,True,True,9,0.3516129032258064
4450,Toyota Innova 2.5 G4 Diesel 8-seater,Hyderabad,2015,147848,First,12.8,2494.0,102.0,8.0,4.78 Lakh,13.2,4.78,False,False,True,10,1.0312499999999998
4451,Ford Mustang V8,Kochi,2018,21290,First,13.0,4951.0,395.0,4.0,83.92 Lakh,56.8,83.92,False,True,False,7,4.369230769230769
4452,Toyota Innova Crysta 2.8 GX AT,Kochi,2019,14076,First,11.36,2755.0,171.5,7.0,20.74 Lakh,19.4,20.74,False,False,False,6,1.7077464788732395
4453,Maruti Zen Estilo 1.1 VXI BSIII,Ahmedabad,2007,75180,First,18.2,1061.0,64.0,5.0,4.78 Lakh,1.65,4.78,False,True,True,18,0.09065934065934066
4454,Maruti Swift ZDi,Jaipur,2013,92000,Second,22.9,1248.0,74.0,5.0,4.78 Lakh,4.35,4.78,False,False,True,12,0.18995633187772926
4455,Fiat Avventura MULTIJET Emotion,Hyderabad,2015,57266,First,20.5,1248.0,91.72,5.0,4.78 Lakh,6.5,4.78,False,False,True,10,0.3170731707317073
4456,Maruti Zen Estilo VXI BSIII,Delhi,2007,64000,First,18.2,998.0,67.1,5.0,4.78 Lakh,1.11,4.78,False,True,True,18,0.060989010989010994
4457,Renault Duster 85PS Diesel RxL,Mumbai,2013,41000,First,19.87,1461.0,83.8,5.0,4.78 Lakh,5.5,4.78,False,False,True,12,0.27679919476597886
4458,Mitsubishi Pajero 2.8 SFX,Delhi,2012,45999,First,10.5,2835.0,107.2,6.0,4.78 Lakh,11.0,4.78,False,False,True,13,1.0476190476190477
4459,Maruti Celerio VXI AT,Pune,2015,50000,First,23.1,998.0,67.04,5.0,4.78 Lakh,3.9,4.78,False,True,False,10,0.1688311688311688
4460,Tata Indica V2 DLS BSIII,Pune,2013,70000,First,17.88,1405.0,48.21,5.0,4.78 Lakh,1.8,4.78,False,False,True,12,0.10067114093959732
4461,Hyundai Elite i20 Petrol Asta,Kochi,2016,37540,First,18.6,1197.0,81.86,5.0,4.78 Lakh,6.22,4.78,False,True,True,9,0.3344086021505376
4462,Maruti Celerio VXI AT,Hyderabad,2014,44000,First,23.1,998.0,67.04,5.0,4.78 Lakh,4.3,4.78,False,True,False,11,0.18614718614718612
4463,Hyundai Grand i10 1.2 Kappa Asta,Hyderabad,2017,22500,First,18.9,1197.0,81.86,5.0,7.82 Lakh,5.99,7.82,False,True,True,8,0.31693121693121695
4464,Hyundai i20 1.2 Magna Executive,Delhi,2017,17431,First,18.6,1197.0,81.83,5.0,4.78 Lakh,6.0,4.78,False,True,True,8,0.3225806451612903
4465,Hyundai Verna 1.6 SX VTVT (O),Delhi,2014,61566,First,17.1,1591.0,121.3,5.0,4.78 Lakh,5.85,4.78,False,True,True,11,0.3421052631578947
4466,Land Rover Freelander 2 SE,Kochi,2014,61730,First,12.39,2179.0,147.51,5.0,4.78 Lakh,19.94,4.78,False,False,False,11,1.609362389023406
4467,Maruti Swift VXI BSIII,Chennai,2009,68000,First,16.1,1298.0,88.2,5.0,4.78 Lakh,2.9,4.78,False,True,True,16,0.18012422360248445
4468,Honda Amaze SX i-VTEC,Mumbai,2014,29000,First,18.0,1198.0,86.7,5.0,4.78 Lakh,4.25,4.78,False,True,True,11,0.2361111111111111
4469,Toyota Corolla Altis Diesel D4DG,Hyderabad,2010,156210,First,21.43,1364.0,87.2,5.0,4.78 Lakh,5.99,4.78,False,False,True,15,0.2795146990200653
4470,Honda Amaze S Diesel,Kolkata,2013,46500,First,27.4,1498.0,98.6,5.0,8.54 Lakh,3.3,8.54,False,False,True,12,0.12043795620437957
4471,Audi A6 3.0 TDI quattro,Coimbatore,2009,52830,Second,16.77,2967.0,241.38,5.0,4.78 Lakh,8.08,4.78,False,False,False,16,0.48181276088252833
4472,Maruti Wagon R VXI,Jaipur,2017,39867,First,22.5,998.0,67.04,5.0,5.44 Lakh,4.5,5.44,False,True,True,8,0.2
4473,Honda Mobilio E i DTEC,Hyderabad,2014,58972,First,24.2,1498.0,98.6,7.0,4.78 Lakh,6.5,4.78,False,False,True,11,0.26859504132231404
4474,Honda CR-V 2.4 4WD AT,Bangalore,2006,66000,Second,10.1,2354.0,152.0,5.0,4.78 Lakh,3.9,4.78,False,True,False,19,0.38613861386138615
4475,Hyundai Verna 1.6 SX VTVT (O),Delhi,2013,52000,First,17.1,1591.0,121.3,5.0,4.78 Lakh,5.25,4.78,False,True,True,12,0.3070175438596491
4476,Hyundai Santa Fe 4x4 AT,Bangalore,2014,58000,First,11.72,2199.0,194.3,7.0,4.78 Lakh,17.0,4.78,False,False,False,11,1.4505119453924913
4477,Hyundai i10 Sportz AT,Ahmedabad,2012,58000,First,16.95,1197.0,78.9,5.0,4.78 Lakh,3.5,4.78,False,True,False,13,0.20648967551622419
4478,Ford Fusion Plus 1.4 TDCi Diesel,Hyderabad,2008,75000,Second,17.7,1399.0,68.0,5.0,4.78 Lakh,3.0,4.78,False,False,True,17,0.16949152542372883
4479,Hyundai i10 Sportz,Coimbatore,2015,41008,Second,20.36,1197.0,78.9,5.0,4.78 Lakh,4.87,4.78,False,True,True,10,0.23919449901768175
4480,Hyundai Xcent 1.1 CRDi SX Option,Jaipur,2014,65000,First,24.4,1120.0,71.0,5.0,4.78 Lakh,6.0,4.78,False,False,True,11,0.24590163934426232
4481,Skoda Superb Style 2.0 TDI AT,Mumbai,2015,19000,First,18.19,1968.0,174.5,5.0,36.94 Lakh,15.5,36.94,False,False,False,10,0.8521165475536008
4482,Ford Fiesta 1.4 Duratec EXI,Pune,2008,74000,Second,16.6,1388.0,68.0,5.0,4.78 Lakh,1.6,4.78,False,True,True,17,0.09638554216867469
4483,Maruti Baleno Zeta Automatic,Pune,2017,33000,First,21.4,1197.0,83.1,5.0,4.78 Lakh,7.25,4.78,False,True,False,8,0.338785046728972
4484,Skoda Laura 1.9 TDI MT Ambiente,Mumbai,2010,95000,Second,17.0,1896.0,105.0,5.0,4.78 Lakh,3.25,4.78,False,False,True,15,0.19117647058823528
4485,Volkswagen Vento 1.5 TDI Comfortline,Kolkata,2012,34000,First,20.64,1498.0,108.5,5.0,11.16 Lakh,3.4,11.16,False,False,True,13,0.16472868217054262
4486,Audi Q7 3.0 TDI Quattro Technology,Coimbatore,2014,102865,First,12.07,2967.0,241.4,7.0,4.78 Lakh,30.5,4.78,False,False,False,11,2.5269262634631318
4487,Hyundai Verna VTVT 1.6 SX Option,Kochi,2016,52378,First,17.0,1591.0,121.3,5.0,13.6 Lakh,7.97,13.6,False,True,True,9,0.4688235294117647
4488,Mercedes-Benz New C-Class 220 CDI AT,Delhi,2012,38000,First,14.84,2143.0,170.0,5.0,4.78 Lakh,13.51,4.78,False,False,False,13,0.910377358490566
4489,Honda Amaze S i-Dtech,Kochi,2015,60334,First,25.8,1498.0,98.6,5.0,4.78 Lakh,5.43,4.78,False,False,True,10,0.21046511627906975
4490,Ford Fiesta 1.4 Duratec EXI Limited Edition,Chennai,2010,107000,First,16.6,1388.0,68.0,5.0,4.78 Lakh,2.6,4.78,False,True,True,15,0.1566265060240964
4491,Hyundai i20 Magna Optional 1.2,Bangalore,2013,445000,First,18.5,1197.0,82.9,5.0,4.78 Lakh,4.45,4.78,False,True,True,12,0.24054054054054055
4492,Maruti Alto 800 LXI,Kolkata,2017,2196,First,22.74,796.0,47.3,5.0,4.78 Lakh,2.75,4.78,False,True,True,8,0.12093227792436237
4493,BMW 5 Series 530i Sedan,Kolkata,2010,24000,First,10.6,2996.0,258.0,5.0,4.78 Lakh,8.75,4.78,False,True,False,15,0.8254716981132075
4494,Fiat Grande Punto 1.4 Emotion,Coimbatore,2015,44846,Second,14.6,1368.0,88.7,5.0,4.78 Lakh,5.41,4.78,False,True,True,10,0.37054794520547946
4495,Maruti Dzire AMT ZDI Plus,Kochi,2018,64035,First,28.4,1248.0,73.75,5.0,10.7 Lakh,8.55,10.7,False,False,False,7,0.30105633802816906
4496,Mahindra XUV500 W6 2WD,Mumbai,2014,45600,First,15.1,2179.0,140.0,7.0,4.78 Lakh,8.25,4.78,False,False,True,11,0.5463576158940397
4497,Volvo XC90 2007-2015 D5 AT AWD,Kochi,2014,102001,First,11.1,2400.0,200.0,7.0,4.78 Lakh,23.58,4.78,False,False,False,11,2.1243243243243244
4498,Hyundai i10 Sportz 1.2,Coimbatore,2014,47439,First,20.36,1197.0,78.9,5.0,4.78 Lakh,4.49,4.78,False,True,True,11,0.22053045186640474
4499,Toyota Fortuner 3.0 Diesel,Hyderabad,2010,193254,First,11.5,2982.0,171.0,7.0,4.78 Lakh,12.99,4.78,False,False,True,15,1.1295652173913044
4500,Tata Nano XTA,Bangalore,2016,29000,First,21.9,624.0,37.48,4.0,4.78 Lakh,2.8,4.78,False,True,False,9,0.1278538812785388
4501,Renault Lodgy 110PS RxZ 8 Seater,Coimbatore,2016,51681,First,19.98,1461.0,108.5,8.0,4.78 Lakh,8.43,4.78,False,False,True,9,0.4219219219219219
4502,Audi Q7 3.0 TDI Quattro Premium Plus,Hyderabad,2015,50000,First,12.07,2967.0,241.4,7.0,4.78 Lakh,47.5,4.78,False,False,False,10,3.9353769676884838
4503,Honda City i VTEC CVT VX,Mumbai,2016,42666,First,18.0,1497.0,117.3,5.0,4.78 Lakh,8.95,4.78,False,True,False,9,0.4972222222222222
4504,Renault Duster 110PS Diesel RxL,Jaipur,2013,65000,Second,19.01,1461.0,108.45,5.0,4.78 Lakh,5.5,4.78,False,False,True,12,0.289321409784324
4505,Honda Amaze S i-VTEC,Jaipur,2014,18776,First,17.8,1198.0,86.7,5.0,4.78 Lakh,4.75,4.78,False,True,True,11,0.26685393258426965
4506,Honda Amaze S i-Vtech,Jaipur,2016,6714,First,18.0,1198.0,86.7,5.0,4.78 Lakh,4.75,4.78,False,True,True,9,0.2638888888888889
4507,BMW 3 Series 320i,Pune,2009,40000,Second,12.05,1995.0,154.0,5.0,4.78 Lakh,9.5,4.78,False,True,False,16,0.7883817427385892
4508,Maruti Ritz LDi,Coimbatore,2011,88539,First,23.2,1248.0,73.94,5.0,4.78 Lakh,3.77,4.78,False,False,True,14,0.1625
4509,Honda City 1.5 S MT,Delhi,2012,65055,Second,17.0,1497.0,118.0,5.0,4.78 Lakh,4.25,4.78,False,True,True,13,0.25
4510,BMW 3 Series 320d Sport Line,Mumbai,2014,23000,First,18.88,1995.0,184.0,5.0,4.78 Lakh,19.9,4.78,False,False,False,11,1.0540254237288136
4511,Volkswagen Jetta 2007-2011 1.9 TDI Trendline,Chennai,2009,60000,First,15.0,1896.0,105.0,5.0,4.78 Lakh,4.0,4.78,False,False,True,16,0.26666666666666666
4512,Maruti Swift Dzire LXI,Kochi,2013,59350,First,19.1,1197.0,85.8,5.0,4.78 Lakh,4.16,4.78,False,True,True,12,0.21780104712041884
4513,Jaguar XF 2.2 Litre Executive,Bangalore,2015,19000,Second,16.36,2179.0,187.7,5.0,4.78 Lakh,38.0,4.78,False,False,False,10,2.3227383863080684
4514,Hyundai Xcent 1.2 Kappa AT SX Option,Kochi,2016,45560,First,16.9,1197.0,82.0,5.0,4.78 Lakh,6.34,4.78,False,True,False,9,0.3751479289940829
4515,Toyota Innova 2.5 G (Diesel) 7 Seater BS IV,Pune,2009,118000,First,12.8,2494.0,102.0,8.0,4.78 Lakh,4.5,4.78,False,False,True,16,0.3515625
4516,Maruti Eeco 7 Seater Standard,Chennai,2016,55000,First,15.1,1196.0,73.0,7.0,4.87 Lakh,3.75,4.87,False,True,True,9,0.24834437086092717
4517,Audi A4 New 2.0 TDI Multitronic,Delhi,2012,60000,Second,15.2,1968.0,140.8,5.0,4.78 Lakh,10.2,4.78,False,False,False,13,0.6710526315789473
4518,Toyota Innova 2.5 G (Diesel) 7 Seater BS IV,Chennai,2007,145000,First,12.8,2494.0,102.0,8.0,4.78 Lakh,5.0,4.78,False,False,True,18,0.390625
4519,Maruti Grand Vitara MT,Mumbai,2008,46810,First,9.8,1995.0,163.5,5.0,4.78 Lakh,3.95,4.78,False,True,True,17,0.4030612244897959
4520,Volkswagen Vento 1.5 TDI Highline,Coimbatore,2016,62767,First,20.34,1498.0,103.2,5.0,4.78 Lakh,9.75,4.78,False,False,True,9,0.47935103244837757
4521,Hyundai Elite i20 Petrol Asta,Kochi,2018,18553,First,18.6,1197.0,81.86,5.0,4.78 Lakh,7.93,4.78,False,True,True,7,0.4263440860215053
4522,Ford Fiesta Classic 1.4 Duratorq CLXI,Hyderabad,2011,143143,First,17.8,1399.0,67.0,5.0,4.78 Lakh,2.1,4.78,False,False,True,14,0.11797752808988764
4523,Mitsubishi Pajero Sport 4X4,Coimbatore,2015,53497,First,13.5,2477.0,175.56,7.0,34.6 Lakh,16.42,34.6,False,False,True,10,1.2162962962962964
4524,Hyundai Santa Fe 4X4,Bangalore,2011,148000,Second,14.66,2199.0,194.3,7.0,4.78 Lakh,8.9,4.78,False,False,True,14,0.607094133697135
4525,Mahindra XUV500 W8 2WD,Pune,2012,95000,First,15.1,2179.0,140.0,7.0,4.78 Lakh,7.21,4.78,False,False,True,13,0.4774834437086093
4526,Toyota Innova 2.5 V Diesel 8-seater,Chennai,2015,100000,First,12.8,2494.0,102.0,8.0,4.78 Lakh,13.5,4.78,False,False,True,10,1.0546875
4527,Mercedes-Benz GLE 350d,Chennai,2016,29000,First,11.57,2987.0,254.79,5.0,92.79 Lakh,65.0,92.79,False,False,False,9,5.617977528089887
4528,Mahindra Scorpio 2009-2014 SLE 7S BSIV,Bangalore,2014,87000,First,12.05,2179.0,120.0,7.0,4.78 Lakh,7.4,4.78,False,False,True,11,0.6141078838174274
4529,Honda City 1.5 S AT,Kochi,2014,56838,First,16.8,1497.0,118.0,5.0,4.78 Lakh,5.15,4.78,False,True,False,11,0.30654761904761907
4530,Mercedes-Benz GL-Class 2007 2012 350 CDI Luxury,Pune,2013,100000,First,12.0,2987.0,224.0,7.0,4.78 Lakh,32.0,4.78,False,False,False,12,2.6666666666666665
4531,Honda City 1.5 S MT,Kolkata,2011,125000,First,17.0,1497.0,118.0,5.0,4.78 Lakh,3.25,4.78,False,True,True,14,0.19117647058823528
4532,Maruti Wagon R VXI AMT,Kolkata,2017,17000,First,22.5,998.0,67.0,5.0,5.8 Lakh,3.95,5.8,False,True,False,8,0.17555555555555558
4533,Tata Indigo eCS GLE BSIII,Pune,2013,70000,Second,15.4,1193.0,65.0,5.0,4.78 Lakh,1.5,4.78,False,True,True,12,0.09740259740259741
4534,Hyundai i20 2015-2017 1.2 Asta with AVN,Pune,2010,50000,Second,17.0,1197.0,80.0,5.0,4.78 Lakh,3.0,4.78,False,True,True,15,0.17647058823529413
4535,Honda Jazz Active,Kolkata,2010,39800,First,16.0,1198.0,90.0,5.0,4.78 Lakh,1.99,4.78,False,True,True,15,0.124375
4536,Maruti A-Star Lxi,Kolkata,2010,60000,First,19.0,998.0,66.1,5.0,4.78 Lakh,1.35,4.78,False,True,True,15,0.07105263157894737
4537,BMW 3 Series 320d Highline,Hyderabad,2009,58000,First,16.07,1995.0,181.0,5.0,4.78 Lakh,13.5,4.78,False,False,False,16,0.8400746733042938
4538,Skoda Yeti Elegance,Hyderabad,2010,110009,First,17.67,1968.0,138.08,5.0,4.78 Lakh,6.99,4.78,False,False,True,15,0.3955857385398981
4539,Nissan Terrano XV Premium 110 PS,Hyderabad,2013,85000,First,19.01,1461.0,108.5,5.0,4.78 Lakh,8.5,4.78,False,False,True,12,0.44713308784850075
4540,Volkswagen Polo Diesel Comfortline 1.2L,Pune,2010,84000,Second,22.07,1199.0,73.9,5.0,4.78 Lakh,2.89,4.78,False,False,True,15,0.13094698685999095
4541,BMW 3 Series 320d,Mumbai,2011,51000,First,22.69,1995.0,190.0,5.0,47.87 Lakh,10.5,47.87,False,False,False,14,0.46275892463640367
4542,Nissan Sunny 2011-2014 XL,Kochi,2013,68880,First,16.95,1498.0,97.7,5.0,4.78 Lakh,3.97,4.78,False,True,True,12,0.23421828908554573
4543,Maruti Alto K10 VXI AGS,Chennai,2017,5500,First,24.07,998.0,67.1,5.0,4.78 Lakh,4.25,4.78,False,True,False,8,0.17656834233485666
4544,Maruti Ritz ZXI,Coimbatore,2016,40052,First,21.1,1197.0,85.8,5.0,4.78 Lakh,6.17,4.78,False,True,True,9,0.2924170616113744
4545,Audi Q5 30 TDI quattro Premium Plus,Coimbatore,2016,47293,First,14.16,1968.0,174.3,5.0,4.78 Lakh,38.72,4.78,False,False,False,9,2.734463276836158
4546,Hyundai Verna CRDi SX,Hyderabad,2013,79663,First,16.8,1493.0,110.0,5.0,4.78 Lakh,6.5,4.78,False,False,True,12,0.38690476190476186
4547,Honda Amaze S i-Dtech,Jaipur,2013,63000,Second,25.8,1498.0,98.6,5.0,4.78 Lakh,4.25,4.78,False,False,True,12,0.16472868217054262
4548,Honda City i DTEC SV,Kolkata,2014,45000,First,26.0,1498.0,98.6,5.0,4.78 Lakh,4.75,4.78,False,False,True,11,0.18269230769230768
4549,Toyota Fortuner TRD Sportivo 2.8 2WD AT,Kochi,2014,56501,First,12.9,2755.0,174.5,7.0,4.78 Lakh,17.71,4.78,False,False,False,11,1.3728682170542637
4550,Volkswagen Vento 1.5 TDI Highline,Jaipur,2015,58000,First,20.34,1498.0,103.2,5.0,4.78 Lakh,5.85,4.78,False,False,True,10,0.28761061946902655
4551,BMW 5 Series 520d Luxury Line,Coimbatore,2011,51602,First,22.48,1995.0,190.0,5.0,63.71 Lakh,17.27,63.71,False,False,False,14,0.7682384341637011
4552,BMW 3 Series 320d Sedan,Hyderabad,2007,74199,First,16.07,1995.0,181.0,5.0,4.78 Lakh,9.25,4.78,False,False,False,18,0.5756067205973864
4553,Hyundai Creta 1.6 SX Plus Petrol Automatic,Ahmedabad,2017,25000,First,13.0,1591.0,121.3,5.0,4.78 Lakh,12.75,4.78,False,True,False,8,0.9807692307692307
4554,BMW 3 Series Luxury Line,Pune,2016,70000,Second,21.76,1995.0,190.0,5.0,62.11 Lakh,27.0,62.11,False,False,False,9,1.2408088235294117
4555,Mercedes-Benz New C-Class C 220 CDI BE Avantgare,Bangalore,2013,25000,Second,14.84,2143.0,167.62,5.0,4.78 Lakh,21.0,4.78,False,False,False,12,1.4150943396226414
4556,Maruti Swift Dzire VDI,Hyderabad,2017,22000,First,26.59,1248.0,74.0,5.0,4.78 Lakh,7.95,4.78,False,False,True,8,0.2989845806694246
4557,Maruti Celerio ZXI,Hyderabad,2015,47020,Second,23.1,998.0,67.04,5.0,4.78 Lakh,4.5,4.78,False,True,True,10,0.1948051948051948
4558,BMW 3 Series 320d GT Luxury Line,Mumbai,2017,8000,First,19.59,1995.0,187.74,5.0,4.78 Lakh,33.75,4.78,False,False,False,8,1.7228177641653906
4559,Audi Q7 4.2 TDI Quattro Technology,Delhi,2010,73000,First,11.33,4134.0,335.2,7.0,4.78 Lakh,17.51,4.78,False,False,False,15,1.5454545454545456
4560,Honda Jazz V,Kochi,2017,36973,First,18.2,1199.0,88.7,5.0,8.71 Lakh,6.8,8.71,False,True,True,8,0.37362637362637363
4561,Tata Nano Cx BSIV,Coimbatore,2014,42083,First,25.4,624.0,37.48,4.0,4.78 Lakh,1.68,4.78,False,True,True,11,0.06614173228346457
4562,Maruti Alto 800 2016-2019 LXI,Chennai,2016,61000,First,24.7,796.0,47.3,5.0,4.78 Lakh,2.9,4.78,False,True,True,9,0.11740890688259109
4563,Maruti Wagon R VXI,Mumbai,2014,43628,First,22.5,998.0,67.04,5.0,5.61 Lakh,3.16,5.61,False,True,True,11,0.14044444444444446
4564,Hyundai Xcent 1.1 CRDi Base,Jaipur,2014,60000,First,24.4,1120.0,71.0,5.0,4.78 Lakh,3.9,4.78,False,False,True,11,0.1598360655737705
4565,Chevrolet Beat LT,Delhi,2010,54000,Second,17.8,1199.0,76.8,5.0,4.78 Lakh,1.95,4.78,False,True,True,15,0.1095505617977528
4566,Jaguar XF 2.2 Litre Luxury,Kochi,2015,27001,First,16.36,2179.0,187.7,5.0,4.78 Lakh,26.52,4.78,False,False,False,10,1.6210268948655258
4567,Volkswagen Passat Diesel Highline 2.0 TDI,Chennai,2010,52000,First,18.33,1968.0,167.7,5.0,4.78 Lakh,9.0,4.78,False,False,False,15,0.49099836333878893
4568,Hyundai i20 Asta 1.4 CRDi,Hyderabad,2012,80000,First,21.27,1396.0,88.76,5.0,4.78 Lakh,4.5,4.78,False,False,True,13,0.21156558533145275
4569,Mitsubishi Pajero 2.8 SFX,Chennai,2008,160000,First,10.5,2835.0,107.2,6.0,4.78 Lakh,8.75,4.78,False,False,True,17,0.8333333333333334
4570,Maruti Vitara Brezza ZDi Plus AMT Dual Tone,Chennai,2018,3300,First,24.3,1248.0,88.5,5.0,12.88 Lakh,11.5,12.88,False,False,False,7,0.4732510288065844
4571,Maruti Alto K10 LXI,Delhi,2016,35027,First,24.07,998.0,67.1,5.0,3.91 Lakh,3.0,3.91,False,True,True,9,0.12463647694225176
4572,Hyundai EON Magna Plus,Coimbatore,2015,26568,First,21.1,814.0,55.2,5.0,4.78 Lakh,3.79,4.78,False,True,True,10,0.17962085308056872
4573,Maruti Ciaz VDi Plus SHVS,Ahmedabad,2015,59000,First,28.09,1248.0,88.5,5.0,4.78 Lakh,6.0,4.78,False,False,True,10,0.21359914560341758
4574,Hyundai Creta 1.6 CRDi SX Option,Bangalore,2016,51000,First,19.67,1582.0,126.2,5.0,4.78 Lakh,13.25,4.78,False,False,True,9,0.6736146415861718
4575,Skoda Superb Ambition 2.0 TDI CR AT,Delhi,2012,56400,First,17.2,1968.0,138.1,5.0,4.78 Lakh,8.0,4.78,False,False,False,13,0.46511627906976744
4576,Volkswagen Polo 1.5 TDI Highline,Hyderabad,2015,80000,First,20.14,1498.0,88.8,5.0,4.78 Lakh,5.8,4.78,False,False,True,10,0.28798411122144985
4577,BMW 5 Series 520d Sedan,Delhi,2012,72000,Third,18.48,1197.0,74.0,5.0,4.78 Lakh,13.85,4.78,False,False,False,13,0.7494588744588744
4578,Toyota Innova 2.5 VX (Diesel) 7 Seater,Hyderabad,2013,107000,Second,12.99,2494.0,100.6,7.0,4.78 Lakh,13.5,4.78,False,False,True,12,1.0392609699769053
4579,Mercedes-Benz E-Class 2009-2013 E250 CDI Elegance,Pune,2014,100000,First,14.21,2143.0,203.0,5.0,4.78 Lakh,25.0,4.78,False,False,False,11,1.7593244194229414
4580,Volkswagen Polo 1.5 TDI Highline,Kochi,2016,59998,First,20.14,1498.0,88.8,5.0,4.78 Lakh,5.49,4.78,False,False,True,9,0.27259185700099303
4581,Audi Q3 2.0 TDI,Hyderabad,2013,105000,First,17.32,1968.0,150.0,5.0,4.78 Lakh,19.0,4.78,False,False,False,12,1.0969976905311778
4582,Hyundai i20 1.2 Magna,Kolkata,2011,36000,First,18.5,1197.0,80.0,5.0,4.78 Lakh,2.5,4.78,False,True,True,14,0.13513513513513514
4583,Hyundai i10 Sportz 1.1L,Kolkata,2015,24350,Second,19.81,1086.0,68.05,5.0,4.78 Lakh,3.0,4.78,False,True,True,10,0.1514386673397274
4584,Tata Tigor 1.05 Revotorq XT,Kochi,2018,28973,First,24.7,1047.0,69.0,5.0,4.78 Lakh,6.64,4.78,False,False,True,7,0.2688259109311741
4585,Hyundai EON Era,Kochi,2017,8243,First,21.1,814.0,55.2,5.0,4.78 Lakh,3.21,4.78,False,True,True,8,0.15213270142180094
4586,Hyundai Santro Xing GLS,Chennai,2009,136642,Second,17.92,1086.0,62.1,5.0,4.78 Lakh,1.55,4.78,False,True,True,16,0.08649553571428571
4587,Hyundai Santro Xing GLS,Hyderabad,2011,60000,First,17.92,1086.0,62.1,5.0,4.78 Lakh,2.59,4.78,False,True,True,14,0.14453124999999997
4588,Mahindra Scorpio SLX,Chennai,2008,100000,Second,12.7,2609.0,120.0,8.0,4.78 Lakh,4.0,4.78,False,False,True,17,0.31496062992125984
4589,Honda City i-VTEC S,Jaipur,2010,48689,First,17.4,1497.0,117.3,5.0,4.78 Lakh,3.87,4.78,False,True,True,15,0.2224137931034483
4590,Maruti Vitara Brezza ZDi,Bangalore,2017,45000,First,24.3,1248.0,88.5,5.0,11 Lakh,9.75,11.0,False,False,True,8,0.4012345679012346
4591,Audi A4 35 TDI Technology Edition,Kochi,2019,38163,First,17.11,1968.0,174.33,5.0,4.78 Lakh,32.91,4.78,False,False,False,6,1.9234365867913499
4592,Mercedes-Benz E-Class 2009-2013 E250 CDI Elegance,Chennai,2011,43800,Second,14.21,2143.0,203.0,5.0,4.78 Lakh,16.75,4.78,False,False,False,14,1.1787473610133707
4593,Honda Civic 2006-2010 1.8 MT Sport,Jaipur,2007,92000,First,13.5,1799.0,130.0,5.0,4.78 Lakh,1.9,4.78,False,True,True,18,0.14074074074074072
4594,Hyundai i20 Magna 1.2,Kochi,2017,14064,First,18.6,1197.0,81.83,5.0,4.78 Lakh,6.59,4.78,False,True,True,8,0.35430107526881716
4595,Audi Q3 35 TDI Quattro Premium Plus,Coimbatore,2017,42366,First,15.73,1968.0,174.33,5.0,4.78 Lakh,31.93,4.78,False,False,False,8,2.0298792116973936
4596,Honda City i DTEC VX,Jaipur,2014,76551,First,25.1,1498.0,98.6,5.0,4.78 Lakh,7.25,4.78,False,False,True,11,0.2888446215139442
4597,Hyundai i10 Era 1.1 iTech SE,Pune,2008,72672,First,19.81,1086.0,68.05,5.0,4.78 Lakh,1.9,4.78,False,True,True,17,0.09591115598182737
4598,Maruti Swift VDI BSIV,Kolkata,2015,45000,First,25.2,1248.0,74.0,5.0,4.78 Lakh,3.55,4.78,False,False,True,10,0.14087301587301587
4599,Ford Endeavour 3.0L 4X4 AT,Hyderabad,2012,91696,First,11.4,2953.0,153.86,7.0,4.78 Lakh,9.25,4.78,False,False,False,13,0.8114035087719298
4600,Ford Ikon 1.3 Flair,Kochi,2009,66484,First,13.8,1299.0,70.0,5.0,4.78 Lakh,1.65,4.78,False,True,True,16,0.11956521739130434
4601,BMW X1 sDrive 20d xLine,Coimbatore,2019,15456,First,20.68,1995.0,190.0,5.0,48.18 Lakh,36.64,48.18,False,False,False,6,1.7717601547388782
4602,Mercedes-Benz E-Class 2009-2013 E250 CDI Classic,Mumbai,2011,55000,Second,14.21,2143.0,203.0,5.0,4.78 Lakh,16.0,4.78,False,False,False,14,1.1259676284306825
4604,Honda Jazz Select Edition,Pune,2011,98000,First,16.7,1197.0,74.0,5.0,4.78 Lakh,3.15,4.78,False,True,True,14,0.18862275449101798
4605,Honda Amaze S i-Dtech,Ahmedabad,2014,61297,First,25.8,1498.0,98.6,5.0,4.78 Lakh,4.35,4.78,False,False,True,11,0.1686046511627907
4606,Maruti Zen LXi - BS III,Hyderabad,2006,80000,Second,17.3,993.0,60.0,5.0,4.78 Lakh,1.2,4.78,False,True,True,19,0.06936416184971098
4607,Hyundai i20 Magna,Jaipur,2013,59000,Second,18.5,1197.0,80.0,5.0,4.78 Lakh,4.1,4.78,False,True,True,12,0.2216216216216216
4608,BMW X5 3.0d,Chennai,2009,150000,First,11.0,2993.0,235.0,5.0,4.78 Lakh,18.75,4.78,False,False,False,16,1.7045454545454546
4609,Hyundai Creta 1.6 CRDi SX Option,Coimbatore,2017,60083,First,19.67,1582.0,126.2,5.0,4.78 Lakh,13.78,4.78,False,False,True,8,0.7005592272496186
4610,Maruti Swift Dzire LDI,Kolkata,2016,85450,First,26.59,1248.0,74.0,5.0,4.78 Lakh,4.0,4.78,False,False,True,9,0.15043249341857842
4611,Maruti Swift VDI,Jaipur,2013,88000,First,22.9,1248.0,74.0,5.0,4.78 Lakh,4.33,4.78,False,False,True,12,0.18908296943231442
4612,Hyundai Grand i10 1.2 CRDi Asta,Kochi,2015,81828,First,24.0,1186.0,73.97,5.0,8.68 Lakh,5.43,8.68,False,False,True,10,0.22624999999999998
4613,Ford Figo Aspire 1.2 Ti-VCT Trend,Mumbai,2016,18000,First,18.16,1196.0,86.8,5.0,4.78 Lakh,4.9,4.78,False,True,True,9,0.26982378854625555
4614,BMW X5 X5 M,Chennai,2017,15000,First,15.97,2993.0,258.0,5.0,4.78 Lakh,70.0,4.78,False,False,False,8,4.383218534752661
4615,Mercedes-Benz New C-Class C 220 CDI Celebration Edition,Kolkata,2016,34000,First,11.78,2143.0,167.62,5.0,4.78 Lakh,25.5,4.78,False,False,False,9,2.164685908319185
4616,Hyundai Grand i10 AT Asta,Ahmedabad,2015,46000,First,18.9,1197.0,82.0,5.0,4.78 Lakh,5.1,4.78,False,True,False,10,0.2698412698412698
4617,Hyundai Verna 1.6 SX CRDi (O),Hyderabad,2013,48158,First,22.32,1582.0,126.32,5.0,4.78 Lakh,6.7,4.78,False,False,True,12,0.3001792114695341
4618,BMW 5 Series 525d Sedan,Hyderabad,2013,93000,First,16.73,2993.0,218.0,5.0,4.78 Lakh,26.5,4.78,False,False,False,12,1.5839808726838016
4619,Nissan Micra Diesel XV Premium,Ahmedabad,2013,71007,First,23.08,1461.0,63.1,5.0,4.78 Lakh,3.9,4.78,False,False,True,12,0.1689774696707106
4620,Maruti SX4 ZXI MT BSIV,Pune,2010,63067,Second,15.5,1586.0,103.3,5.0,4.78 Lakh,2.7,4.78,False,True,True,15,0.17419354838709677
4621,Tata Manza Aura Quadrajet BS IV,Hyderabad,2011,70259,First,21.12,1248.0,88.8,5.0,4.78 Lakh,2.95,4.78,False,False,True,14,0.1396780303030303
4622,Audi A4 2.0 TDI Multitronic,Ahmedabad,2015,13000,First,16.55,1968.0,140.0,5.0,4.78 Lakh,23.0,4.78,False,False,False,10,1.3897280966767371
4623,Maruti Swift Ldi BSIV,Pune,2009,140000,Second,17.8,1248.0,75.0,5.0,4.78 Lakh,2.49,4.78,False,False,True,16,0.13988764044943822
4624,Maruti Swift LDI Optional,Jaipur,2015,130000,First,25.2,1248.0,74.0,5.0,4.78 Lakh,4.5,4.78,False,False,True,10,0.17857142857142858
4625,Toyota Corolla Altis Diesel D4DJ,Delhi,2011,89401,First,21.43,1364.0,87.2,5.0,4.78 Lakh,4.5,4.78,False,False,True,14,0.2099860009332711
4626,Honda Jazz 1.5 VX i DTEC,Hyderabad,2015,67000,First,27.3,1498.0,98.6,5.0,4.78 Lakh,6.9,4.78,False,False,True,10,0.25274725274725274
4627,BMW 6 Series 650i Coupe,Kochi,2010,65329,First,7.94,4395.0,450.0,4.0,4.78 Lakh,20.72,4.78,False,True,False,15,2.609571788413098
4628,Skoda Fabia 1.2 Petrol Active,Jaipur,2010,72000,First,16.25,1198.0,73.9,5.0,4.78 Lakh,2.21,4.78,False,True,True,15,0.136
4630,Land Rover Freelander 2 HSE,Mumbai,2011,82000,Second,12.35,2179.0,187.74,5.0,4.78 Lakh,13.9,4.78,False,False,False,14,1.125506072874494
4631,Ford Fiesta 1.6 ZXi Duratec,Pune,2010,85000,First,15.3,1596.0,101.0,5.0,4.78 Lakh,1.46,4.78,False,True,True,15,0.09542483660130718
4632,Hyundai Verna SX CRDi AT,Pune,2012,83000,First,19.08,1582.0,126.32,5.0,4.78 Lakh,6.0,4.78,False,False,False,13,0.3144654088050315
4633,Renault KWID 1.0 RXT Optional,Jaipur,2016,26000,First,21.7,999.0,67.0,5.0,4.78 Lakh,3.0,4.78,False,True,True,9,0.1382488479262673
4634,Tata Indica Vista Quadrajet 90 ZX Plus,Delhi,2012,27000,First,22.3,1248.0,88.8,5.0,4.78 Lakh,3.5,4.78,False,False,True,13,0.1569506726457399
4635,Hyundai i20 Active 1.4 SX,Kochi,2018,37746,First,21.19,1396.0,88.73,5.0,4.78 Lakh,7.59,4.78,False,False,True,7,0.35818782444549313
4636,Maruti SX4 Zxi BSIII,Mumbai,2009,63274,Second,15.0,1586.0,104.68,5.0,4.78 Lakh,1.99,4.78,False,True,True,16,0.13266666666666665
4637,Renault KWID RXT,Hyderabad,2016,25000,First,25.17,799.0,53.3,5.0,4.78 Lakh,3.8,4.78,False,True,True,9,0.15097338100913785
4638,Mahindra Xylo E4 ABS BS III,Bangalore,2013,197000,First,11.68,2498.0,112.0,7.0,4.78 Lakh,4.0,4.78,False,False,True,12,0.3424657534246575
4639,Hyundai EON D Lite Plus,Bangalore,2013,45010,Second,21.1,814.0,55.2,5.0,4.78 Lakh,2.95,4.78,False,True,True,12,0.13981042654028436
4640,Honda Amaze VX i-DTEC,Delhi,2013,75348,First,25.8,1498.0,98.6,5.0,4.78 Lakh,3.75,4.78,False,False,True,12,0.14534883720930233
4641,Volkswagen Polo Diesel Highline 1.2L,Kolkata,2010,90110,First,22.07,1199.0,73.9,5.0,4.78 Lakh,2.5,4.78,False,False,True,15,0.11327594019030358
4642,Honda City 1.5 V MT,Pune,2011,102013,First,17.0,1497.0,118.0,5.0,4.78 Lakh,3.75,4.78,False,True,True,14,0.22058823529411764
4643,Toyota Fortuner 4x2 AT,Pune,2015,36000,First,12.55,2982.0,168.5,7.0,4.78 Lakh,22.0,4.78,False,False,False,10,1.752988047808765
4644,Honda Amaze E i-Vtech,Kochi,2017,37578,First,18.0,1198.0,86.7,5.0,4.78 Lakh,6.14,4.78,False,True,True,8,0.3411111111111111
4645,BMW 1 Series 118d Base,Pune,2015,46001,First,20.58,1995.0,143.0,5.0,4.78 Lakh,16.0,4.78,False,False,False,10,0.7774538386783285
4646,Maruti Celerio VXI AT,Hyderabad,2014,46559,First,23.1,998.0,67.04,5.0,4.78 Lakh,3.75,4.78,False,True,False,11,0.16233766233766234
4647,Toyota Innova 2.5 GX (Diesel) 8 Seater,Mumbai,2015,48000,First,12.99,2494.0,100.6,8.0,4.78 Lakh,11.75,4.78,False,False,True,10,0.9045419553502694
4648,Jaguar XF 2.2 Litre Luxury,Pune,2013,46000,Second,16.36,2179.0,187.7,5.0,4.78 Lakh,24.0,4.78,False,False,False,12,1.466992665036675
4649,Honda WRV i-VTEC VX,Hyderabad,2017,15000,First,17.5,1199.0,88.7,5.0,10.83 Lakh,8.9,10.83,False,True,True,8,0.5085714285714286
4650,BMW X1 sDrive20d,Chennai,2012,85000,Third,17.05,1995.0,184.0,5.0,4.78 Lakh,10.0,4.78,False,False,False,13,0.5865102639296187
4651,Skoda Rapid 1.6 MPI AT Elegance,Mumbai,2014,32000,First,14.3,1598.0,103.5,5.0,4.78 Lakh,5.55,4.78,False,True,False,11,0.38811188811188807
4652,Volkswagen Vento 1.6 Comfortline,Kochi,2012,60818,First,16.09,1598.0,103.5,5.0,11.05 Lakh,3.59,11.05,False,True,True,13,0.22311995027967682
4653,Ford EcoSport 1.5 TDCi Trend Plus BE,Coimbatore,2019,35188,First,22.77,1498.0,98.59,5.0,4.78 Lakh,11.13,4.78,False,False,True,6,0.48880105401844537
4654,Mahindra XUV500 W6 2WD,Jaipur,2012,110000,First,15.1,2179.0,140.0,7.0,4.78 Lakh,7.2,4.78,False,False,True,13,0.4768211920529802
4655,Ford Fiesta Classic 1.4 Duratorq LXI,Mumbai,2014,61000,First,18.6,1388.0,67.0,5.0,4.78 Lakh,2.98,4.78,False,False,True,11,0.16021505376344083
4656,Hyundai Santro Xing GLS,Pune,2010,75000,Second,17.92,1086.0,62.1,5.0,4.78 Lakh,1.7,4.78,False,True,True,15,0.09486607142857141
4657,Mercedes-Benz GL-Class 2007 2012 350 CDI Luxury,Delhi,2015,55000,First,12.0,2987.0,224.0,7.0,4.78 Lakh,52.0,4.78,False,False,False,10,4.333333333333333
4658,Maruti Alto LXi BSII,Pune,2003,69966,First,19.7,796.0,46.3,5.0,4.78 Lakh,0.95,4.78,False,True,True,22,0.048223350253807105
4659,Honda City i VTEC VX Option,Mumbai,2016,42000,First,17.8,1497.0,117.3,5.0,4.78 Lakh,9.25,4.78,False,True,True,9,0.5196629213483146
4660,Hyundai Santa Fe 2WD AT,Bangalore,2014,48000,First,13.01,2199.0,194.3,7.0,4.78 Lakh,16.25,4.78,False,False,False,11,1.2490392006149116
4661,Mercedes-Benz GLA Class 200 CDI SPORT,Kolkata,2015,35000,First,17.9,2143.0,136.0,5.0,4.78 Lakh,20.99,4.78,False,False,False,10,1.1726256983240224
4662,Toyota Innova 2.5 G4 Diesel 8-seater,Chennai,2005,128000,Second,12.8,2494.0,102.0,8.0,4.78 Lakh,4.25,4.78,False,False,True,20,0.33203125
4663,BMW 3 Series 320d Sedan,Bangalore,2008,78000,Second,16.07,1995.0,181.0,5.0,4.78 Lakh,7.2,4.78,False,False,False,17,0.44803982576229
4664,Maruti Swift ZXI,Hyderabad,2011,53080,First,18.6,1197.0,85.8,5.0,4.78 Lakh,4.4,4.78,False,True,True,14,0.23655913978494625
4665,Volkswagen Vento Petrol Highline,Pune,2011,66000,Second,15.04,1598.0,103.6,5.0,4.78 Lakh,4.25,4.78,False,True,True,14,0.2825797872340426
4666,Maruti Ertiga VXI,Ahmedabad,2012,25000,First,16.02,1373.0,93.7,7.0,4.78 Lakh,5.35,4.78,False,True,True,13,0.33395755305867664
4667,Hyundai Grand i10 AT Asta,Coimbatore,2016,36139,Second,18.9,1197.0,82.0,5.0,4.78 Lakh,6.3,4.78,False,True,False,9,0.33333333333333337
4668,Hyundai Creta 1.6 CRDi SX,Delhi,2017,44000,First,19.67,1582.0,126.2,5.0,4.78 Lakh,12.5,4.78,False,False,True,8,0.6354855109303508
4669,Audi A6 3.0 TDI quattro,Ahmedabad,2008,50000,Second,16.77,2967.0,241.38,5.0,4.78 Lakh,7.5,4.78,False,False,False,17,0.4472271914132379
4670,Mahindra XUV500 W8 1.99 mHawk,Delhi,2016,81177,First,16.0,1997.0,140.0,7.0,4.78 Lakh,11.25,4.78,False,False,True,9,0.703125
4671,Ford EcoSport 1.5 Ti VCT AT Titanium BE,Mumbai,2016,26000,First,16.05,1499.0,110.4,5.0,4.78 Lakh,7.65,4.78,False,True,False,9,0.4766355140186916
4672,Hyundai Xcent 1.1 CRDi Base,Mumbai,2016,100000,First,24.4,1120.0,71.0,5.0,4.78 Lakh,4.5,4.78,False,False,True,9,0.18442622950819673
4673,Volkswagen Vento 1.5 TDI Comfortline AT,Hyderabad,2014,75000,First,21.21,1498.0,103.2,5.0,4.78 Lakh,7.5,4.78,False,False,False,11,0.3536067892503536
4674,Mercedes-Benz S-Class 280 AT,Kochi,2004,119859,First,13.0,2987.0,210.0,5.0,4.78 Lakh,7.1,4.78,False,True,False,21,0.5461538461538461
4675,Hyundai i10 Magna,Mumbai,2010,55980,First,20.36,1197.0,78.9,5.0,4.78 Lakh,2.25,4.78,False,True,True,15,0.11051080550098231
4676,Audi A4 35 TDI Technology Edition,Hyderabad,2015,30000,First,17.11,1968.0,174.33,5.0,4.78 Lakh,27.0,4.78,False,False,False,10,1.5780245470485097
4677,Hyundai i20 Sportz 1.4 CRDi,Pune,2012,49700,Second,21.9,1396.0,88.76,5.0,4.78 Lakh,4.18,4.78,False,False,True,13,0.1908675799086758
4678,Hyundai Verna 1.4 EX,Chennai,2013,79000,First,23.5,1396.0,88.7,5.0,4.78 Lakh,6.5,4.78,False,False,True,12,0.2765957446808511
4679,Honda City 1.5 V MT,Delhi,2010,65100,First,17.0,1497.0,118.0,5.0,4.78 Lakh,3.15,4.78,False,True,True,15,0.18529411764705883
4680,Maruti Ertiga VDI,Pune,2016,54161,First,25.47,1248.0,88.5,7.0,11.27 Lakh,7.64,11.27,False,False,True,9,0.2999607381232823
4681,Maruti Alto LXi BSII,Hyderabad,2011,28619,First,19.7,796.0,46.3,5.0,4.78 Lakh,2.4,4.78,False,True,True,14,0.1218274111675127
4682,Maruti Wagon R AMT VXI,Mumbai,2016,9000,First,20.51,998.0,67.0,5.0,4.78 Lakh,4.25,4.78,False,True,False,9,0.20721599219892733
4683,Hyundai Verna 1.6 CRDi AT SX,Kochi,2016,42876,First,19.08,1582.0,126.2,5.0,4.78 Lakh,9.31,4.78,False,False,False,9,0.4879454926624739
4684,Maruti Alto LXi BSIII,Bangalore,2011,64000,First,19.7,796.0,46.3,5.0,4.78 Lakh,2.39,4.78,False,True,True,14,0.12131979695431473
4685,Volkswagen Vento 1.6 Comfortline,Kochi,2018,20488,Second,16.09,1598.0,103.5,5.0,11.48 Lakh,7.64,11.48,False,True,True,7,0.4748290863890615
4686,Maruti Baleno Zeta 1.2,Delhi,2016,21000,First,21.4,1197.0,83.1,5.0,4.78 Lakh,6.21,4.78,False,True,True,9,0.2901869158878505
4687,Land Rover Freelander 2 TD4 SE,Jaipur,2012,119203,First,0.0,2179.0,115.0,5.0,4.78 Lakh,16.5,4.78,False,False,False,13,
4688,Honda CR-V 2.0L 2WD AT,Kochi,2011,55987,First,13.7,1997.0,153.86,5.0,4.78 Lakh,8.22,4.78,False,True,False,14,0.6000000000000001
4689,Toyota Fortuner 2.8 2WD MT,Coimbatore,2017,72668,First,14.24,2755.0,174.5,7.0,37.17 Lakh,28.85,37.17,False,False,True,8,2.0259831460674156
4690,Honda City V AT,Mumbai,2015,32000,First,15.6,1497.0,116.3,5.0,4.78 Lakh,8.5,4.78,False,True,False,10,0.5448717948717949
4691,Mercedes-Benz SLK-Class 55 AMG,Bangalore,2014,3000,Second,12.0,5461.0,421.0,2.0,4.78 Lakh,90.0,4.78,False,True,False,11,7.5
4692,Honda City i-VTEC S,Mumbai,2015,10400,First,17.4,1497.0,117.3,5.0,4.78 Lakh,6.51,4.78,False,True,True,10,0.3741379310344828
4693,Maruti Swift VDI,Mumbai,2013,35000,First,22.9,1248.0,74.0,5.0,4.78 Lakh,4.65,4.78,False,False,True,12,0.203056768558952
4694,Toyota Corolla Altis 2008-2013 1.8 VL AT,Kochi,2013,55101,First,14.53,1794.0,138.1,5.0,4.78 Lakh,8.4,4.78,False,True,False,12,0.578114246386786
4695,Toyota Etios Cross 1.4L VD,Bangalore,2014,57464,First,23.59,1364.0,67.06,5.0,9.99 Lakh,5.75,9.99,False,False,True,11,0.2437473505722764
4696,Maruti Wagon R LX,Jaipur,2006,110000,First,18.9,998.0,67.1,5.0,4.78 Lakh,1.11,4.78,False,True,True,19,0.05873015873015874
4697,Fiat Punto 1.2 Dynamic,Kochi,2017,17941,First,15.7,1197.0,74.0,5.0,4.78 Lakh,3.93,4.78,False,True,True,8,0.2503184713375796
4698,Mercedes-Benz E-Class 2015-2017 E 200 CGI,Mumbai,2014,72000,First,12.0,1991.0,184.0,5.0,4.78 Lakh,17.25,4.78,False,True,False,11,1.4375
4699,Jaguar XF Aero Sport Edition,Delhi,2012,16000,First,16.36,2179.0,187.7,5.0,4.78 Lakh,32.0,4.78,False,False,False,13,1.9559902200488999
4700,Hyundai i20 Sportz Petrol,Kochi,2011,62020,First,17.0,1197.0,80.0,5.0,4.78 Lakh,3.45,4.78,False,True,True,14,0.20294117647058824
4701,Land Rover Freelander 2 SE,Pune,2014,85000,Second,12.39,2179.0,147.51,5.0,4.78 Lakh,23.0,4.78,False,False,False,11,1.8563357546408392
4702,Hyundai Elite i20 Petrol Sportz,Kochi,2018,14223,First,18.6,1197.0,81.86,5.0,4.78 Lakh,7.32,4.78,False,True,True,7,0.3935483870967742
4703,Honda Amaze S i-Vtech,Jaipur,2014,41210,First,18.0,1198.0,86.7,5.0,4.78 Lakh,4.4,4.78,False,True,True,11,0.24444444444444446
4704,Mercedes-Benz M-Class ML 350 4Matic,Bangalore,2015,20000,First,0.0,2987.0,165.0,5.0,4.78 Lakh,47.35,4.78,False,False,False,10,
4705,Maruti Alto 800 VXI,Coimbatore,2016,18043,First,22.74,796.0,47.3,5.0,4.78 Lakh,4.12,4.78,False,True,True,9,0.18117854001759018
4706,Toyota Innova Crysta 2.8 ZX AT,Chennai,2016,80000,First,11.36,2755.0,171.5,7.0,26.95 Lakh,19.5,26.95,False,False,False,9,1.716549295774648
4707,Hyundai Grand i10 AT Asta,Hyderabad,2016,21000,First,18.9,1197.0,82.0,5.0,4.78 Lakh,6.2,4.78,False,True,False,9,0.3280423280423281
4708,BMW X3 xDrive30d M Sport,Bangalore,2016,49000,First,16.55,2993.0,258.0,5.0,4.78 Lakh,45.0,4.78,False,False,False,9,2.719033232628399
4710,Hyundai i20 Magna,Chennai,2010,95000,Second,18.5,1197.0,80.0,5.0,4.78 Lakh,2.8,4.78,False,True,True,15,0.15135135135135133
4711,Hyundai Grand i10 AT Asta,Pune,2015,32000,First,18.9,1197.0,82.0,5.0,4.78 Lakh,4.8,4.78,False,True,False,10,0.25396825396825395
4712,Hyundai Santro Xing XG,Pune,2003,80000,Second,17.0,1197.0,74.0,5.0,4.78 Lakh,0.9,4.78,False,True,True,22,0.052941176470588235
4713,Ford Fiesta 1.5 TDCi Titanium,Hyderabad,2014,122800,First,25.01,1498.0,89.75,5.0,4.78 Lakh,5.65,4.78,False,False,True,11,0.22590963614554177
4715,Maruti Swift Dzire VDI,Ahmedabad,2015,69000,First,26.59,1248.0,74.0,5.0,4.78 Lakh,5.9,4.78,False,False,True,10,0.22188792779240318
4716,Toyota Etios VXD,Pune,2015,65000,Second,23.59,1364.0,67.04,5.0,4.78 Lakh,5.0,4.78,False,False,True,10,0.21195421788893598
4717,Hyundai Xcent 1.2 Kappa Base,Ahmedabad,2015,23000,First,19.1,1197.0,82.0,5.0,4.78 Lakh,4.9,4.78,False,True,True,10,0.25654450261780104
4718,Honda Civic 2006-2010 1.8 S MT,Ahmedabad,2009,70000,First,13.5,1799.0,130.0,5.0,4.78 Lakh,4.25,4.78,False,True,True,16,0.3148148148148148
4719,Toyota Innova 2.5 GX (Diesel) 8 Seater,Chennai,2014,250000,First,12.99,2494.0,100.6,8.0,4.78 Lakh,10.9,4.78,False,False,True,11,0.8391070053887606
4720,Hyundai Accent GLE,Delhi,2012,56000,First,13.2,1495.0,94.0,5.0,4.78 Lakh,2.45,4.78,False,True,True,13,0.18560606060606064
4721,Maruti Alto 800 LXI,Pune,2013,30000,First,22.74,796.0,47.3,5.0,4.78 Lakh,2.5,4.78,False,True,True,12,0.10993843447669306
4722,Mercedes-Benz SL-Class SL 500,Kolkata,2010,35000,First,8.1,5461.0,387.3,2.0,4.78 Lakh,29.5,4.78,False,True,False,15,3.6419753086419755
4723,Ford Ecosport 1.5 DV5 MT Titanium Optional,Jaipur,2013,92250,Second,22.7,1498.0,89.84,5.0,4.78 Lakh,5.75,4.78,False,False,True,12,0.2533039647577093
4724,Hyundai Xcent 1.2 VTVT E,Pune,2018,40000,First,20.14,1197.0,81.86,5.0,6.71 Lakh,5.0,6.71,False,True,True,7,0.24826216484607744
4725,Skoda Rapid 1.6 MPI AT Ambition Plus,Kochi,2014,96848,First,14.3,1598.0,103.6,5.0,4.78 Lakh,4.62,4.78,False,True,False,11,0.3230769230769231
4726,Audi Q3 2012-2015 35 TDI Quattro Premium Plus,Delhi,2016,42000,First,15.73,1968.0,174.33,5.0,4.78 Lakh,23.5,4.78,False,False,False,9,1.4939605848696758
4727,Mahindra XUV500 W8 2WD,Kolkata,2013,55886,First,16.0,2179.0,140.0,7.0,4.78 Lakh,7.25,4.78,False,False,True,12,0.453125
4728,Hyundai Verna VTVT 1.6 SX Option,Kochi,2019,12336,First,17.0,1591.0,121.3,5.0,13.6 Lakh,11.88,13.6,False,True,True,6,0.6988235294117647
4729,Hyundai Verna Xi (Petrol),Chennai,2009,60000,Third,13.9,1599.0,103.2,5.0,4.78 Lakh,2.25,4.78,False,True,True,16,0.1618705035971223
4730,Ford Ikon 1.6 CLXI,Pune,2003,83000,Second,14.2,1597.0,92.0,5.0,4.78 Lakh,0.85,4.78,False,True,True,22,0.05985915492957747
4731,Nissan Micra Active XV,Pune,2018,24000,First,19.69,1198.0,67.04,5.0,6.99 Lakh,4.0,6.99,False,True,True,7,0.2031488065007618
4732,Honda Brio VX AT,Pune,2016,32198,First,16.5,1198.0,86.8,5.0,4.78 Lakh,5.1,4.78,False,True,False,9,0.3090909090909091
4733,Toyota Innova 2.5 GX (Diesel) 7 Seater,Hyderabad,2014,92247,First,12.99,2494.0,100.6,7.0,4.78 Lakh,12.5,4.78,False,False,True,11,0.962278675904542
4734,Volkswagen Vento 1.5 TDI Highline,Chennai,2011,121311,First,20.64,1498.0,108.5,5.0,14.32 Lakh,2.9,14.32,False,False,True,14,0.14050387596899225
4735,Mahindra XUV500 W10 AWD,Coimbatore,2016,66296,First,16.0,2179.0,140.0,7.0,4.78 Lakh,15.96,4.78,False,False,True,9,0.9975
4736,Hyundai Xcent 1.2 Kappa AT SX Option,Mumbai,2015,41000,First,16.9,1197.0,82.0,5.0,4.78 Lakh,5.45,4.78,False,True,False,10,0.32248520710059175
4737,Ford Endeavour 2.2 Trend MT 4X4,Kochi,2017,38681,First,13.5,2198.0,157.7,7.0,4.78 Lakh,23.86,4.78,False,False,True,8,1.7674074074074073
4738,Chevrolet Spark 1.0 LT,Kochi,2008,43761,First,18.0,995.0,62.0,5.0,4.78 Lakh,1.75,4.78,False,True,True,17,0.09722222222222222
4739,Maruti Ertiga SHVS VDI,Hyderabad,2017,17400,First,24.52,1248.0,88.5,7.0,4.78 Lakh,9.75,4.78,False,False,True,8,0.3976345840130506
4740,Honda Amaze S i-Dtech,Bangalore,2013,61510,First,25.8,1498.0,98.6,5.0,4.78 Lakh,4.75,4.78,False,False,True,12,0.18410852713178294
4741,Honda City i VTEC S,Delhi,2014,60000,First,17.4,1497.0,117.3,5.0,4.78 Lakh,6.25,4.78,False,True,True,11,0.3591954022988506
4742,Mini Cooper Countryman D,Bangalore,2014,35165,Second,23.8,1998.0,112.0,5.0,4.78 Lakh,22.0,4.78,False,False,False,11,0.9243697478991596
4743,Toyota Corolla Altis 2008-2013 1.8 VL AT,Kochi,2016,41617,First,14.53,1794.0,138.1,5.0,4.78 Lakh,14.14,4.78,False,True,False,9,0.9731589814177565
4745,Skoda Superb Elegance 1.8 TSI AT,Delhi,2014,65000,First,13.7,1798.0,157.75,5.0,4.78 Lakh,11.95,4.78,False,True,False,11,0.8722627737226277
4746,Maruti Wagon R LXI BS IV,Delhi,2011,68000,First,18.9,998.0,67.1,5.0,4.78 Lakh,2.5,4.78,False,True,True,14,0.1322751322751323
4747,Hyundai i10 Era 1.1,Mumbai,2013,49000,First,19.81,1086.0,68.05,5.0,4.78 Lakh,2.75,4.78,False,True,True,12,0.13881877839475013
4748,Tata Tiago 1.2 Revotron XT Option,Coimbatore,2019,16698,First,23.84,1199.0,84.0,5.0,6.21 Lakh,5.85,6.21,False,True,True,6,0.24538590604026844
4749,Maruti Baleno Zeta 1.2,Ahmedabad,2016,30965,First,21.4,1197.0,83.1,5.0,4.78 Lakh,6.25,4.78,False,True,True,9,0.29205607476635514
4750,Volkswagen Vento 1.6 Highline,Mumbai,2014,56058,First,15.04,1598.0,103.2,5.0,4.78 Lakh,4.95,4.78,False,True,True,11,0.32912234042553196
4751,Hyundai Grand i10 1.2 Kappa Sportz Option,Pune,2017,15356,First,18.9,1197.0,81.86,5.0,4.78 Lakh,4.75,4.78,False,True,True,8,0.25132275132275134
4752,Ford Figo Diesel EXI,Delhi,2013,54000,First,20.0,1399.0,68.05,5.0,4.78 Lakh,2.55,4.78,False,False,True,12,0.1275
4753,Honda Civic 2010-2013 1.8 V AT Sunroof,Pune,2011,47000,Second,13.9,1799.0,130.3,5.0,4.78 Lakh,4.5,4.78,False,True,False,14,0.3237410071942446
4754,Maruti Alto 800 LXI,Kochi,2015,21652,First,22.74,796.0,47.3,5.0,4.78 Lakh,3.01,4.78,False,True,True,10,0.13236587510993844
4755,Land Rover Range Rover Evoque 2.0 TD4 HSE Dynamic,Hyderabad,2016,52000,First,15.68,1999.0,177.0,5.0,74.49 Lakh,42.0,74.49,False,False,False,9,2.678571428571429
4756,Audi A6 2.7 TDI,Kolkata,2010,35010,First,12.4,2698.0,179.5,5.0,4.78 Lakh,11.5,4.78,False,False,False,15,0.9274193548387096
4757,Mercedes-Benz E-Class 280 CDI,Hyderabad,2006,76662,First,11.0,2987.0,198.5,5.0,4.78 Lakh,10.99,4.78,False,False,False,19,0.9990909090909091
4758,Honda City 1.5 V AT Exclusive,Jaipur,2009,89000,First,17.0,1497.0,118.0,5.0,4.78 Lakh,3.71,4.78,False,True,False,16,0.21823529411764706
4759,Honda CR-V 2.4 4WD AT,Jaipur,2006,80000,Third,10.1,2354.0,152.0,5.0,4.78 Lakh,2.0,4.78,False,True,False,19,0.19801980198019803
4760,Maruti Ciaz 1.3 Alpha,Kochi,2018,39023,First,28.09,1248.0,88.5,5.0,4.78 Lakh,9.48,4.78,False,False,True,7,0.3374866500533998
4761,Maruti Wagon R LXI,Jaipur,2004,62000,Second,18.9,998.0,67.1,5.0,4.78 Lakh,1.25,4.78,False,True,True,21,0.06613756613756615
4762,Hyundai Creta 1.6 CRDi SX Option,Jaipur,2015,78046,First,19.67,1582.0,126.2,5.0,4.78 Lakh,10.9,4.78,False,False,True,10,0.5541433655312659
4763,Maruti Ciaz VDi Plus SHVS,Kolkata,2015,34400,First,28.09,1248.0,88.5,5.0,4.78 Lakh,5.5,4.78,False,False,True,10,0.19579921680313278
4764,Hyundai EON D Lite Plus,Coimbatore,2016,64624,First,21.1,814.0,55.2,5.0,4.78 Lakh,3.71,4.78,False,True,True,9,0.1758293838862559
4765,Maruti Ertiga VXI,Mumbai,2014,69192,First,16.02,1373.0,93.7,7.0,4.78 Lakh,6.25,4.78,False,True,True,11,0.39013732833957554
4766,Volkswagen Vento Diesel Highline,Chennai,2012,55000,First,20.54,1598.0,103.6,5.0,4.78 Lakh,4.9,4.78,False,False,True,13,0.23855890944498542
4767,Honda City 1.5 GXI,Mumbai,2005,81000,Second,12.8,1493.0,100.0,5.0,4.78 Lakh,1.1,4.78,False,True,True,20,0.0859375
4768,Volkswagen Polo Petrol Trendline 1.2L,Kochi,2016,36733,First,16.47,1198.0,73.9,5.0,4.78 Lakh,4.72,4.78,False,True,True,9,0.286581663630844
4770,Mercedes-Benz GLA Class 200 CDI,Mumbai,2016,43022,First,17.9,2143.0,136.0,5.0,4.78 Lakh,24.85,4.78,False,False,False,9,1.3882681564245811
4771,Hyundai Santa Fe 4X2,Jaipur,2013,74000,First,14.66,2199.0,194.3,7.0,4.78 Lakh,12.25,4.78,False,False,True,12,0.8356070941336972
4772,Maruti Swift VDI,Kolkata,2014,47000,First,22.9,1248.0,74.0,5.0,4.78 Lakh,3.9,4.78,False,False,True,11,0.1703056768558952
4773,Hyundai Elite i20 Sportz Plus,Kochi,2017,37460,First,18.6,1197.0,81.86,5.0,8.03 Lakh,6.28,8.03,False,True,True,8,0.33763440860215055
4774,Mahindra Xylo E8 BS IV,Mumbai,2011,130000,First,14.0,2498.0,112.0,8.0,4.78 Lakh,2.75,4.78,False,False,True,14,0.19642857142857142
4775,Hyundai Grand i10 Asta Option,Coimbatore,2017,31576,First,18.9,1197.0,82.0,5.0,4.78 Lakh,7.85,4.78,False,True,True,8,0.41534391534391535
4776,Volkswagen Vento Petrol Highline,Mumbai,2011,66000,First,15.04,1598.0,103.6,5.0,4.78 Lakh,2.95,4.78,False,True,True,14,0.1961436170212766
4777,Honda Accord 2.4 A/T,Mumbai,2008,79000,Second,11.7,2354.0,177.6,5.0,4.78 Lakh,4.85,4.78,False,True,False,17,0.4145299145299145
4778,Mercedes-Benz S-Class S 350 d,Bangalore,2011,47140,Second,13.5,2925.0,281.61,5.0,1.71 Cr,30.0,1.71,False,False,False,14,2.2222222222222223
4779,Mercedes-Benz B Class B200 CDI,Bangalore,2016,36610,First,15.0,2143.0,107.3,5.0,4.78 Lakh,19.9,4.78,False,False,False,9,1.3266666666666667
4780,Hyundai Creta 1.6 SX Option Diesel,Bangalore,2016,93000,First,20.5,1582.0,126.2,5.0,19.18 Lakh,10.8,19.18,False,False,True,9,0.526829268292683
4781,Maruti Alto LXI,Hyderabad,2007,52195,First,19.7,796.0,46.3,5.0,4.78 Lakh,1.75,4.78,False,True,True,18,0.08883248730964467
4782,Audi A3 35 TDI Premium,Mumbai,2016,20003,First,20.38,1968.0,143.0,5.0,4.78 Lakh,19.25,4.78,False,False,False,9,0.9445534838076546
4783,Renault Duster 85PS Diesel RxL,Delhi,2013,66314,First,19.87,1461.0,83.8,5.0,4.78 Lakh,5.5,4.78,False,False,True,12,0.27679919476597886
4784,Ford Fiesta 1.4 ZXi TDCi ABS,Chennai,2009,76000,First,17.8,1399.0,68.0,5.0,4.78 Lakh,2.75,4.78,False,False,True,16,0.1544943820224719
4785,Hyundai Creta 1.6 SX Plus Diesel,Bangalore,2015,29000,First,19.67,1582.0,126.2,5.0,4.78 Lakh,13.0,4.78,False,False,True,10,0.6609049313675648
4786,Ford Figo Diesel ZXI,Mumbai,2011,30000,First,20.0,1399.0,68.0,5.0,4.78 Lakh,3.2,4.78,False,False,True,14,0.16
4787,Volkswagen Polo Petrol Highline 1.6L,Coimbatore,2013,56526,First,15.26,1598.0,103.5,5.0,4.78 Lakh,5.84,4.78,False,True,True,12,0.382699868938401
4788,Volvo V40 D3 R Design,Hyderabad,2015,38000,Second,16.8,1969.0,150.0,5.0,37.9 Lakh,24.0,37.9,False,False,False,10,1.4285714285714286
4789,Hyundai Verna SX CRDi AT,Chennai,2012,41000,First,19.08,1582.0,126.32,5.0,4.78 Lakh,6.25,4.78,False,False,False,13,0.3275681341719078
4790,BMW 7 Series 2007-2012 730Ld,Hyderabad,2009,53000,First,14.49,2993.0,258.0,5.0,4.78 Lakh,36.0,4.78,False,False,False,16,2.484472049689441
4791,Mitsubishi Lancer GLXD,Chennai,2003,125000,Third,14.8,1998.0,68.0,5.0,4.78 Lakh,3.0,4.78,False,False,True,22,0.2027027027027027
4792,Toyota Fortuner 3.0 Diesel,Chennai,2010,242000,First,11.5,2982.0,171.0,7.0,4.78 Lakh,11.0,4.78,False,False,True,15,0.9565217391304348
4793,Maruti Ciaz VDi Plus,Chennai,2015,90000,First,26.21,1248.0,88.5,5.0,4.78 Lakh,6.5,4.78,False,False,True,10,0.24799694772987407
4794,Maruti Vitara Brezza VDi Option,Hyderabad,2018,11000,First,24.3,1248.0,88.5,5.0,4.78 Lakh,9.4,4.78,False,False,True,7,0.3868312757201646
4795,BMW 3 Series Luxury Line,Kochi,2018,21936,First,21.76,1995.0,190.0,5.0,58.67 Lakh,37.92,58.67,False,False,False,7,1.7426470588235294
4796,Volkswagen Vento Petrol Highline AT,Pune,2013,41000,First,14.4,1598.0,103.6,5.0,4.78 Lakh,5.25,4.78,False,True,False,12,0.3645833333333333
4797,Hyundai i20 1.2 Asta,Chennai,2011,47000,First,17.0,1197.0,80.0,5.0,4.78 Lakh,4.5,4.78,False,True,True,14,0.2647058823529412
4798,BMW X5 3.0d,Chennai,2009,110000,First,11.0,2993.0,235.0,5.0,4.78 Lakh,18.0,4.78,False,False,False,16,1.6363636363636365
4799,Hyundai Xcent 1.2 Kappa S,Coimbatore,2015,45960,First,19.1,1197.0,82.0,5.0,4.78 Lakh,5.56,4.78,False,True,True,10,0.29109947643979056
4800,Mercedes-Benz E-Class 2009-2013 E250 CDI Blue Efficiency,Bangalore,2013,48000,First,14.21,2143.0,203.0,5.0,4.78 Lakh,22.0,4.78,False,False,False,12,1.5482054890921886
4801,Land Rover Freelander 2 SE,Hyderabad,2011,68000,First,12.39,2179.0,147.51,5.0,4.78 Lakh,22.0,4.78,False,False,False,14,1.7756255044390636
4802,Hyundai i10 Magna,Mumbai,2011,41000,First,20.36,1197.0,78.9,5.0,4.78 Lakh,2.65,4.78,False,True,True,14,0.13015717092337917
4803,Hyundai Verna 1.6 SX CRDi (O),Jaipur,2013,69573,Second,22.32,1582.0,126.32,5.0,4.78 Lakh,5.85,4.78,False,False,True,12,0.2620967741935484
4804,Volkswagen Jetta 2012-2014 2.0L TDI Highline,Chennai,2012,115000,First,19.33,1968.0,138.1,5.0,4.78 Lakh,6.95,4.78,False,False,True,13,0.35954474909467155
4805,Mahindra XUV500 W8 2WD,Kolkata,2012,47629,First,15.1,2179.0,140.0,7.0,4.78 Lakh,6.5,4.78,False,False,True,13,0.43046357615894043
4806,Maruti Omni 8 Seater BSII,Jaipur,2004,66624,Third,19.7,796.0,35.0,8.0,4.78 Lakh,0.85,4.78,False,True,True,21,0.04314720812182741
4807,Skoda Superb Style 1.8 TSI AT,Delhi,2013,80000,Second,14.67,1798.0,177.46,5.0,32.54 Lakh,7.25,32.54,False,True,False,12,0.4942058623040218
4808,Maruti Swift VDI,Pune,2012,94868,First,22.9,1248.0,74.0,5.0,4.78 Lakh,4.5,4.78,False,False,True,13,0.19650655021834063
4809,Mahindra Scorpio 2.6 LX,Mumbai,2010,76477,First,10.5,2179.0,120.0,8.0,4.78 Lakh,4.25,4.78,False,False,True,15,0.40476190476190477
4810,Mercedes-Benz GLA Class 200 Sport Edition,Chennai,2016,28000,First,13.7,1991.0,183.0,5.0,4.78 Lakh,26.0,4.78,False,True,False,9,1.8978102189781023
4811,Mahindra Thar CRDe,Coimbatore,2017,28599,First,16.55,2498.0,105.0,6.0,11.71 Lakh,9.66,11.71,False,False,True,8,0.5836858006042296
4812,Renault Duster 110PS Diesel RxZ,Bangalore,2013,45348,Second,19.01,1461.0,108.45,5.0,4.78 Lakh,6.85,4.78,False,False,True,12,0.36033666491320354
4813,Audi Q5 2008-2012 2.0 TDI,Coimbatore,2013,80127,First,12.8,1968.0,167.6,5.0,4.78 Lakh,23.68,4.78,False,False,False,12,1.8499999999999999
4814,Land Rover Freelander 2 SE,Delhi,2013,68000,Second,12.39,2179.0,147.51,5.0,4.78 Lakh,15.75,4.78,False,False,False,12,1.271186440677966
4815,Volkswagen Vento Diesel Comfortline,Pune,2012,75000,Third,20.54,1598.0,103.6,5.0,4.78 Lakh,3.5,4.78,False,False,True,13,0.17039922103213243
4816,BMW 5 Series 2003-2012 540i Sedan,Delhi,2006,48000,Second,11.62,2979.0,306.0,5.0,4.78 Lakh,6.99,4.78,False,True,False,19,0.6015490533562823
4817,Hyundai Elantra CRDi SX,Coimbatore,2019,41871,First,22.7,1582.0,126.2,5.0,4.78 Lakh,15.57,4.78,False,False,True,6,0.6859030837004405
4818,Tata Sumo EX,Coimbatore,2015,84931,First,15.3,2956.0,83.8,7.0,4.78 Lakh,5.29,4.78,False,False,True,10,0.3457516339869281
4819,Datsun redi-GO T,Kolkata,2016,15000,First,22.7,799.0,53.64,5.0,3.98 Lakh,2.25,3.98,False,True,True,9,0.09911894273127754
4820,BMW X5 xDrive 30d,Chennai,2009,110000,First,11.7,2993.0,245.0,5.0,4.78 Lakh,20.0,4.78,False,False,False,16,1.7094017094017095
4821,BMW 6 Series 630i Coupe,Mumbai,2011,5900,First,7.94,4395.0,450.0,4.0,4.78 Lakh,47.5,4.78,False,True,False,14,5.982367758186398
4822,Maruti Alto Vxi 1.1,Chennai,2002,103653,Second,18.9,1061.0,47.0,5.0,4.78 Lakh,1.22,4.78,False,True,True,23,0.06455026455026455
4823,Volkswagen Polo Petrol Comfortline 1.2L,Chennai,2012,64806,First,16.47,1198.0,73.9,5.0,4.78 Lakh,3.65,4.78,False,True,True,13,0.22161505768063147
4824,Datsun GO Plus A,Pune,2016,35000,First,20.62,1198.0,67.0,7.0,4.78 Lakh,3.1,4.78,False,True,True,9,0.15033947623666344
4825,Hyundai Creta 1.6 VTVT S,Bangalore,2016,40000,First,15.29,1591.0,121.3,5.0,4.78 Lakh,11.5,4.78,False,True,True,9,0.7521255722694572
4826,Maruti Alto K10 VXI,Kochi,2015,23876,First,24.07,998.0,67.1,5.0,4.09 Lakh,3.46,4.09,False,True,True,10,0.14374740340673037
4827,Hyundai Santa Fe 4X4,Coimbatore,2013,67901,First,14.66,2199.0,194.3,7.0,4.78 Lakh,8.38,4.78,False,False,True,12,0.5716234652114598
4828,Volkswagen Polo GT TDI,Pune,2014,68865,First,15.11,1598.0,103.6,5.0,4.78 Lakh,4.8,4.78,False,False,True,11,0.31767041694242226
4829,Honda Amaze S i-Dtech,Pune,2014,71000,Second,25.8,1498.0,98.6,5.0,4.78 Lakh,4.5,4.78,False,False,True,11,0.1744186046511628
4831,Maruti Swift VDI,Kolkata,2014,25000,First,22.9,1248.0,74.0,5.0,4.78 Lakh,3.95,4.78,False,False,True,11,0.17248908296943233
4832,Skoda Rapid 1.6 TDI Ambition,Hyderabad,2012,180000,First,20.5,1598.0,103.5,5.0,4.78 Lakh,3.65,4.78,False,False,True,13,0.17804878048780487
4833,Mercedes-Benz E-Class 280 CDI,Mumbai,2005,131000,First,11.0,2987.0,198.5,5.0,4.78 Lakh,10.0,4.78,False,False,False,20,0.9090909090909091
4834,Mahindra Scorpio SLE BSIV,Delhi,2011,65000,Second,12.05,2179.0,120.0,8.0,4.78 Lakh,4.0,4.78,False,False,True,14,0.33195020746887965
4835,Nissan Sunny 2011-2014 Diesel XL,Hyderabad,2012,117777,First,21.64,1461.0,84.8,5.0,4.78 Lakh,4.75,4.78,False,False,True,13,0.21950092421441775
4836,Maruti Swift Dzire VXi,Bangalore,2009,65000,Second,17.5,1298.0,85.8,5.0,4.78 Lakh,3.1,4.78,False,True,True,16,0.17714285714285716
4837,Hyundai EON Sportz,Kochi,2017,46897,First,21.1,814.0,55.2,5.0,4.78 Lakh,3.61,4.78,False,True,True,8,0.17109004739336492
4838,Honda Brio S MT,Coimbatore,2015,36695,First,19.4,1198.0,86.8,5.0,4.78 Lakh,4.29,4.78,False,True,True,10,0.22113402061855672
4839,Nissan Micra XV Primo,Kolkata,2011,43000,First,18.06,1198.0,75.0,5.0,4.78 Lakh,2.13,4.78,False,True,True,14,0.11794019933554818
4840,Maruti Alto LXi BSII,Mumbai,2008,54000,First,19.7,796.0,46.3,5.0,4.78 Lakh,1.1,4.78,False,True,True,17,0.05583756345177666
4841,BMW 3 Series 320d,Hyderabad,2011,89000,First,22.69,1995.0,190.0,5.0,47.2 Lakh,13.95,47.2,False,False,False,14,0.6148082855883649
4842,Volkswagen Polo 1.2 MPI Highline,Mumbai,2014,7000,First,16.47,1198.0,74.0,5.0,4.78 Lakh,5.35,4.78,False,True,True,11,0.32483302975106254
4843,Maruti Celerio LXI,Hyderabad,2014,58470,First,23.1,998.0,67.04,5.0,4.78 Lakh,3.9,4.78,False,True,True,11,0.1688311688311688
4844,Maruti Wagon R VXI 1.2,Kolkata,2014,37000,First,21.5,1197.0,81.8,5.0,5.56 Lakh,2.8,5.56,False,True,True,11,0.13023255813953488
4845,Maruti Ciaz ZDi Plus,Mumbai,2016,29000,First,26.21,1248.0,88.5,5.0,4.78 Lakh,8.75,4.78,False,False,True,9,0.33384204502098436
4846,Audi A4 2.0 TDI,Hyderabad,2013,52000,First,16.55,1968.0,147.51,5.0,4.78 Lakh,19.5,4.78,False,False,False,12,1.1782477341389728
4847,Honda Brio S MT,Kolkata,2013,32807,First,19.4,1198.0,86.8,5.0,4.78 Lakh,2.75,4.78,False,True,True,12,0.14175257731958765
4848,Mahindra Scorpio VLX 2WD AT BSIV,Hyderabad,2013,86000,First,11.79,2179.0,120.0,8.0,4.78 Lakh,8.0,4.78,False,False,False,12,0.6785411365564038
4849,Honda City i DTEC V,Delhi,2014,66500,First,26.0,1498.0,98.6,5.0,4.78 Lakh,5.7,4.78,False,False,True,11,0.21923076923076923
4850,BMW X1 sDrive20d,Ahmedabad,2012,94000,First,17.05,1995.0,184.0,5.0,4.78 Lakh,12.5,4.78,False,False,False,13,0.7331378299120235
4851,Chevrolet Spark 1.0 LT,Chennai,2011,29000,Second,18.0,995.0,62.0,5.0,4.78 Lakh,1.75,4.78,False,True,True,14,0.09722222222222222
4852,Ford Figo Diesel EXI,Chennai,2010,107389,Second,20.0,1399.0,68.0,5.0,4.78 Lakh,1.9,4.78,False,False,True,15,0.095
4853,Maruti Swift VXI BSIV,Ahmedabad,2015,36100,First,20.4,1197.0,81.8,5.0,4.78 Lakh,4.5,4.78,False,True,True,10,0.22058823529411767
4854,Mercedes-Benz New C-Class C 220 CDI Avantgarde,Mumbai,2015,16329,First,19.27,2143.0,170.0,5.0,4.78 Lakh,30.3,4.78,False,False,False,10,1.5723923196678775
4855,Skoda Octavia Elegance 2.0 TDI AT,Hyderabad,2014,36000,First,19.3,1968.0,141.0,5.0,4.78 Lakh,16.0,4.78,False,False,False,11,0.8290155440414507
4856,BMW X3 xDrive20d xLine,Kochi,2017,41816,First,18.56,1995.0,190.0,5.0,4.78 Lakh,32.78,4.78,False,False,False,8,1.7661637931034484
4857,Hyundai EON Era Plus,Jaipur,2015,54680,First,21.1,814.0,55.2,5.0,4.78 Lakh,2.5,4.78,False,True,True,10,0.11848341232227487
4858,Audi A4 35 TDI Technology,Hyderabad,2017,14000,First,18.25,1968.0,187.74,5.0,55.61 Lakh,43.0,55.61,False,False,False,8,2.356164383561644
4859,Ford Figo 2015-2019 1.2P Titanium MT,Kochi,2017,23977,First,18.16,1196.0,86.8,5.0,4.78 Lakh,5.38,4.78,False,True,True,8,0.2962555066079295
4860,Maruti Alto K10 2010-2014 VXI,Hyderabad,2013,30131,First,20.92,998.0,67.1,5.0,4.78 Lakh,2.65,4.78,False,True,True,12,0.12667304015296366
4861,Maruti Alto 800 2016-2019 VXI,Hyderabad,2017,2530,First,24.7,796.0,47.3,5.0,4.78 Lakh,3.3,4.78,False,True,True,8,0.13360323886639675
4862,Mercedes-Benz New C-Class C 220 CDI Style,Hyderabad,2015,39000,First,19.27,2143.0,167.62,5.0,4.78 Lakh,34.0,4.78,False,False,False,10,1.7644006227296316
4863,Hyundai Santro D Lite,Chennai,2001,140000,Third,20.3,1086.0,68.0,5.0,4.55 Lakh,0.7,4.55,False,True,True,24,0.034482758620689655
4864,Hyundai Xcent 1.1 CRDi S,Kochi,2017,32257,First,24.4,1120.0,71.0,5.0,4.78 Lakh,6.83,4.78,False,False,True,8,0.27991803278688526
4865,Honda Amaze S i-Dtech,Kochi,2016,46983,First,25.8,1498.0,98.6,5.0,4.78 Lakh,5.77,4.78,False,False,True,9,0.22364341085271316
4866,Maruti Swift Vdi BSIII,Chennai,2008,107000,Second,17.8,1248.0,75.0,5.0,4.78 Lakh,3.1,4.78,False,False,True,17,0.17415730337078653
4867,Volkswagen Polo 1.2 MPI Comfortline,Mumbai,2017,19000,First,16.2,1199.0,74.0,5.0,4.78 Lakh,4.95,4.78,False,True,True,8,0.3055555555555556
4868,Audi A4 2.0 TDI 177 Bhp Premium Plus,Bangalore,2013,88000,First,17.11,1968.0,174.33,5.0,4.78 Lakh,16.25,4.78,False,False,False,12,0.9497369959088253
4869,Land Rover Range Rover 3.6 TDV8 Vogue SE,Coimbatore,2012,84384,First,10.2,4367.0,308.0,7.0,4.78 Lakh,52.54,4.78,False,False,False,13,5.150980392156863
4870,Mahindra XUV500 W8 2WD,Chennai,2011,128000,Third,16.0,2179.0,140.0,7.0,4.78 Lakh,6.4,4.78,False,False,True,14,0.4
4871,Ford Endeavour 2.5L 4X2,Bangalore,2011,71000,Third,13.1,2499.0,141.0,7.0,4.78 Lakh,6.95,4.78,False,False,True,14,0.5305343511450382
4872,Tata Indica V2 DLX,Kolkata,2008,50000,First,17.2,1396.0,53.5,5.0,4.78 Lakh,0.85,4.78,False,False,True,17,0.04941860465116279
4873,Maruti Baleno Alpha,Chennai,2016,16000,First,21.4,1197.0,83.1,5.0,8.8 Lakh,6.95,8.8,False,True,True,9,0.3247663551401869
4874,Hyundai Xcent 1.1 CRDi Base,Kolkata,2017,82000,First,24.4,1120.0,71.0,5.0,4.78 Lakh,3.45,4.78,False,False,True,8,0.14139344262295084
4875,Honda Civic 2006-2010 1.8 S MT,Delhi,2008,80000,First,13.5,1799.0,130.0,5.0,4.78 Lakh,2.75,4.78,False,True,True,17,0.2037037037037037
4876,Hyundai i20 Sportz Option 1.2,Delhi,2015,36000,Second,18.6,1197.0,81.83,5.0,4.78 Lakh,4.95,4.78,False,True,True,10,0.2661290322580645
4877,Tata Nexon 1.2 Revotron XZ Plus,Coimbatore,2018,17477,First,17.0,1198.0,108.5,5.0,11.13 Lakh,9.62,11.13,False,True,True,7,0.5658823529411764
4878,Hyundai i20 Sportz 1.2,Coimbatore,2016,16725,First,18.6,1197.0,81.83,5.0,4.78 Lakh,6.79,4.78,False,True,True,9,0.3650537634408602
4879,Maruti Swift Dzire ZXI,Mumbai,2014,48241,First,19.1,1197.0,85.8,5.0,4.78 Lakh,4.5,4.78,False,True,True,11,0.23560209424083767
4880,Maruti Wagon R LXI,Kochi,2014,52431,First,22.5,998.0,67.04,5.0,4.59 Lakh,3.01,4.59,False,True,True,11,0.13377777777777777
4881,Hyundai i20 Sportz 1.4 CRDi,Bangalore,2012,68000,First,21.9,1396.0,88.76,5.0,4.78 Lakh,4.4,4.78,False,False,True,13,0.20091324200913244
4882,Toyota Fortuner 4x2 AT,Hyderabad,2012,158000,First,12.55,2982.0,168.5,7.0,4.78 Lakh,17.49,4.78,False,False,False,13,1.3936254980079679
4883,Hyundai i10 Sportz,Coimbatore,2014,31446,First,20.36,1197.0,78.9,5.0,4.78 Lakh,4.66,4.78,False,True,True,11,0.2288801571709234
4884,Hyundai Grand i10 Asta,Chennai,2015,25000,First,18.9,1197.0,82.0,5.0,4.78 Lakh,5.5,4.78,False,True,True,10,0.29100529100529104
4885,Hyundai i20 Asta 1.2,Ahmedabad,2016,57000,First,18.6,1197.0,81.83,5.0,4.78 Lakh,6.0,4.78,False,True,True,9,0.3225806451612903
4887,Maruti Vitara Brezza ZDi Plus,Kochi,2018,57078,First,24.3,1248.0,88.5,5.0,11.58 Lakh,10.19,11.58,False,False,True,7,0.4193415637860082
4888,Honda Amaze S i-Dtech,Kochi,2016,47471,First,25.8,1498.0,98.6,5.0,4.78 Lakh,5.25,4.78,False,False,True,9,0.20348837209302326
4889,Mercedes-Benz M-Class ML 250 CDI,Hyderabad,2014,50000,First,15.26,2143.0,203.2,5.0,4.78 Lakh,45.0,4.78,False,False,False,11,2.948885976408912
4890,Hyundai i20 Sportz Diesel,Ahmedabad,2010,62000,First,23.0,1396.0,90.0,5.0,4.78 Lakh,2.7,4.78,False,False,True,15,0.11739130434782609
4891,Hyundai i10 Era,Coimbatore,2013,65807,First,19.81,1086.0,68.05,5.0,4.78 Lakh,3.39,4.78,False,True,True,12,0.171125694093892
4892,Maruti Swift Dzire VDI,Hyderabad,2014,81768,First,26.59,1248.0,74.0,5.0,4.78 Lakh,5.69,4.78,False,False,True,11,0.2139902218879278
4893,BMW Z4 2009-2013 Roadster 2.5i,Kochi,2018,9952,First,10.37,2979.0,306.0,2.0,4.78 Lakh,58.54,4.78,False,True,False,7,5.64513018322083
4894,Maruti Baleno Alpha Diesel,Hyderabad,2017,24000,First,27.39,1248.0,74.0,5.0,10.63 Lakh,8.4,10.63,False,False,True,8,0.30668127053669225
4895,Chevrolet Beat Diesel,Hyderabad,2012,72921,First,25.44,936.0,57.6,5.0,4.78 Lakh,2.5,4.78,False,False,True,13,0.09827044025157232
4896,Honda Brio V MT,Pune,2012,59000,First,19.4,1198.0,86.8,5.0,4.78 Lakh,3.25,4.78,False,True,True,13,0.1675257731958763
4897,Ford Figo Diesel Titanium,Mumbai,2014,33000,Second,20.0,1399.0,68.05,5.0,4.78 Lakh,3.25,4.78,False,False,True,11,0.1625
4898,Maruti Celerio VXI AT,Pune,2016,36789,First,23.1,998.0,67.04,5.0,4.78 Lakh,4.25,4.78,False,True,False,9,0.18398268398268397
4899,Mercedes-Benz New C-Class C 220 CDI Elegance AT,Jaipur,2014,41000,First,14.84,2143.0,170.0,5.0,4.78 Lakh,18.5,4.78,False,False,False,11,1.2466307277628033
4901,Honda Brio S MT,Jaipur,2015,46650,First,19.4,1198.0,86.8,5.0,4.78 Lakh,4.25,4.78,False,True,True,10,0.21907216494845363
4902,Maruti Baleno Alpha CVT,Mumbai,2018,3000,First,21.4,1197.0,83.1,5.0,10.3 Lakh,8.85,10.3,False,True,False,7,0.4135514018691589
4903,Hyundai EON Sportz,Coimbatore,2014,14799,First,21.1,814.0,55.2,5.0,4.78 Lakh,4.14,4.78,False,True,True,11,0.19620853080568718
4904,Toyota Prius 2009-2016 Z4,Mumbai,2011,44000,First,18.9,1798.0,73.0,5.0,4.78 Lakh,12.75,4.78,True,False,False,14,0.6746031746031746
4905,Hyundai i20 1.4 CRDi Sportz,Hyderabad,2015,68525,First,23.0,1396.0,90.0,5.0,4.78 Lakh,7.0,4.78,False,False,True,10,0.30434782608695654
4906,Ford Endeavour 3.2 Titanium AT 4X4,Hyderabad,2018,15000,First,10.91,3198.0,197.0,7.0,4.78 Lakh,33.0,4.78,False,False,False,7,3.0247479376718607
4907,Honda City i-VTEC VX,Ahmedabad,2017,29000,First,17.4,1497.0,117.3,5.0,12.68 Lakh,10.0,12.68,False,True,True,8,0.574712643678161
4908,Maruti SX4 ZDI,Kochi,2012,77407,Second,21.5,1248.0,88.8,5.0,4.78 Lakh,3.53,4.78,False,False,True,13,0.1641860465116279
4909,Chevrolet Optra Magnum 1.6 LS Petrol,Jaipur,2007,118000,First,12.9,1598.0,102.5,5.0,4.78 Lakh,1.35,4.78,False,True,True,18,0.10465116279069768
4910,Volkswagen Vento Diesel Highline,Delhi,2013,75000,First,20.54,1598.0,103.6,5.0,4.78 Lakh,4.5,4.78,False,False,True,12,0.21908471275559885
4911,Honda City V MT,Pune,2012,69000,First,16.8,1497.0,116.3,5.0,4.78 Lakh,4.9,4.78,False,True,True,13,0.2916666666666667
4912,Hyundai Creta 1.6 CRDi SX Option,Kochi,2016,52553,First,19.67,1582.0,126.2,5.0,4.78 Lakh,12.26,4.78,False,False,True,9,0.623284189120488
4913,Hyundai Xcent 1.1 CRDi SX,Mumbai,2014,58000,Second,24.4,1120.0,71.0,5.0,4.78 Lakh,3.99,4.78,False,False,True,11,0.16352459016393445
4914,Mercedes-Benz GLC 220d 4MATIC Style,Mumbai,2017,24000,First,17.9,2143.0,170.0,5.0,59.77 Lakh,46.95,59.77,False,False,False,8,2.622905027932961
4915,Ford Figo Diesel EXI,Hyderabad,2015,65542,First,20.0,1399.0,68.0,5.0,4.78 Lakh,3.8,4.78,False,False,True,10,0.19
4916,Volkswagen Jetta 2007-2011 2.0 TDI Trendline,Ahmedabad,2013,68008,Second,15.0,1896.0,105.0,5.0,4.78 Lakh,6.75,4.78,False,False,True,12,0.45
4917,Mahindra TUV 300 2015-2019 T8,Coimbatore,2017,22251,First,18.49,1493.0,100.0,7.0,4.78 Lakh,8.75,4.78,False,False,True,8,0.47322877230935645
4918,Ford Ecosport 1.5 Ti VCT MT Titanium,Chennai,2013,55000,Second,15.8,1499.0,110.0,5.0,4.78 Lakh,5.2,4.78,False,True,True,12,0.3291139240506329
4919,Hyundai Verna 1.6 SX VTVT (O),Kochi,2017,19387,First,17.1,1591.0,121.3,5.0,4.78 Lakh,8.42,4.78,False,True,True,8,0.4923976608187134
4921,Hyundai i20 Sportz 1.2,Mumbai,2016,24001,First,18.6,1197.0,81.83,5.0,4.78 Lakh,5.75,4.78,False,True,True,9,0.30913978494623656
4922,Audi A4 New 2.0 TDI Multitronic,Kolkata,2008,17000,First,15.2,1968.0,140.8,5.0,4.78 Lakh,9.75,4.78,False,False,False,17,0.6414473684210527
4923,Nissan Micra Active XV S,Delhi,2015,28500,First,19.49,1198.0,67.04,5.0,4.78 Lakh,3.5,4.78,False,True,True,10,0.17957927142124167
4924,Mercedes-Benz M-Class ML 250 CDI,Jaipur,2014,66000,First,15.26,2143.0,203.2,5.0,4.78 Lakh,30.0,4.78,False,False,False,11,1.9659239842726082
4925,Land Rover Discovery Sport TD4 S,Delhi,2017,22000,First,12.83,2179.0,147.5,5.0,4.78 Lakh,35.0,4.78,False,False,False,8,2.7279812938425563
4926,Hyundai Creta 1.6 SX Option Executive,Coimbatore,2018,44383,First,15.8,1591.0,121.3,5.0,17.7 Lakh,13.25,17.7,False,True,True,7,0.8386075949367088
4927,Skoda Rapid 1.6 TDI Active,Mumbai,2013,45000,First,20.5,1598.0,103.5,5.0,4.78 Lakh,3.65,4.78,False,False,True,12,0.17804878048780487
4928,Maruti Swift Dzire VDI,Jaipur,2015,58000,First,23.4,1248.0,74.0,5.0,4.78 Lakh,5.25,4.78,False,False,True,10,0.22435897435897437
4929,Hyundai Creta 1.6 SX,Delhi,2016,69000,First,15.8,1591.0,121.3,5.0,14.23 Lakh,9.7,14.23,False,True,True,9,0.6139240506329113
4930,Hyundai Grand i10 CRDi Sportz,Coimbatore,2017,60993,First,24.0,1120.0,70.0,5.0,4.78 Lakh,5.21,4.78,False,False,True,8,0.21708333333333332
4931,Mahindra TUV 300 T8,Pune,2016,67000,First,18.49,1493.0,100.0,7.0,4.78 Lakh,6.3,4.78,False,False,True,9,0.34072471606273663
4932,Hyundai Grand i10 CRDi Sportz,Kochi,2014,51134,First,24.0,1120.0,70.0,5.0,4.78 Lakh,4.72,4.78,False,False,True,11,0.19666666666666666
4933,BMW X5 xDrive 30d,Chennai,2011,55000,Second,11.7,2993.0,245.0,5.0,4.78 Lakh,28.0,4.78,False,False,False,14,2.393162393162393
4934,Maruti Dzire AMT VDI,Coimbatore,2018,25082,First,28.4,1248.0,73.75,5.0,9.62 Lakh,8.37,9.62,False,False,False,7,0.2947183098591549
4935,Toyota Fortuner 4x4 MT,Delhi,2012,68350,First,12.55,2982.0,168.5,7.0,4.78 Lakh,14.0,4.78,False,False,True,13,1.1155378486055776
4936,Audi A6 2011-2015 35 TDI Technology,Hyderabad,2015,50000,First,17.68,1968.0,174.33,5.0,4.78 Lakh,36.0,4.78,False,False,False,10,2.0361990950226243
4937,Honda Jazz 1.5 V i DTEC,Pune,2015,97000,First,27.3,1498.0,98.6,5.0,4.78 Lakh,6.4,4.78,False,False,True,10,0.23443223443223443
4938,Audi Q7 4.2 TDI Quattro Technology,Coimbatore,2015,56238,First,11.33,4134.0,335.2,7.0,4.78 Lakh,51.69,4.78,False,False,False,10,4.562224183583407
4939,Mahindra Scorpio 2009-2014 VLX 2WD 7S BSIV,Jaipur,2014,72618,First,12.05,2179.0,120.0,7.0,4.78 Lakh,8.0,4.78,False,False,True,11,0.6639004149377593
4940,Chevrolet Cruze LTZ,Hyderabad,2012,62005,First,18.3,1991.0,147.9,5.0,4.78 Lakh,9.8,4.78,False,False,True,13,0.5355191256830601
4941,Chevrolet Beat Diesel LT,Hyderabad,2012,61250,First,25.44,936.0,57.6,5.0,4.78 Lakh,2.7,4.78,False,False,True,13,0.10613207547169812
4942,Audi A4 35 TDI Premium Plus,Coimbatore,2014,28469,First,18.25,1968.0,187.74,5.0,53.14 Lakh,24.37,53.14,False,False,False,11,1.3353424657534247
4943,Skoda Rapid 1.6 MPI AT Style,Kochi,2018,21488,First,14.3,1598.0,103.52,5.0,4.78 Lakh,9.72,4.78,False,True,False,7,0.6797202797202797
4944,Maruti Swift Dzire VDI,Pune,2014,197000,First,23.4,1248.0,74.0,5.0,4.78 Lakh,5.0,4.78,False,False,True,11,0.2136752136752137
4945,Toyota Fortuner 3.0 Diesel,Pune,2009,138205,Second,11.5,2982.0,171.0,7.0,4.78 Lakh,10.5,4.78,False,False,True,16,0.9130434782608695
4946,Maruti Swift VDI,Jaipur,2012,160000,Second,22.9,1248.0,74.0,5.0,4.78 Lakh,3.9,4.78,False,False,True,13,0.1703056768558952
4947,Honda City 1.5 V MT Exclusive,Coimbatore,2012,67590,First,17.0,1497.0,118.0,5.0,4.78 Lakh,5.65,4.78,False,True,True,13,0.33235294117647063
4948,Mercedes-Benz M-Class ML 250 CDI,Mumbai,2012,52000,First,15.26,2143.0,203.2,5.0,4.78 Lakh,29.95,4.78,False,False,False,13,1.9626474442988204
4949,Maruti Swift Ldi BSIII,Bangalore,2008,100000,Second,17.8,1248.0,75.0,5.0,4.78 Lakh,3.0,4.78,False,False,True,17,0.16853932584269662
4950,Ford Aspire Titanium Diesel,Kolkata,2017,60048,First,26.1,1498.0,99.0,5.0,8.91 Lakh,6.0,8.91,False,False,True,8,0.22988505747126436
4951,Hyundai i10 Sportz,Mumbai,2009,48000,First,20.36,1197.0,78.9,5.0,4.78 Lakh,2.11,4.78,False,True,True,16,0.10363457760314342
4952,Fiat Punto 1.4 Emotion,Kolkata,2010,47000,First,14.6,1197.0,74.0,5.0,4.78 Lakh,1.49,4.78,False,True,True,15,0.10205479452054794
4953,Maruti Alto LXi,Jaipur,2011,100000,First,19.7,796.0,46.3,5.0,4.78 Lakh,1.5,4.78,False,True,True,14,0.07614213197969544
4955,Maruti Swift VXI BSIV,Bangalore,2006,80010,Second,20.4,1197.0,81.8,5.0,4.78 Lakh,2.85,4.78,False,True,True,19,0.13970588235294118
4956,Mercedes-Benz New C-Class C 220 CDI Avantgarde,Coimbatore,2017,26493,First,19.27,2143.0,170.0,5.0,4.78 Lakh,33.64,4.78,False,False,False,8,1.7457187337830826
4957,Tata Indica V2 DLE BSIII,Hyderabad,2011,96000,Second,17.88,1396.0,52.8,5.0,4.78 Lakh,0.91,4.78,False,False,True,14,0.05089485458612976
4958,Maruti Alto 800 VXI,Jaipur,2014,45700,Second,22.74,796.0,47.3,5.0,4.78 Lakh,2.42,4.78,False,True,True,11,0.10642040457343888
4959,Skoda Superb 2.8 V6 AT,Kolkata,2005,13000,First,9.3,2771.0,193.1,5.0,4.78 Lakh,3.25,4.78,False,True,False,20,0.3494623655913978
4960,Volkswagen Polo Petrol Comfortline 1.2L,Kolkata,2013,38000,First,16.47,1198.0,73.9,5.0,4.78 Lakh,2.8,4.78,False,True,True,12,0.1700060716454159
4961,Maruti Dzire AMT ZXI Plus,Coimbatore,2019,8018,First,22.0,1197.0,81.8,5.0,10.26 Lakh,8.3,10.26,False,True,False,6,0.3772727272727273
4962,Mahindra Scorpio VLX,Bangalore,2010,144400,Third,12.05,2179.0,120.0,8.0,4.78 Lakh,5.25,4.78,False,False,True,15,0.4356846473029045
4963,Maruti Swift Vdi BSIII,Jaipur,2010,152000,First,17.8,1248.0,75.0,5.0,4.78 Lakh,2.9,4.78,False,False,True,15,0.16292134831460672
4964,BMW 3 Series 320d Prestige,Pune,2013,71000,First,18.88,1995.0,184.0,5.0,4.78 Lakh,15.0,4.78,False,False,False,12,0.7944915254237288
4965,Tata Nano STD SE,Jaipur,2012,80000,Second,25.4,624.0,37.5,4.0,4.78 Lakh,0.53,4.78,False,True,True,13,0.020866141732283468
4966,Toyota Innova 2.5 VX (Diesel) 8 Seater,Mumbai,2014,87143,First,12.99,2494.0,100.0,8.0,4.78 Lakh,12.5,4.78,False,False,True,11,0.962278675904542
4967,Honda Brio S Option MT,Mumbai,2012,25000,First,18.4,1198.0,86.8,5.0,4.78 Lakh,2.75,4.78,False,True,True,13,0.14945652173913046
4968,Tata Tiago AMT 1.2 Revotron XZA,Pune,2018,2000,First,23.84,1199.0,83.83,5.0,6.94 Lakh,5.0,6.94,False,True,False,7,0.20973154362416108
4969,Mahindra Scorpio SLE BSIV,Kochi,2014,45239,First,12.05,2179.0,120.0,8.0,4.78 Lakh,7.09,4.78,False,False,True,11,0.5883817427385891
4970,BMW 5 Series 2003-2012 525d,Hyderabad,2011,101999,First,16.73,1995.0,218.0,5.0,4.78 Lakh,19.99,4.78,False,False,False,14,1.1948595337716676
4971,Toyota Corolla Altis D-4D GL,Mumbai,2014,74219,First,21.43,1364.0,87.2,5.0,4.78 Lakh,10.75,4.78,False,False,True,11,0.5016332244517032
4972,Honda City i VTEC CVT VX,Mumbai,2016,25000,First,18.0,1497.0,117.3,5.0,4.78 Lakh,9.45,4.78,False,True,False,9,0.5249999999999999
4973,Hyundai Verna CRDi 1.6 SX Option,Hyderabad,2008,109606,First,22.0,1582.0,126.2,5.0,15.59 Lakh,2.9,15.59,False,False,True,17,0.1318181818181818
4974,Maruti Swift Dzire VDI Optional,Kolkata,2015,36000,First,26.59,1248.0,74.0,5.0,4.78 Lakh,4.7,4.78,False,False,True,10,0.17675817976682964
4975,Maruti Ciaz ZXi,Coimbatore,2016,41810,First,20.73,1373.0,91.1,5.0,4.78 Lakh,7.11,4.78,False,True,True,9,0.3429811866859624
4976,Ford Ecosport 1.5 DV5 MT Titanium,Jaipur,2014,93321,First,22.7,1498.0,89.84,5.0,4.78 Lakh,6.25,4.78,False,False,True,11,0.27533039647577096
4977,Maruti Alto K10 2010-2014 VXI,Hyderabad,2011,81000,First,20.92,998.0,67.1,5.0,4.78 Lakh,2.2,4.78,False,True,True,14,0.10516252390057361
4978,Honda Amaze V CVT Petrol,Kochi,2019,25717,First,19.0,1199.0,88.76,5.0,9.47 Lakh,8.86,9.47,False,True,False,6,0.4663157894736842
4979,Mahindra XUV500 W6 2WD,Delhi,2015,37000,First,15.1,2179.0,140.0,7.0,4.78 Lakh,9.3,4.78,False,False,True,10,0.6158940397350994
4980,Mahindra TUV 300 2015-2019 T8,Coimbatore,2017,56380,First,18.49,1493.0,100.0,7.0,4.78 Lakh,7.57,4.78,False,False,True,8,0.40941049215792324
4981,Honda Jazz VX,Chennai,2017,8000,First,18.2,1199.0,88.7,5.0,9.1 Lakh,7.9,9.1,False,True,True,8,0.4340659340659341
4982,Maruti Swift VXI BSIII W/ ABS,Kochi,2018,14589,First,16.1,1298.0,88.2,5.0,4.78 Lakh,5.65,4.78,False,True,True,7,0.35093167701863354
4983,Volkswagen Polo Petrol Highline 1.2L,Delhi,2013,65088,First,16.47,1198.0,73.9,5.0,4.78 Lakh,3.25,4.78,False,True,True,12,0.19732847601700063
4984,Hyundai Creta 1.6 SX Option Diesel,Coimbatore,2019,24864,First,20.5,1582.0,126.2,5.0,19.18 Lakh,16.27,19.18,False,False,True,6,0.7936585365853658
4985,Chevrolet Beat LS,Coimbatore,2011,64831,First,18.6,1199.0,79.4,5.0,4.78 Lakh,3.21,4.78,False,True,True,14,0.17258064516129032
4986,Honda Amaze VX i-DTEC,Kolkata,2013,38001,First,25.8,1498.0,98.6,5.0,4.78 Lakh,3.9,4.78,False,False,True,12,0.1511627906976744
4987,Mercedes-Benz E-Class 230 E AT,Mumbai,2008,77000,Second,10.0,2496.0,157.7,5.0,4.78 Lakh,6.5,4.78,False,True,False,17,0.65
4988,BMW 5 Series 530d M Sport,Hyderabad,2016,27000,First,18.59,2993.0,265.0,5.0,78.31 Lakh,48.0,78.31,False,False,False,9,2.5820333512641205
4989,Audi A3 35 TDI Premium Plus,Mumbai,2016,39000,First,20.38,1968.0,143.0,5.0,42.89 Lakh,18.9,42.89,False,False,False,9,0.9273797841020608
4990,Maruti Swift Dzire VDI,Pune,2015,131000,First,26.59,1248.0,74.0,5.0,4.78 Lakh,3.6,4.78,False,False,True,10,0.13538924407672057
4991,Maruti Swift Dzire VDI,Kolkata,2015,43000,First,26.59,1248.0,74.0,5.0,4.78 Lakh,5.5,4.78,False,False,True,10,0.20684467845054533
4992,Toyota Innova 2.5 V Diesel 7-seater,Pune,2011,68000,Second,12.8,2494.0,102.0,7.0,4.78 Lakh,7.0,4.78,False,False,True,14,0.546875
4993,BMW X3 xDrive20d,Bangalore,2016,45165,First,16.09,1995.0,184.0,5.0,4.78 Lakh,41.75,4.78,False,False,False,9,2.5947793660658793
4994,BMW 5 Series 2003-2012 525d,Hyderabad,2007,120000,First,16.73,1995.0,218.0,5.0,4.78 Lakh,10.5,4.78,False,False,False,18,0.6276150627615062
4995,Mahindra XUV500 W8 2WD,Coimbatore,2014,86091,First,15.1,2179.0,140.0,7.0,4.78 Lakh,10.09,4.78,False,False,True,11,0.6682119205298014
4996,Honda City 1.5 S MT,Delhi,2009,71499,First,17.0,1497.0,118.0,5.0,4.78 Lakh,3.0,4.78,False,True,True,16,0.17647058823529413
4997,Force One LX 4x4,Chennai,2014,50000,First,17.0,2200.0,139.01,7.0,4.78 Lakh,12.0,4.78,False,False,True,11,0.7058823529411765
4998,Volkswagen Polo 1.5 TDI Comfortline,Jaipur,2015,66000,First,20.14,1498.0,88.0,5.0,9.56 Lakh,4.91,9.56,False,False,True,10,0.24379344587884808
4999,Honda Jazz S,Kolkata,2010,45000,First,16.0,1198.0,90.0,5.0,4.78 Lakh,2.0,4.78,False,True,True,15,0.125
5000,Toyota Etios Liva GD SP,Hyderabad,2015,69189,First,23.59,1364.0,67.06,5.0,4.78 Lakh,5.3,4.78,False,False,True,10,0.22467147096227214
5001,Nissan Terrano XV Premium 110 PS,Mumbai,2014,40206,First,19.01,1461.0,108.5,5.0,4.78 Lakh,7.22,4.78,False,False,True,11,0.37980010520778534
5002,BMW X3 xDrive 20d xLine,Kochi,2017,36723,First,18.56,1995.0,190.0,5.0,64.76 Lakh,32.57,64.76,False,False,False,8,1.7548491379310347
5003,Hyundai i20 1.2 Magna,Mumbai,2010,57500,First,18.5,1197.0,80.0,5.0,4.78 Lakh,2.75,4.78,False,True,True,15,0.14864864864864866
5005,Ford Fiesta EXi 1.4 TDCi Ltd,Hyderabad,2011,52000,First,17.8,1399.0,68.0,5.0,4.78 Lakh,3.75,4.78,False,False,True,14,0.21067415730337077
5006,Honda City 1.5 V AT,Kochi,2014,60952,First,16.8,1497.0,118.0,5.0,4.78 Lakh,5.91,4.78,False,True,False,11,0.35178571428571426
5007,Maruti Swift VDI BSIV,Chennai,2013,87192,First,25.2,1248.0,74.0,5.0,4.78 Lakh,4.35,4.78,False,False,True,12,0.17261904761904762
5008,Hyundai Grand i10 CRDi SportZ Edition,Delhi,2014,58000,First,24.0,1120.0,70.0,5.0,4.78 Lakh,3.25,4.78,False,False,True,11,0.13541666666666666
5009,Audi Q7 45 TDI Quattro Technology,Pune,2017,59500,First,14.75,2967.0,245.0,7.0,99.92 Lakh,68.0,99.92,False,False,False,8,4.610169491525424
5010,Volkswagen Ameo 1.2 MPI Highline 16 Alloy,Mumbai,2016,16650,First,17.0,1198.0,74.0,5.0,4.78 Lakh,5.5,4.78,False,True,True,9,0.3235294117647059
5011,Honda City i VTEC CVT VX,Kochi,2018,34696,First,18.0,1497.0,117.3,5.0,4.78 Lakh,12.08,4.78,False,True,False,7,0.6711111111111111
5012,Maruti Baleno Alpha 1.3,Kochi,2018,42243,First,27.39,1248.0,74.0,5.0,4.78 Lakh,7.48,4.78,False,False,True,7,0.27309236947791166
5013,Hyundai Grand i10 CRDi Sportz,Jaipur,2016,57824,First,24.0,1120.0,70.0,5.0,4.78 Lakh,5.5,4.78,False,False,True,9,0.22916666666666666
5014,Maruti Swift Dzire VDi,Jaipur,2011,110000,First,19.3,1248.0,73.9,5.0,4.78 Lakh,3.5,4.78,False,False,True,14,0.18134715025906736
5015,Maruti Swift 1.3 VXi,Delhi,2006,63000,First,16.1,1197.0,74.0,5.0,4.78 Lakh,1.6,4.78,False,True,True,19,0.09937888198757763
5016,Land Rover Freelander 2 TD4 HSE,Delhi,2013,72000,First,0.0,2179.0,115.0,5.0,4.78 Lakh,15.5,4.78,False,False,False,12,
5017,Toyota Fortuner 3.0 Diesel,Hyderabad,2013,63455,First,11.5,2982.0,171.0,7.0,4.78 Lakh,19.0,4.78,False,False,True,12,1.6521739130434783
5018,Honda Jazz VX Diesel,Hyderabad,2017,17151,First,27.3,1498.0,98.6,5.0,11.05 Lakh,8.4,11.05,False,False,True,8,0.3076923076923077
5019,Maruti Vitara Brezza LDi Option,Pune,2016,31001,First,24.3,1248.0,88.5,5.0,4.78 Lakh,7.25,4.78,False,False,True,9,0.29835390946502055
5020,Maruti Swift Dzire VDI,Kolkata,2014,42109,First,23.4,1248.0,74.0,5.0,4.78 Lakh,4.25,4.78,False,False,True,11,0.18162393162393164
5021,Skoda Rapid 1.5 TDI AT Elegance,Delhi,2015,55000,Second,21.66,1498.0,103.52,5.0,4.78 Lakh,5.7,4.78,False,False,False,10,0.2631578947368421
5022,Land Rover Freelander 2 TD4 SE,Hyderabad,2013,46000,Second,0.0,2179.0,115.0,5.0,4.78 Lakh,26.0,4.78,False,False,False,12,
5023,Maruti Alto 800 LXI,Hyderabad,2013,30852,First,22.74,796.0,47.3,5.0,4.78 Lakh,2.49,4.78,False,True,True,12,0.1094986807387863
5024,Volkswagen Polo Petrol Highline 1.2L,Pune,2011,65000,Second,16.47,1198.0,73.9,5.0,4.78 Lakh,3.0,4.78,False,True,True,14,0.18214936247723135
5025,Honda City i DTEC SV,Delhi,2015,65000,First,26.0,1498.0,98.6,5.0,4.78 Lakh,5.95,4.78,False,False,True,10,0.22884615384615387
5026,Maruti Swift Dzire LDI,Delhi,2013,72000,First,23.4,1248.0,74.0,5.0,4.78 Lakh,2.69,4.78,False,False,True,12,0.11495726495726497
5027,Audi A4 2.0 TDI 177 Bhp Technology Edition,Bangalore,2014,29000,First,17.11,1968.0,174.33,5.0,4.78 Lakh,26.0,4.78,False,False,False,11,1.5195791934541205
5028,Honda City i VTEC VX,Kolkata,2015,32000,First,17.8,1497.0,117.3,5.0,4.78 Lakh,5.5,4.78,False,True,True,10,0.3089887640449438
5029,Ford Figo Aspire 1.2 Ti-VCT Ambiente,Chennai,2016,29875,First,18.16,1196.0,86.8,5.0,4.78 Lakh,4.85,4.78,False,True,True,9,0.2670704845814978
5030,Maruti Vitara Brezza LDi,Kochi,2018,32539,First,24.3,1248.0,88.5,5.0,8.63 Lakh,8.39,8.63,False,False,True,7,0.34526748971193416
5031,Renault Duster 110PS Diesel RxL,Hyderabad,2015,83090,First,19.01,1461.0,108.45,5.0,4.78 Lakh,7.99,4.78,False,False,True,10,0.42030510257759074
5032,Hyundai i20 Active 1.4 SX,Hyderabad,2016,62679,First,21.19,1396.0,88.73,5.0,4.78 Lakh,6.95,4.78,False,False,True,9,0.32798489853704577
5033,Mahindra Logan Petrol 1.4 GLE,Mumbai,2010,93000,First,15.7,1390.0,75.0,5.0,4.78 Lakh,1.5,4.78,False,True,True,15,0.09554140127388536
5034,Honda City ZX GXi,Mumbai,2006,44000,First,17.7,1497.0,78.0,5.0,4.78 Lakh,1.55,4.78,False,True,True,19,0.08757062146892657
5035,Ford Figo Petrol EXI,Bangalore,2010,78400,Second,15.6,1196.0,70.0,5.0,4.78 Lakh,2.75,4.78,False,True,True,15,0.1762820512820513
5036,Renault Duster Petrol RxL,Mumbai,2014,71300,First,13.06,1598.0,102.53,5.0,4.78 Lakh,4.25,4.78,False,True,True,11,0.3254211332312404
5037,Hyundai i10 Sportz 1.2,Kolkata,2015,18000,First,20.36,1197.0,78.9,5.0,4.78 Lakh,2.85,4.78,False,True,True,10,0.13998035363457761
5038,Land Rover Discovery Sport TD4 HSE 7S,Coimbatore,2019,24013,First,12.81,1999.0,148.31,7.0,69.22 Lakh,56.14,69.22,False,False,False,6,4.382513661202186
5039,Audi Q5 2008-2012 2.0 TFSI Quattro,Ahmedabad,2009,99100,Second,9.74,1984.0,208.0,5.0,4.78 Lakh,10.0,4.78,False,True,False,16,1.0266940451745379
5040,Maruti Versa DX2 BS II,Mumbai,2003,62000,Second,11.3,1298.0,83.1,8.0,4.78 Lakh,1.25,4.78,False,True,True,22,0.11061946902654866
5041,Maruti Swift Dzire ZDI,Kolkata,2017,14000,First,26.59,1248.0,74.0,5.0,4.78 Lakh,7.5,4.78,False,False,True,8,0.28206092515983455
5042,Audi A4 2.0 TDI Premium Sport Limited Edition,Coimbatore,2015,44811,First,17.11,1968.0,174.33,5.0,4.78 Lakh,25.81,4.78,False,False,False,10,1.5084745762711864
5043,Volkswagen Polo 1.2 MPI Comfortline,Ahmedabad,2014,44000,First,16.47,1198.0,74.0,5.0,4.78 Lakh,4.3,4.78,False,True,True,11,0.2610807528840316
5044,Toyota Fortuner 3.0 Diesel,Chennai,2010,136000,Second,11.5,2982.0,171.0,7.0,4.78 Lakh,11.0,4.78,False,False,True,15,0.9565217391304348
5045,Toyota Fortuner 3.0 Diesel,Jaipur,2010,144113,Second,11.5,2982.0,171.0,7.0,4.78 Lakh,11.75,4.78,False,False,True,15,1.0217391304347827
5046,Honda Accord 2.4 MT,Coimbatore,2012,94989,First,12.8,2354.0,177.6,5.0,4.78 Lakh,6.58,4.78,False,True,True,13,0.5140625
5047,Maruti Swift ZDi,Chennai,2012,58133,First,22.9,1248.0,74.0,5.0,4.78 Lakh,4.8,4.78,False,False,True,13,0.20960698689956334
5048,Skoda Fabia 1.2 MPI Classic,Pune,2008,61000,Second,17.5,1198.0,70.0,5.0,4.78 Lakh,1.65,4.78,False,True,True,17,0.09428571428571428
5049,Jeep Compass 2.0 Sport,Kolkata,2017,27000,First,17.1,1956.0,170.0,5.0,18.45 Lakh,15.0,18.45,False,False,True,8,0.8771929824561403
5050,Tata Nano Twist XT,Ahmedabad,2014,18050,Second,25.4,624.0,37.5,4.0,4.78 Lakh,1.0,4.78,False,True,True,11,0.03937007874015748
5051,Ford Fiesta 1.6 ZXi ABS,Hyderabad,2007,145277,First,15.3,1596.0,101.0,5.0,4.78 Lakh,1.65,4.78,False,True,True,18,0.10784313725490195
5052,Maruti Celerio ZDi,Ahmedabad,2015,42000,First,27.62,793.0,47.0,5.0,4.78 Lakh,3.6,4.78,False,False,True,10,0.13034033309196236
5053,Toyota Fortuner 3.0 Diesel,Delhi,2011,86000,First,11.5,2982.0,171.0,7.0,4.78 Lakh,11.5,4.78,False,False,True,14,1.0
5054,Maruti Celerio ZDi,Ahmedabad,2015,42150,First,27.62,793.0,47.0,5.0,4.78 Lakh,3.6,4.78,False,False,True,10,0.13034033309196236
5055,Hyundai EON Era Plus,Pune,2015,30158,First,21.1,814.0,55.2,5.0,4.78 Lakh,3.05,4.78,False,True,True,10,0.14454976303317535
5056,Ford Fiesta Diesel Trend,Bangalore,2011,47000,Second,23.5,1498.0,90.0,5.0,4.78 Lakh,6.0,4.78,False,False,True,14,0.2553191489361702
5057,Volkswagen Polo 1.2 MPI Comfortline,Ahmedabad,2013,39000,First,16.47,1198.0,74.0,5.0,4.78 Lakh,3.75,4.78,False,True,True,12,0.22768670309653918
5058,Volkswagen Polo 1.2 MPI Comfortline,Coimbatore,2016,32125,First,16.2,1199.0,74.0,5.0,4.78 Lakh,6.17,4.78,False,True,True,9,0.3808641975308642
5059,Maruti Vitara Brezza ZDi,Coimbatore,2017,58829,First,24.3,1248.0,88.5,5.0,9.89 Lakh,9.05,9.89,False,False,True,8,0.3724279835390947
5060,Honda Brio S MT,Coimbatore,2013,67559,First,19.4,1198.0,86.8,5.0,4.78 Lakh,4.05,4.78,False,True,True,12,0.20876288659793815
5061,Maruti Swift Dzire VXi,Pune,2013,55000,First,17.5,1298.0,85.8,5.0,4.78 Lakh,4.25,4.78,False,True,True,12,0.24285714285714285
5062,Maruti Celerio LXI MT,Kolkata,2018,30000,First,23.1,998.0,67.04,5.0,4.87 Lakh,3.75,4.87,False,True,True,7,0.16233766233766234
5063,Hyundai Creta 1.6 SX Plus Petrol Automatic,Mumbai,2016,28000,First,13.0,1591.0,121.3,5.0,4.78 Lakh,11.85,4.78,False,True,False,9,0.9115384615384615
5064,Ford Ecosport 1.5 DV5 MT Titanium,Kochi,2016,31826,First,22.7,1498.0,89.84,5.0,4.78 Lakh,8.24,4.78,False,False,True,9,0.3629955947136564
5066,Honda CR-V RVi MT,Jaipur,2008,100009,Second,13.1,1997.0,141.1,5.0,4.78 Lakh,6.5,4.78,False,True,True,17,0.4961832061068702
5067,Land Rover Discovery Sport SD4 HSE Luxury 7S,Coimbatore,2019,17201,First,12.51,2179.0,187.7,7.0,4.78 Lakh,58.91,4.78,False,False,False,6,4.709032773780975
5068,Mahindra XUV500 W8 2WD,Delhi,2014,74345,First,15.1,2179.0,140.0,7.0,4.78 Lakh,8.0,4.78,False,False,True,11,0.5298013245033113
5069,Volkswagen Polo 1.2 MPI Highline,Kochi,2015,58134,First,16.47,1198.0,74.0,5.0,4.78 Lakh,4.64,4.78,False,True,True,10,0.2817243472981178
5070,Hyundai i10 Magna AT,Kochi,2010,30566,First,19.2,1197.0,80.0,5.0,4.78 Lakh,3.32,4.78,False,True,False,15,0.17291666666666666
5071,Hyundai i10 Magna 1.2,Chennai,2012,55231,Second,20.36,1197.0,78.9,5.0,4.78 Lakh,2.78,4.78,False,True,True,13,0.13654223968565815
5072,Chevrolet Cruze LTZ AT,Kochi,2016,67774,First,14.81,1998.0,163.7,5.0,4.78 Lakh,8.95,4.78,False,False,False,9,0.6043214044564483
5073,Mercedes-Benz E-Class E 200 CGI,Mumbai,2013,50319,First,12.0,1991.0,181.03,5.0,4.78 Lakh,21.95,4.78,False,True,False,12,1.8291666666666666
5074,Hyundai Sonata 2.4 GDI,Ahmedabad,2013,45000,First,11.7,2359.0,134.0,5.0,4.78 Lakh,7.9,4.78,False,True,True,12,0.6752136752136753
5075,Mercedes-Benz New C-Class C 200 Kompressor Elegance AT,Kolkata,2007,43627,First,11.74,1796.0,186.0,5.0,4.78 Lakh,29.0,4.78,False,True,False,18,2.4701873935264054
5076,Volkswagen Polo Diesel Trendline 1.2L,Kolkata,2013,45000,First,22.07,1199.0,73.9,5.0,4.78 Lakh,3.25,4.78,False,False,True,12,0.14725872224739464
5077,Honda City i VTEC SV,Mumbai,2014,10500,First,17.4,1497.0,117.3,5.0,4.78 Lakh,5.9,4.78,False,True,True,11,0.339080459770115
5078,Maruti Vitara Brezza ZDi,Coimbatore,2017,21789,First,24.3,1248.0,88.5,5.0,11 Lakh,9.88,11.0,False,False,True,8,0.4065843621399177
5079,Hyundai Elite i20 Asta Option,Coimbatore,2019,21134,First,18.6,1197.0,81.86,5.0,9.78 Lakh,8.78,9.78,False,True,True,6,0.4720430107526881
5080,Tata New Safari Dicor EX 4X2,Kolkata,2011,90000,Second,13.93,2179.0,138.1,7.0,4.78 Lakh,2.75,4.78,False,False,True,14,0.1974156496769562
5081,Nissan Sunny 2011-2014 Diesel XL,Kochi,2014,51553,First,21.64,1461.0,84.8,5.0,4.78 Lakh,5.98,4.78,False,False,True,11,0.27634011090573013
5082,BMW 3 Series 330 Ci Convertible,Delhi,2011,31000,First,10.9,2497.0,215.0,5.0,4.78 Lakh,31.0,4.78,False,True,False,14,2.8440366972477062
5083,Toyota Corolla 1.8 J,Delhi,2011,67422,Second,14.53,1798.0,138.0,5.0,4.78 Lakh,3.55,4.78,False,True,True,14,0.24432209222298693
5084,Hyundai Verna 1.6 SX,Kochi,2015,60519,First,22.32,1582.0,126.32,5.0,4.78 Lakh,6.24,4.78,False,False,True,10,0.2795698924731183
5085,Maruti Swift Dzire VDi,Kolkata,2009,34000,First,19.3,1248.0,73.9,5.0,4.78 Lakh,2.19,4.78,False,False,True,16,0.11347150259067357
5086,Maruti Dzire VDI,Hyderabad,2013,68434,First,28.4,1248.0,73.75,5.0,9.14 Lakh,5.5,9.14,False,False,True,12,0.19366197183098594
5087,Maruti Alto K10 VXI,Pune,2014,17000,First,24.07,998.0,67.1,5.0,4.48 Lakh,2.1,4.48,False,True,True,11,0.08724553385957624
5088,Jaguar XJ 5.0 L V8 Supercharged,Coimbatore,2011,43686,First,10.5,5000.0,503.0,4.0,4.78 Lakh,50.66,4.78,False,True,False,14,4.824761904761904
5089,Mercedes-Benz New C-Class 220 CDI AT,Kolkata,2012,22000,First,14.84,2143.0,170.0,5.0,4.78 Lakh,14.0,4.78,False,False,False,13,0.9433962264150944
5090,Hyundai Verna CRDi 1.6 SX Option,Mumbai,2013,79225,First,22.0,1582.0,126.2,5.0,15.57 Lakh,5.5,15.57,False,False,True,12,0.25
5091,Chevrolet Aveo 1.6 LT,Pune,2007,63000,Third,14.2,1598.0,102.0,5.0,4.78 Lakh,1.2,4.78,False,True,True,18,0.08450704225352113
5092,Maruti Swift VXI BSIV,Hyderabad,2014,61922,First,20.4,1197.0,81.8,5.0,4.78 Lakh,5.3,4.78,False,True,True,11,0.25980392156862747
5093,Hyundai Verna 1.6 CRDi S,Chennai,2015,85000,First,23.9,1582.0,126.2,5.0,4.78 Lakh,6.3,4.78,False,False,True,10,0.26359832635983266
5094,Mercedes-Benz GLC 220d Celebration Edition,Kochi,2017,26192,First,17.9,2143.0,168.0,5.0,4.78 Lakh,40.47,4.78,False,False,False,8,2.2608938547486033
5095,Toyota Fortuner 4x2 Manual,Delhi,2013,65000,First,13.0,2982.0,168.5,7.0,4.78 Lakh,16.1,4.78,False,False,True,12,1.2384615384615385
5096,Audi Q5 2008-2012 2.0 TDI,Delhi,2014,44999,First,12.8,1968.0,167.6,5.0,4.78 Lakh,25.0,4.78,False,False,False,11,1.953125
5097,BMW 3 Series 320d Dynamic,Mumbai,2008,81308,Second,13.2,1995.0,170.0,5.0,4.78 Lakh,7.95,4.78,False,False,False,17,0.6022727272727273
5098,Maruti Alto 800 2016-2019 LXI,Delhi,2016,35000,First,24.7,796.0,47.3,5.0,4.78 Lakh,2.65,4.78,False,True,True,9,0.10728744939271255
5099,Maruti Alto K10 2010-2014 VXI,Coimbatore,2012,65349,First,20.92,998.0,67.1,5.0,4.78 Lakh,2.81,4.78,False,True,True,13,0.13432122370936903
5100,Audi A4 1.8 TFSI Technology Edition,Hyderabad,2012,80000,First,15.64,1798.0,167.62,5.0,4.78 Lakh,17.5,4.78,False,True,False,13,1.118925831202046
5101,Maruti Swift VXi BSIV,Mumbai,2012,61000,First,16.1,1197.0,85.0,5.0,4.78 Lakh,3.3,4.78,False,True,True,13,0.20496894409937885
5102,Maruti Wagon R VXI,Kochi,2019,31817,First,22.5,998.0,67.04,5.0,5.12 Lakh,5.34,5.12,False,True,True,6,0.23733333333333334
5103,Skoda Rapid 1.5 TDI Ambition,Hyderabad,2016,41000,First,21.14,1498.0,103.52,5.0,4.78 Lakh,8.5,4.78,False,False,True,9,0.402081362346263
5104,Honda Jazz S,Kochi,2010,82606,Second,16.0,1198.0,90.0,5.0,4.78 Lakh,2.69,4.78,False,True,True,15,0.168125
5105,Mahindra XUV500 W10 2WD,Ahmedabad,2015,52000,First,16.0,2179.0,140.0,7.0,4.78 Lakh,11.5,4.78,False,False,True,10,0.71875
5106,Maruti Ritz VXi,Coimbatore,2011,50318,First,18.5,1197.0,85.8,5.0,4.78 Lakh,4.06,4.78,False,True,True,14,0.21945945945945944
5107,Mercedes-Benz GLE 250d,Hyderabad,2016,50000,First,17.9,2143.0,201.15,5.0,79.43 Lakh,49.0,79.43,False,False,False,9,2.7374301675977657
5108,Skoda Rapid 1.6 TDI Ambition,Bangalore,2012,72000,First,20.5,1598.0,103.5,5.0,4.78 Lakh,4.6,4.78,False,False,True,13,0.224390243902439
5109,Hyundai Grand i10 CRDi Magna,Delhi,2015,63776,First,24.0,1120.0,70.0,5.0,4.78 Lakh,3.96,4.78,False,False,True,10,0.165
5110,Hyundai Elite i20 Petrol Asta,Mumbai,2015,28133,First,18.6,1197.0,81.86,5.0,4.78 Lakh,5.6,4.78,False,True,True,10,0.30107526881720426
5111,Tata Zest Quadrajet 1.3 75PS XE,Kolkata,2017,45000,First,22.95,1248.0,74.0,5.0,7.94 Lakh,3.75,7.94,False,False,True,8,0.16339869281045752
5112,Hyundai i20 Magna 1.4 CRDi,Jaipur,2015,55697,First,22.54,1396.0,88.73,5.0,4.78 Lakh,5.5,4.78,False,False,True,10,0.2440106477373558
5113,Skoda Rapid 1.6 TDI Elegance,Delhi,2012,62000,Second,20.5,1598.0,103.5,5.0,4.78 Lakh,3.0,4.78,False,False,True,13,0.14634146341463414
5114,Fiat Linea Emotion,Mumbai,2011,48000,First,16.0,1368.0,90.0,5.0,4.78 Lakh,3.0,4.78,False,True,True,14,0.1875
5115,Maruti Swift VXI BSIII W/ ABS,Pune,2010,90246,First,16.1,1298.0,88.2,5.0,4.78 Lakh,2.95,4.78,False,True,True,15,0.18322981366459626
5116,Tata Indica V2 2001-2011 eLS,Hyderabad,2015,80500,First,25.0,1396.0,69.0,5.0,4.78 Lakh,2.45,4.78,False,False,True,10,0.098
5117,Mercedes-Benz New C-Class C 220 CDI Elegance AT,Pune,2012,119000,First,14.84,2143.0,170.0,5.0,4.78 Lakh,13.99,4.78,False,False,False,13,0.942722371967655
5118,Mercedes-Benz GLE 350d,Bangalore,2016,28541,First,11.57,2987.0,254.79,5.0,95.13 Lakh,60.75,95.13,False,False,False,9,5.250648228176318
5120,Honda City V MT AVN,Chennai,2012,41000,Second,16.8,1497.0,116.3,5.0,4.78 Lakh,4.5,4.78,False,True,True,13,0.26785714285714285
5121,Hyundai i20 Magna,Mumbai,2010,58000,Second,18.5,1197.0,80.0,5.0,4.78 Lakh,2.5,4.78,False,True,True,15,0.13513513513513514
5122,Toyota Fortuner 4x2 Manual,Chennai,2015,99000,First,13.0,2982.0,168.5,7.0,4.78 Lakh,20.5,4.78,False,False,True,10,1.5769230769230769
5123,Hyundai Grand i10 Magna,Delhi,2014,31200,First,18.9,1197.0,82.0,5.0,4.78 Lakh,3.9,4.78,False,True,True,11,0.20634920634920637
5124,Volkswagen Jetta 2007-2011 2.0 TDI Comfortline,Chennai,2009,85000,Second,15.0,1896.0,105.0,5.0,4.78 Lakh,3.5,4.78,False,False,True,16,0.23333333333333334
5125,Ford EcoSport 1.5 Ti VCT AT Titanium,Hyderabad,2016,60924,First,15.63,1499.0,110.4,5.0,4.78 Lakh,8.3,4.78,False,True,False,9,0.5310300703774792
5126,Hyundai EON Magna Plus,Chennai,2012,45000,First,21.1,814.0,55.2,5.0,4.78 Lakh,2.5,4.78,False,True,True,13,0.11848341232227487
5127,Nissan Micra XV CVT,Kolkata,2011,44000,First,19.15,1198.0,75.94,5.0,8.73 Lakh,2.65,8.73,False,True,False,14,0.13838120104438642
5128,Honda Jazz 1.2 V CVT i VTEC,Kochi,2016,30534,First,19.0,1199.0,88.7,5.0,4.78 Lakh,7.42,4.78,False,True,False,9,0.39052631578947367
5129,Volkswagen Polo 1.2 MPI Trendline,Kochi,2016,46399,First,16.47,1198.0,74.0,5.0,4.78 Lakh,4.63,4.78,False,True,True,9,0.28111718275652703
5130,Maruti Alto LXi,Kolkata,2008,42000,First,19.7,796.0,46.3,5.0,4.78 Lakh,1.09,4.78,False,True,True,17,0.05532994923857869
5131,Hyundai Verna 1.6 SX,Delhi,2011,67000,First,22.32,1582.0,126.32,5.0,4.78 Lakh,3.8,4.78,False,False,True,14,0.17025089605734767
5132,Mercedes-Benz E-Class 2009-2013 E 220 CDI Avantgarde,Mumbai,2013,58000,First,10.0,2148.0,170.0,5.0,4.78 Lakh,15.75,4.78,False,False,False,12,1.575
5133,Tata Zest Revotron 1.2 XT,Coimbatore,2015,27000,First,17.57,1193.0,88.7,5.0,8.69 Lakh,5.27,8.69,False,True,True,10,0.29994308480364257
5134,Honda Brio S Option MT,Mumbai,2012,39566,Second,18.4,1198.0,86.8,5.0,4.78 Lakh,2.75,4.78,False,True,True,13,0.14945652173913046
5135,Honda Jazz VX Diesel,Chennai,2016,14980,First,27.3,1498.0,98.6,5.0,10.81 Lakh,7.4,10.81,False,False,True,9,0.27106227106227104
5136,Maruti Alto K10 VXI AGS,Jaipur,2017,18491,First,24.07,998.0,67.1,5.0,4.78 Lakh,3.9,4.78,False,True,False,8,0.1620274200249273
5137,Maruti Zen VXi - BS III,Jaipur,2000,90000,Second,17.3,993.0,60.0,5.0,4.78 Lakh,0.7,4.78,False,True,True,25,0.040462427745664734
5138,Hyundai i20 Sportz 1.4 CRDi,Pune,2015,118211,First,22.54,1396.0,88.73,5.0,4.78 Lakh,5.9,4.78,False,False,True,10,0.261756876663709
5139,Maruti SX4 S Cross DDiS 320 Zeta,Coimbatore,2016,63316,First,22.7,1598.0,118.0,5.0,4.78 Lakh,9.58,4.78,False,False,True,9,0.4220264317180617
5140,Mercedes-Benz E-Class 2009-2013 E250 CDI Elegance,Delhi,2014,42000,First,14.21,2143.0,203.0,5.0,4.78 Lakh,24.95,4.78,False,False,False,11,1.7558057705840955
5141,Chevrolet Enjoy Petrol LS 7 Seater,Kochi,2015,25648,First,13.7,1399.0,98.82,7.0,4.78 Lakh,4.29,4.78,False,True,True,10,0.3131386861313869
5142,Mercedes-Benz E-Class 2009-2013 E250 CDI Blue Efficiency,Delhi,2011,67612,Second,14.21,2143.0,203.0,5.0,4.78 Lakh,11.5,4.78,False,False,False,14,0.8092892329345531
5143,Mahindra XUV500 W4,Mumbai,2016,33000,First,16.0,2179.0,140.0,7.0,4.78 Lakh,9.65,4.78,False,False,True,9,0.603125
5144,Hyundai i10 Sportz,Mumbai,2015,20000,First,20.36,1197.0,78.9,5.0,4.78 Lakh,3.75,4.78,False,True,True,10,0.18418467583497053
5145,Hyundai Getz 1.3 GLS,Pune,2007,143000,Second,14.2,1341.0,82.9,5.0,4.78 Lakh,1.1,4.78,False,True,True,18,0.07746478873239437
5146,Audi Q7 3.0 TDI quattro,Coimbatore,2014,118218,First,12.07,2967.0,241.4,7.0,4.78 Lakh,31.41,4.78,False,False,False,11,2.6023198011599007
5147,Mahindra Scorpio SLE BSIV,Pune,2012,99000,Third,12.05,2179.0,120.0,8.0,4.78 Lakh,6.0,4.78,False,False,True,13,0.49792531120331945
5148,Honda Jazz 1.2 SV i VTEC,Pune,2016,22700,First,18.7,1199.0,88.7,5.0,4.78 Lakh,5.55,4.78,False,True,True,9,0.2967914438502674
5149,Tata Safari Storme 2012-2015 EX,Jaipur,2017,28000,First,14.0,2179.0,138.1,7.0,4.78 Lakh,10.91,4.78,False,False,True,8,0.7792857142857142
5150,Mahindra XUV500 W6 2WD,Kolkata,2014,62000,First,15.1,2179.0,140.0,7.0,4.78 Lakh,7.25,4.78,False,False,True,11,0.48013245033112584
5151,Volkswagen Polo Diesel Comfortline 1.2L,Hyderabad,2012,107023,First,22.07,1199.0,73.9,5.0,4.78 Lakh,3.9,4.78,False,False,True,13,0.17671046669687357
5152,Maruti Swift Dzire ZDi,Delhi,2012,71082,First,19.3,1248.0,73.9,5.0,4.78 Lakh,3.95,4.78,False,False,True,13,0.20466321243523317
5153,Audi Q3 2.0 TDI,Mumbai,2013,60000,First,15.73,1968.0,174.33,5.0,4.78 Lakh,22.0,4.78,False,False,False,12,1.3986013986013985
5154,Maruti Celerio ZXI,Delhi,2014,21701,First,23.1,998.0,67.04,5.0,4.78 Lakh,3.38,4.78,False,True,True,11,0.1463203463203463
5155,Honda City V MT Exclusive,Mumbai,2011,56000,First,16.8,1497.0,116.3,5.0,4.78 Lakh,3.45,4.78,False,True,True,14,0.20535714285714285
5156,Hyundai i20 1.2 Spotz,Delhi,2016,32450,First,18.6,1197.0,81.83,5.0,4.78 Lakh,5.75,4.78,False,True,True,9,0.30913978494623656
5157,Renault KWID RXT,Jaipur,2016,12500,First,25.17,799.0,53.3,5.0,4.78 Lakh,2.75,4.78,False,True,True,9,0.1092570520460866
5158,Mercedes-Benz CLA 200 CDI Sport,Kochi,2019,20483,First,17.9,2143.0,136.0,5.0,4.78 Lakh,30.3,4.78,False,False,False,6,1.692737430167598
5159,Ford Ecosport 1.5 DV5 MT Titanium,Hyderabad,2014,45800,First,22.7,1498.0,89.84,5.0,4.78 Lakh,7.5,4.78,False,False,True,11,0.3303964757709251
5160,Hyundai i20 Asta 1.2,Coimbatore,2015,35441,First,18.6,1197.0,81.83,5.0,4.78 Lakh,6.87,4.78,False,True,True,10,0.3693548387096774
5161,Toyota Innova 2.5 ZX Diesel 7 Seater,Bangalore,2015,86398,First,12.99,2494.0,100.6,7.0,4.78 Lakh,15.2,4.78,False,False,True,10,1.1701308698999229
5162,Nissan Sunny 2011-2014 Diesel XL,Chennai,2012,150000,First,21.64,1461.0,84.8,5.0,4.78 Lakh,3.5,4.78,False,False,True,13,0.16173752310536044
5163,Maruti Swift VDI BSIV,Hyderabad,2014,89000,First,25.2,1248.0,74.0,5.0,4.78 Lakh,5.85,4.78,False,False,True,11,0.23214285714285712
5164,Maruti A-Star Vxi,Hyderabad,2010,68375,First,19.0,998.0,66.1,5.0,4.78 Lakh,2.5,4.78,False,True,True,15,0.13157894736842105
5165,Maruti Swift ZXI,Pune,2013,52000,First,18.6,1197.0,85.8,5.0,4.78 Lakh,3.95,4.78,False,True,True,12,0.21236559139784947
5166,Mercedes-Benz CLA 200 CDI Sport,Jaipur,2017,39000,First,17.9,2143.0,136.0,5.0,42.4 Lakh,27.0,42.4,False,False,False,8,1.5083798882681565
5167,Maruti Ertiga ZXI,Bangalore,2014,68000,Second,16.02,1373.0,93.7,7.0,4.78 Lakh,6.75,4.78,False,True,True,11,0.4213483146067416
5168,Maruti Wagon R LXI,Jaipur,2007,71000,Second,18.9,998.0,67.1,5.0,4.78 Lakh,1.5,4.78,False,True,True,18,0.07936507936507937
5169,Volkswagen Polo Diesel Trendline 1.2L,Hyderabad,2012,72003,First,22.07,1199.0,73.9,5.0,4.78 Lakh,3.9,4.78,False,False,True,13,0.17671046669687357
5170,Ford Ecosport 1.5 DV5 MT Titanium Optional,Hyderabad,2014,135670,First,22.7,1498.0,89.84,5.0,4.78 Lakh,6.55,4.78,False,False,True,11,0.28854625550660795
5171,Honda City i DTEC VX,Kochi,2017,65850,First,25.1,1498.0,98.6,5.0,4.78 Lakh,9.44,4.78,False,False,True,8,0.3760956175298804
5172,Toyota Corolla Altis 1.8 GL,Coimbatore,2015,53920,First,14.28,1798.0,138.03,5.0,23.37 Lakh,10.77,23.37,False,True,True,10,0.7542016806722689
5173,Mahindra XUV500 W8 2WD,Ahmedabad,2014,58000,First,15.1,2179.0,140.0,7.0,4.78 Lakh,7.5,4.78,False,False,True,11,0.49668874172185434
5174,Maruti Alto 800 2016-2019 VXI,Kolkata,2016,4000,First,24.7,796.0,47.3,5.0,4.78 Lakh,3.0,4.78,False,True,True,9,0.12145748987854252
5175,BMW 5 Series 530d M Sport,Chennai,2010,58000,First,18.59,2993.0,265.0,5.0,79.78 Lakh,11.75,79.78,False,False,False,15,0.6320602474448629
5176,Hyundai EON D Lite Plus,Kochi,2016,29832,First,21.1,814.0,55.2,5.0,4.78 Lakh,3.29,4.78,False,True,True,9,0.15592417061611374
5177,Maruti Swift Dzire VDI,Chennai,2016,71156,First,26.59,1248.0,74.0,5.0,4.78 Lakh,6.5,4.78,False,False,True,9,0.2444528018051899
5179,Audi A4 2.0 TDI,Hyderabad,2011,54000,First,16.55,1968.0,147.51,5.0,4.78 Lakh,18.0,4.78,False,False,False,14,1.0876132930513596
5180,Skoda Superb Elegance 1.8 TSI AT,Bangalore,2009,75000,Second,13.7,1798.0,157.75,5.0,4.78 Lakh,4.95,4.78,False,True,False,16,0.36131386861313874
5181,Tata Zest Revotron 1.2T XM,Kochi,2015,39208,First,17.57,1193.0,88.7,5.0,7.63 Lakh,4.52,7.63,False,True,True,10,0.25725668753557196
5182,Force One LX ABS 7 Seating,Kolkata,2014,41000,First,17.0,2149.0,139.07,7.0,4.78 Lakh,8.0,4.78,False,False,True,11,0.47058823529411764
5183,Honda City i-VTEC VX,Coimbatore,2013,38622,First,17.4,1497.0,117.3,5.0,12.68 Lakh,6.26,12.68,False,True,True,12,0.35977011494252875
5184,Nissan Sunny 2011-2014 XV,Chennai,2016,18000,First,16.95,1498.0,97.7,5.0,4.78 Lakh,7.5,4.78,False,True,True,9,0.4424778761061947
5185,Maruti Swift 1.3 LXI,Delhi,2012,52000,First,16.1,1197.0,74.0,5.0,4.78 Lakh,3.65,4.78,False,True,True,13,0.22670807453416147
5186,Volkswagen Vento Petrol Highline AT,Mumbai,2011,45000,First,14.4,1598.0,103.6,5.0,4.78 Lakh,3.35,4.78,False,True,False,14,0.2326388888888889
5187,Hyundai Verna 1.6 SX VTVT AT,Mumbai,2014,48656,First,15.74,1591.0,121.3,5.0,4.78 Lakh,5.5,4.78,False,True,False,11,0.349428208386277
5188,Hyundai Verna CRDi 1.6 AT SX Plus,Bangalore,2012,79000,First,22.0,1582.0,126.2,5.0,16.6 Lakh,5.25,16.6,False,False,False,13,0.23863636363636365
5189,Audi A4 2.0 TDI Multitronic,Bangalore,2012,88000,First,16.55,1968.0,140.0,5.0,4.78 Lakh,16.25,4.78,False,False,False,13,0.9818731117824773
5190,Maruti SX4 Vxi BSIV,Delhi,2009,92000,First,15.5,1586.0,103.3,5.0,4.78 Lakh,2.7,4.78,False,True,True,16,0.17419354838709677
5191,Ford Endeavour 2.2 Titanium AT 4X2,Chennai,2019,9000,First,12.62,2198.0,158.0,7.0,4.78 Lakh,32.9,4.78,False,False,False,6,2.606973058637084
5192,Maruti Swift LXI BSIV,Coimbatore,2008,50121,First,20.4,1197.0,83.11,5.0,4.78 Lakh,3.41,4.78,False,True,True,17,0.16715686274509806
5193,Hyundai Grand i10 CRDi Magna,Hyderabad,2014,79000,First,24.0,1120.0,70.0,5.0,4.78 Lakh,4.15,4.78,False,False,True,11,0.1729166666666667
5194,Volkswagen Polo 1.5 TDI Highline,Hyderabad,2014,46000,Second,20.14,1498.0,88.8,5.0,4.78 Lakh,5.9,4.78,False,False,True,11,0.2929493545183714
5195,Mercedes-Benz E-Class 230,Pune,2012,100000,First,10.0,2496.0,157.7,5.0,4.78 Lakh,11.5,4.78,False,True,False,13,1.15
5196,Hyundai i20 Asta 1.2,Kolkata,2015,41000,First,18.6,1197.0,81.83,5.0,4.78 Lakh,4.75,4.78,False,True,True,10,0.2553763440860215
5197,Maruti Alto K10 VXI AGS,Chennai,2015,25000,First,24.07,998.0,67.1,5.0,4.78 Lakh,3.5,4.78,False,True,False,10,0.14540922309929372
5198,Maruti Ertiga VDI,Pune,2014,71899,First,20.77,1248.0,88.76,7.0,4.78 Lakh,7.25,4.78,False,False,True,11,0.3490611458834858
5199,Maruti Celerio VXI AT,Mumbai,2016,7100,First,23.1,998.0,67.04,5.0,4.78 Lakh,4.35,4.78,False,True,False,9,0.1883116883116883
5200,Renault KWID Climber 1.0 AMT,Coimbatore,2018,38171,Second,22.5,999.0,67.0,5.0,5.72 Lakh,4.99,5.72,False,True,False,7,0.2217777777777778
5201,Mahindra Scorpio SLE BSIV,Bangalore,2013,70359,First,12.05,2179.0,120.0,8.0,4.78 Lakh,7.65,4.78,False,False,True,12,0.6348547717842323
5202,Toyota Innova 2.5 GX (Diesel) 7 Seater BS IV,Chennai,2011,200000,First,12.8,2494.0,102.0,7.0,4.78 Lakh,9.0,4.78,False,False,True,14,0.703125
5203,Volkswagen Polo Diesel Highline 1.2L,Chennai,2017,26969,First,22.07,1199.0,73.9,5.0,4.78 Lakh,6.9,4.78,False,False,True,8,0.3126415949252379
5204,Ford Figo Diesel ZXI,Chennai,2011,56500,First,20.0,1399.0,68.0,5.0,4.78 Lakh,2.9,4.78,False,False,True,14,0.145
5205,Nissan Terrano XL Plus 85 PS,Kolkata,2014,40000,First,20.45,1461.0,83.8,5.0,4.78 Lakh,5.75,4.78,False,False,True,11,0.28117359413202936
5206,Force One LX 4x4,Kolkata,2014,41000,First,17.0,2200.0,139.01,7.0,4.78 Lakh,8.0,4.78,False,False,True,11,0.47058823529411764
5207,Renault KWID 1.0 RXT Optional AMT,Kochi,2017,53105,First,22.5,999.0,67.0,5.0,4.93 Lakh,4.41,4.93,False,True,False,8,0.196
5208,Skoda Rapid 1.5 TDI Elegance,Mumbai,2013,23000,First,21.14,1498.0,103.52,5.0,4.78 Lakh,4.95,4.78,False,False,True,12,0.23415326395458846
5209,Mahindra XUV500 AT W10 FWD,Hyderabad,2016,80999,First,16.0,2179.0,140.0,7.0,4.78 Lakh,14.4,4.78,False,False,False,9,0.9
5210,Ford Figo Diesel Titanium,Chennai,2012,82000,First,20.0,1399.0,68.05,5.0,4.78 Lakh,2.95,4.78,False,False,True,13,0.14750000000000002
5211,Mahindra Bolero ZLX,Coimbatore,2017,68557,First,15.96,2523.0,62.1,7.0,11.28 Lakh,8.14,11.28,False,False,True,8,0.5100250626566416
5212,Volkswagen Vento 1.5 TDI Highline,Hyderabad,2016,34000,First,20.64,1498.0,108.5,5.0,14.2 Lakh,8.45,14.2,False,False,True,9,0.4093992248062015
5213,Toyota Innova 2.5 VX (Diesel) 8 Seater BS IV,Pune,2015,77000,First,12.99,2494.0,100.0,8.0,4.78 Lakh,12.5,4.78,False,False,True,10,0.962278675904542
5214,Mahindra XUV500 W8 2WD,Mumbai,2012,48000,First,15.1,2179.0,140.0,7.0,4.78 Lakh,6.5,4.78,False,False,True,13,0.43046357615894043
5215,Ford Ecosport 1.5 Ti VCT MT Titanium,Coimbatore,2015,28232,Second,15.8,1499.0,110.0,5.0,4.78 Lakh,7.72,4.78,False,True,True,10,0.4886075949367088
5216,Volkswagen Jetta 2012-2014 2.0L TDI Highline AT,Chennai,2011,110000,First,16.96,1968.0,138.1,5.0,4.78 Lakh,8.0,4.78,False,False,False,14,0.4716981132075471
5217,Tata New Safari DICOR 2.2 VX 4x4,Chennai,2009,120000,Second,13.93,2179.0,138.0,7.0,4.78 Lakh,3.0,4.78,False,False,True,16,0.21536252692031588
5218,BMW 3 Series 330d Convertible,Mumbai,2013,49000,First,8.2,2993.0,245.0,4.0,4.78 Lakh,29.0,4.78,False,False,False,12,3.536585365853659
5219,Volkswagen Polo 1.2 MPI Highline,Kolkata,2014,22000,First,16.47,1198.0,74.0,5.0,4.78 Lakh,4.11,4.78,False,True,True,11,0.24954462659380697
5220,Hyundai i20 Magna Optional 1.2,Coimbatore,2015,14925,First,18.5,1197.0,82.9,5.0,4.78 Lakh,5.37,4.78,False,True,True,10,0.2902702702702703
5221,Maruti Ertiga ZDI,Mumbai,2013,75000,First,20.77,1248.0,88.8,7.0,4.78 Lakh,6.55,4.78,False,False,True,12,0.3153586904188734
5222,Honda City i VTEC V,Chennai,2015,23000,First,17.4,1497.0,117.3,5.0,4.78 Lakh,7.0,4.78,False,True,True,10,0.40229885057471265
5223,Honda City 1.5 S MT,Mumbai,2014,57000,First,17.0,1497.0,118.0,5.0,4.78 Lakh,5.48,4.78,False,True,True,11,0.3223529411764706
5224,Volkswagen Jetta 2013-2015 2.0L TDI Highline AT,Kochi,2013,76718,First,16.96,1968.0,138.03,5.0,4.78 Lakh,6.51,4.78,False,False,False,12,0.3838443396226415
5225,Honda Amaze VX i-DTEC,Pune,2016,138000,First,25.8,1498.0,98.6,5.0,4.78 Lakh,5.15,4.78,False,False,True,9,0.19961240310077522
5226,Mahindra XUV500 W8 2WD,Hyderabad,2013,140000,Second,15.1,2179.0,140.0,7.0,4.78 Lakh,9.0,4.78,False,False,True,12,0.5960264900662252
5227,Toyota Corolla Altis VL,Mumbai,2008,110000,Second,14.53,1798.0,138.1,5.0,4.78 Lakh,2.75,4.78,False,True,False,17,0.18926359256710257
5229,BMW 3 Series 320d,Bangalore,2012,73000,First,22.69,1995.0,190.0,5.0,48.79 Lakh,12.5,48.79,False,False,False,13,0.5509034817100044
5230,Ford EcoSport 1.5 Diesel Trend,Kochi,2017,63423,First,23.0,1498.0,98.96,5.0,10.42 Lakh,7.69,10.42,False,False,True,8,0.3343478260869565
5231,Hyundai i20 Asta Optional with Sunroof 1.2,Kochi,2013,62132,First,18.5,1197.0,82.85,5.0,4.78 Lakh,4.57,4.78,False,True,True,12,0.24702702702702703
5232,Honda City 1.5 S AT,Mumbai,2013,51000,First,16.8,1497.0,118.0,5.0,4.78 Lakh,4.5,4.78,False,True,False,12,0.26785714285714285
5233,Maruti Ritz VDI (ABS) BS IV,Hyderabad,2015,75000,First,23.2,1248.0,73.94,5.0,4.78 Lakh,4.9,4.78,False,False,True,10,0.21120689655172417
5234,Hyundai i10 Era 1.1,Kolkata,2008,55410,First,19.81,1086.0,68.05,5.0,4.78 Lakh,1.65,4.78,False,True,True,17,0.08329126703685008
5235,Chevrolet Sail 1.2 LS,Mumbai,2015,41000,First,18.2,1199.0,82.4,5.0,4.78 Lakh,3.25,4.78,False,True,True,10,0.17857142857142858
5236,Hyundai Verna 1.6 SX CRDi (O),Chennai,2012,45000,First,22.32,1582.0,126.32,5.0,4.78 Lakh,6.25,4.78,False,False,True,13,0.2800179211469534
5237,Hyundai Creta 1.6 SX Option,Kochi,2018,53322,First,15.8,1591.0,121.3,5.0,16.06 Lakh,12.13,16.06,False,True,True,7,0.7677215189873418
5238,Chevrolet Sail 1.2 LS,Jaipur,2013,48000,First,18.2,1199.0,82.4,5.0,4.78 Lakh,3.25,4.78,False,True,True,12,0.17857142857142858
5239,Audi Q5 2.0 TDI,Hyderabad,2013,72000,First,14.16,1968.0,174.3,5.0,4.78 Lakh,29.0,4.78,False,False,False,12,2.0480225988700567
5240,Honda City 1.5 V MT Exclusive,Kochi,2013,50266,First,17.0,1497.0,118.0,5.0,4.78 Lakh,5.53,4.78,False,True,True,12,0.32529411764705884
5241,Ford EcoSport 1.5 Petrol Titanium,Hyderabad,2017,21800,First,17.0,1497.0,121.36,5.0,11.27 Lakh,8.75,11.27,False,True,True,8,0.5147058823529411
5242,Audi Q7 3.0 TDI Quattro Premium Plus,Bangalore,2014,45000,Second,12.07,2967.0,241.4,7.0,4.78 Lakh,37.9,4.78,False,False,False,11,3.1400165700082847
5243,Hyundai i10 Magna 1.2,Delhi,2010,62000,First,20.36,1197.0,78.9,5.0,4.78 Lakh,2.4,4.78,False,True,True,15,0.11787819253438114
5244,Hyundai i20 1.2 Asta,Chennai,2014,41681,First,17.0,1197.0,80.0,5.0,4.78 Lakh,4.55,4.78,False,True,True,11,0.2676470588235294
5245,Maruti Swift Dzire 1.2 Vxi BSIV,Delhi,2011,69313,Second,17.5,1197.0,85.8,5.0,4.78 Lakh,2.65,4.78,False,True,True,14,0.1514285714285714
5246,Tata Indica V2 eLX,Pune,2017,49000,Second,25.0,1396.0,69.0,5.0,4.78 Lakh,1.6,4.78,False,False,True,8,0.064
5247,BMW 5 Series 2010-2013 530d,Coimbatore,2012,40471,Second,16.2,2993.0,235.0,5.0,4.78 Lakh,25.72,4.78,False,False,False,13,1.5876543209876544
5248,Maruti Swift VDI,Ahmedabad,2013,60000,First,22.9,1248.0,74.0,5.0,4.78 Lakh,4.15,4.78,False,False,True,12,0.18122270742358082
5249,Ford Freestyle Titanium Plus Petrol,Jaipur,2018,1001,First,19.0,1194.0,94.68,5.0,8.44 Lakh,7.23,8.44,False,True,True,7,0.3805263157894737
5250,Hyundai Verna XXi ABS (Petrol),Bangalore,2008,38000,Second,13.9,1599.0,103.2,5.0,4.78 Lakh,2.6,4.78,False,True,True,17,0.18705035971223022
5251,BMW 3 Series 320d Highline,Mumbai,2008,66000,Second,16.07,1995.0,181.0,5.0,4.78 Lakh,7.25,4.78,False,False,False,17,0.45115121344119474
5252,Toyota Innova 2.5 G4 Diesel 8-seater,Kochi,2017,33901,First,12.8,2494.0,102.0,8.0,4.78 Lakh,14.29,4.78,False,False,True,8,1.1164062499999998
5253,Mercedes-Benz New C-Class C 250 CDI Elegance,Hyderabad,2011,57000,Second,14.94,2143.0,204.0,5.0,4.78 Lakh,17.25,4.78,False,False,False,14,1.1546184738955825
5254,Hyundai Elantra 1.6 SX,Pune,2013,170000,First,22.54,1582.0,126.2,5.0,20.87 Lakh,7.5,20.87,False,False,True,12,0.33274179236912155
5255,Maruti Ritz ZDi,Hyderabad,2014,60000,First,23.2,1248.0,73.94,5.0,4.78 Lakh,4.35,4.78,False,False,True,11,0.1875
5256,Maruti Vitara Brezza ZDi Plus Dual Tone,Pune,2016,85000,First,24.3,1248.0,88.5,5.0,11.96 Lakh,8.9,11.96,False,False,True,9,0.3662551440329218
5257,Hyundai Xcent 1.2 Kappa S,Kolkata,2016,146000,Second,19.1,1197.0,82.0,5.0,4.78 Lakh,3.5,4.78,False,True,True,9,0.18324607329842932
5258,Honda City i DTEC V,Kolkata,2014,56002,First,26.0,1498.0,98.6,5.0,4.78 Lakh,6.1,4.78,False,False,True,11,0.23461538461538461
5259,Renault KWID RXT,Mumbai,2016,8554,First,25.17,799.0,53.3,5.0,4.78 Lakh,3.2,4.78,False,True,True,9,0.12713547874453715
5260,Toyota Etios Cross 1.4L VD,Jaipur,2014,62322,First,23.59,1364.0,67.06,5.0,9.55 Lakh,4.9,9.55,False,False,True,11,0.20771513353115728
5261,Maruti Alto K10 VXI,Kochi,2015,37929,First,24.07,998.0,67.1,5.0,4.09 Lakh,3.69,4.09,False,True,True,10,0.15330286663896966
5262,Tata Tiago 1.2 Revotron XM Option,Chennai,2016,5400,First,23.84,1199.0,84.0,5.0,5.45 Lakh,3.98,5.45,False,True,True,9,0.1669463087248322
5263,Hyundai i20 1.4 CRDi Magna,Kolkata,2013,60000,First,21.9,1396.0,90.0,5.0,4.78 Lakh,2.95,4.78,False,False,True,12,0.13470319634703198
5264,Audi A4 2.0 TDI,Kochi,2014,55730,First,16.55,1968.0,147.51,5.0,4.78 Lakh,15.21,4.78,False,False,False,11,0.9190332326283988
5265,Maruti Swift VDI,Hyderabad,2015,62000,First,28.4,1248.0,74.0,5.0,4.78 Lakh,6.3,4.78,False,False,True,10,0.22183098591549297
5266,Volkswagen Ameo 1.2 MPI Highline,Kochi,2017,14576,First,17.0,1198.0,73.75,5.0,8.38 Lakh,6.69,8.38,False,True,True,8,0.3935294117647059
5267,Honda BRV i-VTEC V CVT,Mumbai,2017,17000,First,16.0,1497.0,117.3,7.0,15.02 Lakh,9.5,15.02,False,True,False,8,0.59375
5268,Hyundai i20 Asta,Mumbai,2009,28000,First,17.0,1197.0,80.0,5.0,4.78 Lakh,2.65,4.78,False,True,True,16,0.15588235294117647
5269,Hyundai Santa Fe 4X4,Ahmedabad,2012,58200,First,14.66,2199.0,194.3,7.0,4.78 Lakh,7.5,4.78,False,False,True,13,0.5115961800818554
5270,Honda City 1.5 GXI,Bangalore,2002,53000,Second,0.0,1197.0,74.0,5.0,4.78 Lakh,1.85,4.78,False,True,True,23,
5271,Maruti Celerio ZXI Optional AMT,Kochi,2018,12278,First,23.1,998.0,67.04,5.0,5.95 Lakh,5.63,5.95,False,True,False,7,0.2437229437229437
5272,Hyundai Creta 1.6 SX,Coimbatore,2018,17665,First,15.8,1591.0,121.3,5.0,15.36 Lakh,11.78,15.36,False,True,True,7,0.7455696202531645
5273,Tata Indica V2 DL BSIII,Hyderabad,2004,200000,Second,17.88,1396.0,52.8,5.0,4.78 Lakh,0.85,4.78,False,False,True,21,0.04753914988814318
5274,Volkswagen Vento Petrol Highline,Mumbai,2011,55893,First,15.04,1598.0,103.6,5.0,4.78 Lakh,3.35,4.78,False,True,True,14,0.2227393617021277
5275,Maruti Celerio VXI,Kochi,2015,60586,First,23.1,998.0,67.04,5.0,4.78 Lakh,4.11,4.78,False,True,True,10,0.17792207792207793
5276,Mercedes-Benz CLA 200 D Sport Edition,Ahmedabad,2015,13500,First,17.9,2143.0,136.0,5.0,4.78 Lakh,25.51,4.78,False,False,False,10,1.4251396648044694
5277,Maruti Alto 800 LXI,Jaipur,2017,30000,First,22.74,796.0,47.3,5.0,4.78 Lakh,3.1,4.78,False,True,True,8,0.1363236587510994
5278,Ford Endeavour 3.2 Titanium AT 4X4,Delhi,2018,12000,First,10.91,3198.0,197.0,7.0,4.78 Lakh,33.5,4.78,False,False,False,7,3.07057745187901
5279,Tata Zest Revotron 1.2T XE,Kolkata,2017,65000,First,17.57,1193.0,88.7,5.0,6.59 Lakh,4.8,6.59,False,True,True,8,0.2731929425156517
5280,Volkswagen Vento 1.6 Comfortline,Kolkata,2014,38000,First,16.09,1598.0,103.5,5.0,10.94 Lakh,3.49,10.94,False,True,True,11,0.21690490988191424
5281,Maruti Ertiga ZXI,Mumbai,2012,25000,Second,17.5,1373.0,91.1,7.0,4.78 Lakh,5.15,4.78,False,True,True,13,0.2942857142857143
5282,Mercedes-Benz M-Class ML 350 CDI Corporate,Mumbai,2011,100000,First,14.0,2987.0,224.0,5.0,4.78 Lakh,14.41,4.78,False,False,False,14,1.0292857142857144
5283,Volkswagen Polo 1.2 MPI Highline,Mumbai,2014,13710,First,16.2,1199.0,74.0,5.0,4.78 Lakh,4.75,4.78,False,True,True,11,0.2932098765432099
5284,Toyota Fortuner 4x2 AT,Jaipur,2015,100000,First,12.55,2982.0,168.5,7.0,4.78 Lakh,19.0,4.78,False,False,False,10,1.5139442231075697
5285,Maruti Celerio VXI,Hyderabad,2017,17000,First,23.1,998.0,67.04,5.0,4.78 Lakh,4.9,4.78,False,True,True,8,0.21212121212121213
5286,BMW 3 Series 320d Corporate Edition,Chennai,2008,89000,Second,16.07,1995.0,181.0,4.0,4.78 Lakh,6.3,4.78,False,False,False,17,0.39203484754200374
5287,Honda City ZX VTEC,Jaipur,2006,100173,Second,16.9,1497.0,100.0,5.0,4.78 Lakh,2.4,4.78,False,True,True,19,0.14201183431952663
5288,Mitsubishi Cedia Sports,Pune,2009,97000,First,13.17,1999.0,114.0,5.0,4.78 Lakh,3.0,4.78,False,True,True,16,0.22779043280182232
5289,Renault Pulse Petrol RxL,Delhi,2016,40190,First,18.06,1198.0,74.93,5.0,4.78 Lakh,4.25,4.78,False,True,True,9,0.2353266888150609
5290,Volkswagen Polo 1.5 TDI Highline,Hyderabad,2016,29647,First,20.14,1498.0,88.0,5.0,10.15 Lakh,6.3,10.15,False,False,True,9,0.3128103277060576
5291,Maruti Baleno RS Petrol,Kochi,2018,43639,First,21.1,998.0,100.0,5.0,9.83 Lakh,8.15,9.83,False,True,True,7,0.3862559241706161
5292,Hyundai i10 Magna,Kochi,2012,37333,First,20.36,1197.0,78.9,5.0,4.78 Lakh,3.22,4.78,False,True,True,13,0.1581532416502947
5293,Hyundai i20 1.2 Spotz,Kochi,2018,48407,First,18.6,1197.0,81.83,5.0,4.78 Lakh,7.65,4.78,False,True,True,7,0.41129032258064513
5294,BMW Z4 2009-2013 35i,Delhi,2011,25000,First,10.37,2979.0,306.0,2.0,4.78 Lakh,30.0,4.78,False,True,False,14,2.8929604628736745
5295,Hyundai i10 Sportz 1.2,Pune,2010,72400,Second,20.36,1197.0,78.9,5.0,4.78 Lakh,2.3,4.78,False,True,True,15,0.11296660117878192
5296,Mini Cooper S Carbon Edition,Delhi,2012,18000,First,13.6,1598.0,181.0,4.0,4.78 Lakh,22.0,4.78,False,True,False,13,1.6176470588235294
5297,Honda Brio V MT,Pune,2012,65167,First,19.4,1198.0,86.8,5.0,4.78 Lakh,3.28,4.78,False,True,True,13,0.16907216494845362
5298,Maruti Ciaz ZXi Option,Kochi,2016,25418,First,20.73,1373.0,91.2,5.0,4.78 Lakh,7.09,4.78,False,True,True,9,0.34201640135069944
5299,Maruti Swift Dzire ZDi,Coimbatore,2013,38995,First,19.3,1248.0,73.9,5.0,4.78 Lakh,6.46,4.78,False,False,True,12,0.33471502590673574
5300,Volkswagen Polo Diesel Comfortline 1.2L,Chennai,2012,60000,First,22.07,1199.0,73.9,5.0,4.78 Lakh,4.0,4.78,False,False,True,13,0.1812415043044857
5301,BMW X1 sDrive20d,Delhi,2011,72000,First,17.05,1995.0,184.0,5.0,4.78 Lakh,11.0,4.78,False,False,False,14,0.6451612903225806
5302,Audi Q7 3.0 TDI Quattro Premium Plus,Coimbatore,2016,31075,Second,12.07,2967.0,241.4,7.0,4.78 Lakh,49.79,4.78,False,False,False,9,4.125103562551781
5303,Ford Figo 1.5D Trend MT,Kolkata,2015,4311,First,25.83,1498.0,99.0,5.0,4.78 Lakh,4.8,4.78,False,False,True,10,0.18583042973286876
5304,BMW 3 Series Luxury Line,Bangalore,2017,21000,First,21.76,1995.0,190.0,5.0,62.07 Lakh,35.0,62.07,False,False,False,8,1.6084558823529411
5305,Mercedes-Benz M-Class ML 350 CDI Corporate,Bangalore,2011,54000,First,14.0,2987.0,224.0,5.0,4.78 Lakh,21.99,4.78,False,False,False,14,1.5707142857142855
5306,Maruti Wagon R LX BSIII,Mumbai,2007,50000,Second,17.3,1061.0,64.0,5.0,4.78 Lakh,1.1,4.78,False,True,True,18,0.06358381502890173
5307,Maruti Baleno Zeta 1.2,Delhi,2018,13000,First,21.4,1197.0,83.1,5.0,4.78 Lakh,6.6,4.78,False,True,True,7,0.308411214953271
5308,Maruti Dzire VXI,Pune,2013,74000,First,22.0,1197.0,81.8,5.0,7.67 Lakh,4.5,7.67,False,True,True,12,0.20454545454545456
5309,Chevrolet Aveo U-VA 1.2 LT,Pune,2009,75000,Second,14.7,1150.0,76.0,5.0,4.78 Lakh,1.0,4.78,False,True,True,16,0.06802721088435375
5310,Volkswagen Polo 1.5 TDI Highline,Chennai,2017,25000,First,20.14,1498.0,88.0,5.0,9.97 Lakh,6.9,9.97,False,False,True,8,0.3426017874875869
5311,Land Rover Freelander 2 TD4 SE,Hyderabad,2012,139000,First,0.0,2179.0,115.0,5.0,4.78 Lakh,16.75,4.78,False,False,False,13,
5312,Audi Q5 30 TDI quattro Premium,Mumbai,2015,52000,First,14.16,1968.0,174.3,5.0,4.78 Lakh,25.49,4.78,False,False,False,10,1.800141242937853
5313,Audi A6 35 TDI Matrix,Chennai,2015,20000,First,18.53,1968.0,187.74,5.0,67.67 Lakh,35.5,67.67,False,False,False,10,1.9158121964382082
5314,Hyundai Grand i10 1.2 CRDi Sportz,Kochi,2018,32663,First,24.0,1186.0,73.97,5.0,8.18 Lakh,6.28,8.18,False,False,True,7,0.26166666666666666
5315,Mahindra Scorpio SLE BSIV,Delhi,2012,76777,Second,12.05,2179.0,120.0,8.0,4.78 Lakh,4.88,4.78,False,False,True,13,0.40497925311203314
5316,Tata Bolt Quadrajet XE,Hyderabad,2016,100303,First,22.95,1248.0,74.0,5.0,7.43 Lakh,3.7,7.43,False,False,True,9,0.16122004357298475
5317,Hyundai EON Era Plus,Kochi,2015,43993,First,21.1,814.0,55.2,5.0,4.78 Lakh,3.45,4.78,False,True,True,10,0.16350710900473933
5318,Mahindra Scorpio S8 8 Seater,Kochi,2016,72118,First,15.4,2179.0,120.0,8.0,4.78 Lakh,10.23,4.78,False,False,True,9,0.6642857142857143
5319,Honda Accord 2001-2003 2.0 AT,Bangalore,2010,83000,Second,11.1,2354.0,142.0,5.0,4.78 Lakh,6.5,4.78,False,True,False,15,0.5855855855855856
5320,Volkswagen Polo 1.2 MPI Highline,Mumbai,2016,7523,First,16.2,1199.0,74.0,5.0,4.78 Lakh,6.15,4.78,False,True,True,9,0.37962962962962965
5321,Maruti Eeco 7 Seater Standard,Mumbai,2014,34670,First,15.1,1196.0,73.0,7.0,4.71 Lakh,2.9,4.71,False,True,True,11,0.19205298013245034
5322,Hyundai Grand i10 CRDi Sportz,Ahmedabad,2016,30000,First,24.0,1120.0,70.0,5.0,4.78 Lakh,5.5,4.78,False,False,True,9,0.22916666666666666
5323,Ford Endeavour 3.2 Titanium AT 4X4,Chennai,2017,17000,First,10.91,3198.0,197.0,7.0,4.78 Lakh,31.0,4.78,False,False,False,8,2.841429880843263
5324,Hyundai Grand i10 1.2 CRDi Sportz,Delhi,2015,59261,First,24.0,1186.0,73.97,5.0,8.18 Lakh,4.25,8.18,False,False,True,10,0.17708333333333334
5325,Maruti Swift VDI,Kochi,2016,65210,First,22.9,1248.0,74.0,5.0,4.78 Lakh,5.48,4.78,False,False,True,9,0.23930131004366817
5326,Hyundai i20 1.2 Asta Option,Bangalore,2016,19000,First,18.6,1197.0,81.83,5.0,4.78 Lakh,7.25,4.78,False,True,True,9,0.3897849462365591
5327,Maruti Swift Dzire VXi,Hyderabad,2012,50000,First,17.5,1298.0,85.8,5.0,4.78 Lakh,3.0,4.78,False,True,True,13,0.17142857142857143
5328,BMW 3 Series 320d Luxury Line,Hyderabad,2015,47000,First,22.69,1995.0,190.0,5.0,53.68 Lakh,29.5,53.68,False,False,False,10,1.3001322168356104
5329,Honda City ZX GXi,Mumbai,2007,75000,Second,17.7,1497.0,78.0,5.0,4.78 Lakh,1.49,4.78,False,True,True,18,0.08418079096045199
5330,Hyundai i10 Sportz 1.2 AT,Pune,2013,54534,First,16.95,1197.0,78.9,5.0,4.78 Lakh,3.65,4.78,False,True,False,12,0.2153392330383481
5331,Ford Ecosport Signature Edition Diesel,Ahmedabad,2018,13000,First,23.0,1498.0,98.96,5.0,12.12 Lakh,10.9,12.12,False,False,True,7,0.4739130434782609
5332,Maruti Celerio ZXI MT,Bangalore,2015,48808,First,23.1,998.0,67.04,5.0,6.05 Lakh,4.3,6.05,False,True,True,10,0.18614718614718612
5333,Maruti Ertiga VDI,Pune,2012,63001,Second,20.77,1248.0,88.76,7.0,4.78 Lakh,6.11,4.78,False,False,True,13,0.29417428984111704
5334,Toyota Innova 2.5 V Diesel 8-seater,Hyderabad,2015,64771,First,12.8,2494.0,102.0,8.0,4.78 Lakh,15.5,4.78,False,False,True,10,1.2109375
5335,Honda City i VTEC SV,Mumbai,2016,34634,First,17.8,1497.0,117.3,5.0,4.78 Lakh,6.9,4.78,False,True,True,9,0.38764044943820225
5336,Maruti Swift Dzire VXI,Bangalore,2012,69242,First,19.1,1197.0,85.8,5.0,4.78 Lakh,4.69,4.78,False,True,True,13,0.24554973821989529
5337,Maruti Ritz LXi,Kochi,2011,33292,First,18.5,1197.0,85.8,5.0,4.78 Lakh,3.19,4.78,False,True,True,14,0.17243243243243242
5338,Hyundai i20 Sportz AT 1.4,Pune,2012,55000,Second,15.0,1396.0,98.6,5.0,4.78 Lakh,3.75,4.78,False,True,False,13,0.25
5339,Hyundai i20 Active SX Dual Tone Petrol,Pune,2019,1000,First,17.19,1197.0,81.86,5.0,10.25 Lakh,8.6,10.25,False,True,True,6,0.5002908667830134
5340,Honda City 1.5 E MT,Chennai,2011,80000,Second,17.0,1497.0,118.0,5.0,4.78 Lakh,3.85,4.78,False,True,True,14,0.22647058823529412
5341,Porsche Cayenne S Diesel,Coimbatore,2016,65003,First,13.6,4134.0,382.0,5.0,4.78 Lakh,67.83,4.78,False,False,False,9,4.9875
5342,Honda Amaze VX i-VTEC,Coimbatore,2019,16573,First,17.8,1198.0,86.7,5.0,4.78 Lakh,9.31,4.78,False,True,True,6,0.5230337078651686
5343,Honda Civic 2006-2010 1.8 S AT,Pune,2008,152633,First,12.9,1799.0,130.0,5.0,4.78 Lakh,3.0,4.78,False,True,False,17,0.23255813953488372
5344,Hyundai i20 Magna 1.2,Bangalore,2015,53000,First,18.6,1197.0,81.83,5.0,4.78 Lakh,5.5,4.78,False,True,True,10,0.29569892473118276
5345,Hyundai Creta 1.6 CRDi SX,Hyderabad,2017,50129,First,19.67,1582.0,126.2,5.0,4.78 Lakh,13.3,4.78,False,False,True,8,0.6761565836298932
5346,Audi Q3 2012-2015 2.0 TDI Quattro Premium Plus,Hyderabad,2013,63716,First,15.73,1968.0,174.33,5.0,4.78 Lakh,23.0,4.78,False,False,False,12,1.4621741894469167
5347,Maruti Alto 800 2016-2019 LXI,Mumbai,2018,11000,First,24.7,796.0,47.3,5.0,4.78 Lakh,3.35,4.78,False,True,True,7,0.13562753036437247
5348,BMW X1 sDrive 20d Exclusive,Chennai,2012,115000,Third,15.06,1995.0,177.0,5.0,4.78 Lakh,10.0,4.78,False,False,False,13,0.6640106241699867
5349,Hyundai i10 Magna,Delhi,2013,63265,First,20.36,1197.0,78.9,5.0,4.78 Lakh,2.95,4.78,False,True,True,12,0.14489194499017682
5350,Volkswagen Ameo 1.5 TDI Highline,Pune,2016,20000,First,21.66,1498.0,108.62,5.0,10.04 Lakh,6.75,10.04,False,False,True,9,0.31163434903047094
5351,Volkswagen Polo Petrol Highline 1.2L,Pune,2010,79000,Third,16.47,1198.0,73.9,5.0,4.78 Lakh,2.44,4.78,False,True,True,15,0.14814814814814817
5352,Maruti Ciaz VXi Plus,Mumbai,2015,41000,First,20.73,1373.0,91.1,5.0,4.78 Lakh,5.85,4.78,False,True,True,10,0.2821997105643994
5353,Volkswagen Polo GT TSI,Kochi,2015,26323,First,17.21,1197.0,103.5,5.0,10.83 Lakh,7.4,10.83,False,True,False,10,0.4299825682742591
5354,Hyundai Xcent 1.1 CRDi Base,Pune,2016,76000,First,24.4,1120.0,71.0,5.0,4.78 Lakh,3.8,4.78,False,False,True,9,0.1557377049180328
5355,Honda Civic 2006-2010 1.8 S MT,Hyderabad,2008,69972,First,13.5,1799.0,130.0,5.0,4.78 Lakh,3.8,4.78,False,True,True,17,0.28148148148148144
5356,Honda City ZX GXi,Kolkata,2008,69000,First,17.7,1497.0,78.0,5.0,4.78 Lakh,2.7,4.78,False,True,True,17,0.15254237288135594
5357,Mahindra Bolero ZLX,Jaipur,2016,65000,First,15.96,2523.0,62.1,7.0,11.15 Lakh,7.21,11.15,False,False,True,9,0.45175438596491224
5358,Honda City i VTEC V,Hyderabad,2016,29512,First,17.4,1497.0,117.3,5.0,4.78 Lakh,7.9,4.78,False,True,True,9,0.4540229885057472
5359,Hyundai Xcent 1.2 CRDi S,Kolkata,2017,51000,First,25.4,1186.0,73.97,5.0,8.23 Lakh,4.2,8.23,False,False,True,8,0.16535433070866143
5360,Renault Duster 110PS Diesel RxL,Mumbai,2014,58003,First,19.01,1461.0,108.45,5.0,4.78 Lakh,5.75,4.78,False,False,True,11,0.30247238295633877
5361,Maruti A-Star AT VXI,Hyderabad,2013,56500,First,16.98,998.0,66.1,5.0,4.78 Lakh,3.45,4.78,False,True,False,12,0.20318021201413428
5362,Audi A4 2.0 TDI 177 Bhp Premium Plus,Bangalore,2014,29063,First,17.11,1968.0,174.33,5.0,4.78 Lakh,25.75,4.78,False,False,False,11,1.5049678550555232
5363,Mahindra XUV500 W8 2WD,Coimbatore,2018,46811,First,16.0,2179.0,140.0,7.0,4.78 Lakh,16.59,4.78,False,False,True,7,1.036875
5364,Renault Pulse Petrol RxZ,Coimbatore,2014,31897,First,18.06,1198.0,74.96,5.0,4.78 Lakh,4.69,4.78,False,True,True,11,0.2596899224806202
5365,BMW 3 Series 320d,Mumbai,2009,52100,Second,13.2,1995.0,170.0,5.0,4.78 Lakh,7.5,4.78,False,False,False,16,0.5681818181818182
5366,Toyota Innova Crysta 2.4 GX MT,Hyderabad,2016,73000,First,13.68,2393.0,147.8,7.0,19.37 Lakh,16.5,19.37,False,False,True,9,1.206140350877193
5367,Honda City 1.5 S MT,Kolkata,2009,31423,First,17.0,1497.0,118.0,5.0,4.78 Lakh,1.99,4.78,False,True,True,16,0.11705882352941177
5368,Maruti Swift VDI,Chennai,2014,75180,First,22.9,1248.0,74.0,5.0,4.78 Lakh,5.25,4.78,False,False,True,11,0.2292576419213974
5369,Renault Duster 110PS Diesel RxZ Plus,Mumbai,2013,75000,Second,19.64,1461.0,108.45,5.0,4.78 Lakh,5.4,4.78,False,False,True,12,0.274949083503055
5370,Volkswagen Polo 1.2 MPI Comfortline,Mumbai,2014,15000,First,16.47,1198.0,74.0,5.0,4.78 Lakh,3.9,4.78,False,True,True,11,0.23679417122040075
5371,Hyundai i20 Active 1.2 S,Mumbai,2015,12000,First,17.19,1197.0,81.86,5.0,4.78 Lakh,5.8,4.78,False,True,True,10,0.3374054682955206
5372,BMW 5 Series 2013-2017 520d Luxury Line,Pune,2014,32000,First,18.12,1995.0,190.0,5.0,4.78 Lakh,30.5,4.78,False,False,False,11,1.683222958057395
5373,Maruti Swift Dzire LDI,Hyderabad,2017,44504,First,23.4,1248.0,74.0,5.0,4.78 Lakh,5.6,4.78,False,False,True,8,0.23931623931623933
5374,Mercedes-Benz M-Class ML 350 4Matic,Ahmedabad,2012,66000,First,0.0,2987.0,165.0,5.0,4.78 Lakh,23.0,4.78,False,False,False,13,
5375,Maruti Swift LDI,Jaipur,2015,39437,First,28.4,1248.0,74.0,5.0,7.01 Lakh,5.15,7.01,False,False,True,10,0.1813380281690141
5376,Hyundai Verna 1.6 CRDI AT SX Option,Coimbatore,2017,36931,First,19.08,1582.0,126.2,5.0,4.78 Lakh,9.48,4.78,False,False,False,8,0.49685534591194974
5377,Tata Nano XTA,Bangalore,2016,17800,Second,21.9,624.0,37.48,4.0,4.78 Lakh,2.38,4.78,False,True,False,9,0.108675799086758
5378,Maruti Swift Dzire LXi,Hyderabad,2009,71346,First,17.5,1298.0,85.8,5.0,4.78 Lakh,3.8,4.78,False,True,True,16,0.21714285714285714
5379,Hyundai i20 Asta Option 1.2,Delhi,2015,45000,Second,18.6,1197.0,81.83,5.0,4.78 Lakh,5.5,4.78,False,True,True,10,0.29569892473118276
5380,Hyundai i20 1.2 Sportz,Hyderabad,2010,85155,First,17.0,1197.0,80.0,5.0,4.78 Lakh,3.55,4.78,False,True,True,15,0.20882352941176469
5381,Maruti Ciaz ZXi,Mumbai,2015,48823,First,20.73,1373.0,91.1,5.0,4.78 Lakh,6.35,4.78,False,True,True,10,0.306319343945972
5382,Land Rover Range Rover 2.2L Prestige,Delhi,2015,37000,First,12.7,2179.0,187.7,5.0,4.78 Lakh,36.0,4.78,False,False,False,10,2.834645669291339
5383,Tata Indigo LX BSII,Hyderabad,2005,92000,Second,16.1,1405.0,70.0,5.0,4.78 Lakh,1.1,4.78,False,False,True,20,0.06832298136645963
5384,Tata Zest Revotron 1.2T XM,Mumbai,2014,36000,First,17.57,1193.0,88.7,5.0,7.63 Lakh,3.7,7.63,False,True,True,11,0.21058622652248152
5385,Mahindra XUV500 W10 1.99 mHawk,Delhi,2016,24569,First,16.0,1997.0,140.0,7.0,4.78 Lakh,13.5,4.78,False,False,True,9,0.84375
5386,Honda Accord 2.4 AT,Mumbai,2008,95000,Third,11.7,2354.0,177.6,5.0,4.78 Lakh,2.85,4.78,False,True,False,17,0.2435897435897436
5387,Tata Nano Twist XT,Coimbatore,2015,25811,Second,25.4,624.0,37.5,4.0,4.78 Lakh,2.13,4.78,False,True,True,10,0.08385826771653543
5388,Hyundai Elantra CRDi S,Ahmedabad,2015,65000,First,22.7,1582.0,126.2,5.0,4.78 Lakh,7.75,4.78,False,False,True,10,0.34140969162995594
5389,Tata Indica V2 eLS,Chennai,2017,100400,First,25.0,1396.0,69.0,5.0,4.78 Lakh,2.85,4.78,False,False,True,8,0.114
5390,Honda Amaze S i-Dtech,Jaipur,2014,76414,First,25.8,1498.0,98.6,5.0,4.78 Lakh,4.95,4.78,False,False,True,11,0.19186046511627908
5391,Mahindra XUV500 W8 2WD,Kochi,2012,82103,First,15.1,2179.0,140.0,7.0,4.78 Lakh,6.2,4.78,False,False,True,13,0.41059602649006627
5392,BMW X3 xDrive 20d Expedition,Pune,2013,98000,First,18.56,1995.0,190.0,5.0,4.78 Lakh,17.5,4.78,False,False,False,12,0.9428879310344829
5393,Hyundai Grand i10 1.2 Kappa Magna,Pune,2010,45252,First,18.9,1197.0,81.86,5.0,6.8 Lakh,2.25,6.8,False,True,True,15,0.11904761904761905
5394,Maruti Baleno Zeta 1.2,Delhi,2017,10300,First,21.4,1197.0,83.1,5.0,4.78 Lakh,6.75,4.78,False,True,True,8,0.31542056074766356
5395,Hyundai Verna 1.6 CRDi AT SX,Kochi,2016,42024,First,19.08,1582.0,126.2,5.0,4.78 Lakh,9.73,4.78,False,False,False,9,0.5099580712788261
5396,Maruti Ertiga VDI,Kochi,2018,51236,First,25.47,1248.0,88.5,7.0,10.83 Lakh,8.49,10.83,False,False,True,7,0.33333333333333337
5397,Mini Cooper S Carbon Edition,Mumbai,2013,52000,First,13.6,1598.0,181.0,4.0,4.78 Lakh,25.0,4.78,False,True,False,12,1.8382352941176472
5398,Maruti Ritz ZDi,Coimbatore,2015,42894,First,23.2,1248.0,73.94,5.0,4.78 Lakh,5.59,4.78,False,False,True,10,0.24094827586206896
5399,Skoda Laura L n K 1.9 PD AT,Mumbai,2011,68000,First,15.6,1896.0,106.0,5.0,4.78 Lakh,4.8,4.78,False,False,False,14,0.3076923076923077
5400,Ford Ecosport 1.5 DV5 MT Titanium Optional,Delhi,2014,69000,First,22.7,1498.0,89.84,5.0,4.78 Lakh,5.45,4.78,False,False,True,11,0.24008810572687225
5401,Hyundai i20 2015-2017 Sportz 1.2,Pune,2017,10000,First,18.6,1197.0,81.83,5.0,4.78 Lakh,6.5,4.78,False,True,True,8,0.3494623655913978
5402,Honda Brio E MT,Chennai,2015,16000,First,19.4,1198.0,86.8,5.0,4.78 Lakh,4.35,4.78,False,True,True,10,0.22422680412371135
5403,Honda Amaze S i-Dtech,Kolkata,2013,46992,First,25.8,1498.0,98.6,5.0,4.78 Lakh,3.75,4.78,False,False,True,12,0.14534883720930233
5404,BMW 5 Series 2003-2012 520d,Pune,2010,170000,Third,18.48,1995.0,177.0,5.0,4.78 Lakh,12.0,4.78,False,False,False,15,0.6493506493506493
5405,Audi Q7 3.0 TDI Quattro Premium Plus,Delhi,2014,58000,First,12.07,2967.0,241.4,7.0,4.78 Lakh,32.0,4.78,False,False,False,11,2.651201325600663
5406,Hyundai Grand i10 CRDi Magna,Jaipur,2015,50000,Second,24.0,1120.0,70.0,5.0,4.78 Lakh,4.0,4.78,False,False,True,10,0.16666666666666666
5407,Nissan Micra Diesel XV,Kolkata,2011,39010,First,23.08,1461.0,63.1,5.0,4.78 Lakh,2.6,4.78,False,False,True,14,0.11265164644714039
5408,Hyundai Grand i10 Sportz,Jaipur,2016,26946,First,18.9,1197.0,82.0,5.0,4.78 Lakh,4.45,4.78,False,True,True,9,0.23544973544973546
5409,Hyundai EON Era,Pune,2015,28700,First,21.1,814.0,55.2,5.0,4.78 Lakh,2.6,4.78,False,True,True,10,0.12322274881516587
5410,Mercedes-Benz New C-Class C250 Avantgarde,Chennai,2011,60000,First,11.74,1796.0,186.0,5.0,4.78 Lakh,16.0,4.78,False,True,False,14,1.362862010221465
5411,Land Rover Range Rover 2.2L Pure,Delhi,2014,38999,First,12.7,2179.0,187.7,5.0,4.78 Lakh,32.5,4.78,False,False,False,11,2.5590551181102366
5412,Mahindra Ssangyong Rexton RX7,Mumbai,2016,39000,First,11.18,2696.0,184.0,7.0,4.78 Lakh,13.85,4.78,False,False,False,9,1.2388193202146691
5413,Maruti Ciaz 1.4 Delta,Coimbatore,2018,7784,First,20.73,1373.0,91.1,5.0,4.78 Lakh,8.76,4.78,False,True,True,7,0.4225759768451519
5414,Mercedes-Benz R-Class R350 4Matic Long,Kochi,2014,45710,First,11.8,3498.0,272.0,7.0,4.78 Lakh,23.68,4.78,False,True,False,11,2.006779661016949
5415,Maruti Dzire AMT VXI,Chennai,2017,42000,First,22.0,1197.0,81.8,5.0,8.13 Lakh,5.5,8.13,False,True,False,8,0.25
5416,Land Rover Range Rover Vogue SE 4.4 SDV8,Coimbatore,2013,75995,Second,11.49,4367.0,335.3,5.0,4.78 Lakh,65.81,4.78,False,False,False,12,5.727589208006963
5417,Renault Duster 110PS Diesel RxZ,Kolkata,2013,57000,First,19.01,1461.0,108.45,5.0,4.78 Lakh,4.99,4.78,False,False,True,12,0.262493424513414
5418,Hyundai Verna 1.6 SX,Chennai,2013,85350,Second,22.32,1582.0,126.32,5.0,4.78 Lakh,5.7,4.78,False,False,True,12,0.2553763440860215
5419,Toyota Corolla Altis 1.8 VL CVT,Coimbatore,2016,82725,First,14.28,1798.0,138.03,5.0,25.27 Lakh,11.99,25.27,False,True,False,9,0.8396358543417367
5420,BMW 3 Series Sport,Mumbai,2016,19000,Second,21.76,1995.0,190.0,5.0,57.3 Lakh,29.99,57.3,False,False,False,9,1.3782169117647056
5421,Ford EcoSport 1.5 Ti VCT MT Signature,Chennai,2018,13900,First,18.88,1499.0,110.4,5.0,4.78 Lakh,9.5,4.78,False,True,True,7,0.503177966101695
5422,Maruti Swift VDI BSIV,Hyderabad,2014,108000,First,25.2,1248.0,74.0,5.0,4.78 Lakh,5.5,4.78,False,False,True,11,0.21825396825396826
5423,Hyundai Santa Fe 4x4 AT,Bangalore,2016,36000,First,11.72,2199.0,194.3,7.0,4.78 Lakh,23.0,4.78,False,False,False,9,1.962457337883959
5424,Tata Indica V2 DLS,Hyderabad,2013,62188,First,17.2,1396.0,53.5,5.0,4.78 Lakh,2.95,4.78,False,False,True,12,0.17151162790697677
5425,Hyundai Grand i10 CRDi Sportz,Kochi,2015,58397,First,24.0,1120.0,70.0,5.0,4.78 Lakh,4.9,4.78,False,False,True,10,0.2041666666666667
5427,Maruti Wagon R VXI AMT,Delhi,2016,30000,First,22.5,998.0,67.0,5.0,5.68 Lakh,4.25,5.68,False,True,False,9,0.18888888888888888
5428,Mahindra XUV500 W10 2WD,Kochi,2018,29907,First,16.0,2179.0,140.0,7.0,4.78 Lakh,16.36,4.78,False,False,True,7,1.0225
5429,Audi A4 2.0 TDI,Kolkata,2009,46000,First,16.55,1968.0,147.51,5.0,4.78 Lakh,9.95,4.78,False,False,False,16,0.6012084592145014
5430,Volkswagen Vento Diesel Highline,Bangalore,2012,65000,First,20.54,1598.0,103.6,5.0,4.78 Lakh,5.5,4.78,False,False,True,13,0.26777020447906524
5431,Maruti Vitara Brezza ZDi Plus Dual Tone,Delhi,2016,22000,First,24.3,1248.0,88.5,5.0,11.75 Lakh,8.25,11.75,False,False,True,9,0.3395061728395062
5432,Maruti Zen LX,Chennai,2002,99024,First,17.3,993.0,60.0,5.0,4.78 Lakh,0.95,4.78,False,True,True,23,0.054913294797687855
5433,Hyundai i10 Era,Kochi,2016,34952,First,19.81,1086.0,68.05,5.0,4.78 Lakh,4.01,4.78,False,True,True,9,0.20242301867743565
5434,Honda WR-V Edge Edition i-VTEC S,Kochi,2019,13913,First,17.5,1199.0,88.7,5.0,9.36 Lakh,8.2,9.36,False,True,True,6,0.4685714285714285
5435,Honda City i DTEC VX,Chennai,2014,71000,Second,25.1,1498.0,98.6,5.0,4.78 Lakh,6.2,4.78,False,False,True,11,0.24701195219123506
5436,Toyota Fortuner 4x2 4 Speed AT,Chennai,2012,97000,First,11.5,2982.0,169.0,7.0,4.78 Lakh,16.75,4.78,False,False,False,13,1.4565217391304348
5437,Mahindra XUV500 AT W10 FWD,Delhi,2017,21000,First,16.0,2179.0,140.0,7.0,4.78 Lakh,16.5,4.78,False,False,False,8,1.03125
5439,Ford Figo Diesel ZXI,Kolkata,2012,110438,First,20.0,1399.0,68.05,5.0,4.78 Lakh,3.5,4.78,False,False,True,13,0.175
5440,Honda Jazz 1.2 V CVT i VTEC,Coimbatore,2017,66507,Second,19.0,1199.0,88.7,5.0,4.78 Lakh,5.43,4.78,False,True,False,8,0.28578947368421054
5441,Ford Endeavour 3.2 Titanium AT 4X4,Coimbatore,2017,54650,First,10.91,3198.0,197.0,7.0,4.78 Lakh,30.35,4.78,False,False,False,8,2.781851512373969
5442,Nissan Sunny XL CVT,Hyderabad,2014,32000,First,17.97,1498.0,99.6,5.0,4.78 Lakh,7.99,4.78,False,True,False,11,0.444629938786867
5443,Skoda Octavia Ambiente 1.9 TDI MT,Coimbatore,2011,75378,First,18.7,1896.0,66.0,5.0,4.78 Lakh,3.59,4.78,False,False,True,14,0.19197860962566846
5444,Chevrolet Beat Diesel LT,Chennai,2012,82697,First,25.44,936.0,57.6,5.0,4.78 Lakh,1.9,4.78,False,False,True,13,0.07468553459119497
5445,Toyota Camry W2 (AT),Chennai,2009,135000,First,12.1,2362.0,164.7,5.0,4.78 Lakh,4.7,4.78,False,True,False,16,0.38842975206611574
5446,Renault Duster 110PS Diesel RxZ,Chennai,2012,149000,First,19.01,1461.0,108.45,5.0,4.78 Lakh,7.25,4.78,False,False,True,13,0.38137822198842714
5447,Mercedes-Benz GLA Class 200 d Style,Kochi,2016,26212,First,17.9,2143.0,136.0,5.0,38.72 Lakh,24.46,38.72,False,False,False,9,1.3664804469273744
5448,Tata Zest Revotron 1.2T XMS,Pune,2014,23500,Second,17.57,1193.0,88.7,5.0,7.7 Lakh,3.9,7.7,False,True,True,11,0.22196926579396697
5449,Hyundai i20 1.2 Magna,Coimbatore,2013,56127,First,18.5,1197.0,80.0,5.0,4.78 Lakh,5.15,4.78,False,True,True,12,0.2783783783783784
5450,Maruti Wagon R VXI AMT1.2,Mumbai,2015,26000,First,21.5,1197.0,81.8,5.0,6.43 Lakh,3.65,6.43,False,True,False,10,0.1697674418604651
5451,Hyundai Xcent 1.2 CRDi S,Kolkata,2016,26000,First,25.4,1186.0,73.97,5.0,8.23 Lakh,5.0,8.23,False,False,True,9,0.1968503937007874
5452,Honda City 1.5 S MT,Kolkata,2009,42000,First,17.0,1497.0,118.0,5.0,4.78 Lakh,2.3,4.78,False,True,True,16,0.13529411764705881
5453,Hyundai Accent GLE,Pune,2001,130000,Second,13.2,1495.0,94.0,5.0,4.78 Lakh,0.75,4.78,False,True,True,24,0.05681818181818182
5454,Hyundai Verna Xi (Petrol),Kochi,2009,137148,Second,13.9,1599.0,103.2,5.0,4.78 Lakh,1.85,4.78,False,True,True,16,0.13309352517985612
5455,Ford Figo Petrol ZXI,Kolkata,2010,114703,First,15.6,1196.0,70.0,5.0,4.78 Lakh,1.8,4.78,False,True,True,15,0.11538461538461539
5456,Honda Amaze S i-Dtech,Kochi,2014,97439,First,25.8,1498.0,98.6,5.0,4.78 Lakh,4.41,4.78,False,False,True,11,0.17093023255813952
5457,Maruti Wagon R LX BSII,Chennai,2006,40000,First,18.9,998.0,67.1,5.0,4.78 Lakh,2.0,4.78,False,True,True,19,0.10582010582010583
5459,Mercedes-Benz E-Class Facelift,Bangalore,2014,28000,First,13.0,2987.0,258.0,5.0,4.78 Lakh,31.75,4.78,False,False,False,11,2.4423076923076925
5460,Audi A6 2011-2015 35 TDI Technology,Bangalore,2015,37500,First,17.68,1968.0,174.33,5.0,4.78 Lakh,32.0,4.78,False,False,False,10,1.8099547511312217
5461,Mercedes-Benz S Class 2005 2013 S 350 CDI,Hyderabad,2010,37000,First,13.5,2987.0,282.0,5.0,4.78 Lakh,21.0,4.78,False,False,False,15,1.5555555555555556
5462,Maruti Swift Dzire LDi,Ahmedabad,2010,83000,First,19.3,1248.0,73.9,5.0,4.78 Lakh,2.75,4.78,False,False,True,15,0.14248704663212436
5463,Toyota Corolla H2,Coimbatore,2005,79012,First,13.4,1794.0,125.0,5.0,4.78 Lakh,2.64,4.78,False,True,True,20,0.19701492537313434
5464,Mahindra Scorpio S10 7 Seater,Kochi,2018,27395,First,15.4,2179.0,120.0,7.0,4.78 Lakh,14.19,4.78,False,False,True,7,0.9214285714285714
5465,Maruti Wagon R VXI,Jaipur,2017,35362,First,22.5,998.0,67.04,5.0,5.44 Lakh,3.85,5.44,False,True,True,8,0.1711111111111111
5466,Toyota Fortuner 4x2 Manual,Delhi,2014,117000,First,13.0,2982.0,168.5,7.0,4.78 Lakh,15.5,4.78,False,False,True,11,1.1923076923076923
5467,Maruti Zen Estilo 1.1 LX BSIII,Mumbai,2010,23000,First,18.2,1061.0,64.0,5.0,4.78 Lakh,1.9,4.78,False,True,True,15,0.1043956043956044
5468,Tata Nano CX,Kochi,2014,59508,First,25.4,624.0,37.48,4.0,4.78 Lakh,1.26,4.78,False,True,True,11,0.04960629921259843
5469,Hyundai i20 Magna,Chennai,2009,69000,Second,18.5,1197.0,80.0,5.0,4.78 Lakh,2.4,4.78,False,True,True,16,0.12972972972972974
5470,BMW 3 Series 320d,Bangalore,2010,58000,First,22.69,1995.0,190.0,5.0,48.79 Lakh,11.5,48.79,False,False,False,15,0.5068312031732041
5471,Mahindra XUV500 W6 2WD,Jaipur,2014,88511,First,16.0,2179.0,140.0,7.0,4.78 Lakh,8.25,4.78,False,False,True,11,0.515625
5472,Volkswagen Vento IPL II Petrol Trendline,Pune,2011,66000,First,15.8,1598.0,105.0,5.0,4.78 Lakh,2.75,4.78,False,True,True,14,0.1740506329113924
5473,Skoda Fabia 1.2 MPI Classic,Delhi,2009,65000,Second,17.5,1198.0,70.0,5.0,4.78 Lakh,1.4,4.78,False,True,True,16,0.08
5474,Tata Nano Twist XT,Coimbatore,2015,30676,First,25.4,624.0,37.5,4.0,4.78 Lakh,2.9,4.78,False,True,True,10,0.1141732283464567
5475,Ford Figo Diesel EXI,Chennai,2011,76000,First,20.0,1399.0,68.0,5.0,4.78 Lakh,2.4,4.78,False,False,True,14,0.12
5476,Volkswagen Vento IPL II Petrol Highline AT,Pune,2013,23627,First,14.8,1598.0,105.0,5.0,4.78 Lakh,4.75,4.78,False,True,False,12,0.32094594594594594
5477,Land Rover Range Rover HSE Dynamic,Kochi,2018,52827,First,12.7,2179.0,187.7,5.0,4.78 Lakh,44.76,4.78,False,False,False,7,3.5244094488188975
5478,Honda City i DTEC SV,Kochi,2015,64465,First,26.0,1498.0,98.6,5.0,4.78 Lakh,6.22,4.78,False,False,True,10,0.23923076923076922
5479,Renault KWID Climber 1.0 AMT,Chennai,2018,14000,First,22.5,999.0,67.0,5.0,5.67 Lakh,4.5,5.67,False,True,False,7,0.2
5480,Hyundai Grand i10 Asta Option,Mumbai,2015,26000,First,18.9,1197.0,82.0,5.0,4.78 Lakh,4.25,4.78,False,True,True,10,0.22486772486772488
5481,Chevrolet Cruze LTZ AT,Hyderabad,2011,78203,First,18.1,1991.0,147.9,4.0,4.78 Lakh,5.5,4.78,False,False,False,14,0.30386740331491713
5482,Hyundai i20 1.4 Asta,Mumbai,2017,27000,First,22.54,1396.0,88.73,5.0,4.78 Lakh,6.95,4.78,False,False,True,8,0.308340727595386
5483,Maruti Alto K10 VXI AGS,Coimbatore,2018,31919,First,24.07,998.0,67.1,5.0,4.78 Lakh,4.56,4.78,False,True,False,7,0.18944744495222265
5484,Hyundai Creta 1.6 SX Option Diesel,Coimbatore,2016,47392,First,20.5,1582.0,126.2,5.0,19.18 Lakh,13.82,19.18,False,False,True,9,0.6741463414634147
5485,Honda Amaze VX i-Vtech,Mumbai,2016,17362,First,18.0,1198.0,86.7,5.0,4.78 Lakh,5.65,4.78,False,True,True,9,0.3138888888888889
5486,Hyundai i20 Active 1.4 SX Dual Tone,Kochi,2016,49716,First,21.19,1396.0,88.73,5.0,4.78 Lakh,6.2,4.78,False,False,True,9,0.292590844738084
5487,Maruti Celerio VXI,Delhi,2014,48000,First,23.1,998.0,67.04,5.0,4.78 Lakh,3.25,4.78,False,True,True,11,0.14069264069264067
5488,Audi A4 2.0 TDI,Kolkata,2009,46000,First,16.55,1968.0,147.51,5.0,4.78 Lakh,8.5,4.78,False,False,False,16,0.5135951661631419
5489,Hyundai Verna 1.4 CRDi,Bangalore,2016,79000,First,24.8,1396.0,88.7,5.0,4.78 Lakh,7.25,4.78,False,False,True,9,0.2923387096774194
5490,Renault Fluence Diesel E4,Pune,2013,57000,First,21.8,1461.0,78.0,5.0,4.78 Lakh,4.61,4.78,False,False,True,12,0.21146788990825688
5491,Volkswagen Polo 1.2 MPI Highline,Delhi,2016,29754,First,16.2,1199.0,74.0,5.0,4.78 Lakh,5.3,4.78,False,True,True,9,0.3271604938271605
5492,Tata Indigo LX,Ahmedabad,2012,50123,First,17.0,1405.0,70.0,5.0,4.78 Lakh,1.9,4.78,False,False,True,13,0.11176470588235293
5493,Hyundai i10 Sportz,Kochi,2012,57184,First,20.36,1197.0,78.9,5.0,4.78 Lakh,3.09,4.78,False,True,True,13,0.15176817288801572
5494,BMW 7 Series 730Ld Sedan,Mumbai,2007,75000,Second,16.46,2993.0,258.0,5.0,4.78 Lakh,9.5,4.78,False,False,False,18,0.5771567436208991
5495,Hyundai Creta 1.6 CRDi AT SX Plus,Mumbai,2015,26000,First,17.01,1582.0,126.2,5.0,4.78 Lakh,12.65,4.78,False,False,False,10,0.7436801881246325
5496,Hyundai Grand i10 Magna,Delhi,2016,22129,First,18.9,1197.0,82.0,5.0,4.78 Lakh,4.25,4.78,False,True,True,9,0.22486772486772488
5497,Maruti Ritz VDi,Hyderabad,2011,127887,First,21.1,1248.0,73.9,5.0,4.78 Lakh,2.95,4.78,False,False,True,14,0.13981042654028436
5498,Mahindra Scorpio 2.6 SLX CRDe,Hyderabad,2006,92000,First,10.5,2179.0,120.0,8.0,4.78 Lakh,3.45,4.78,False,False,True,19,0.32857142857142857
5499,Hyundai i10 Era,Hyderabad,2011,60634,First,19.81,1086.0,68.05,5.0,4.78 Lakh,3.3,4.78,False,True,True,14,0.16658253407370016
5500,Tata Safari Storme 2012-2015 VX,Hyderabad,2014,90000,First,14.0,2179.0,138.1,7.0,4.78 Lakh,8.0,4.78,False,False,True,11,0.5714285714285714
5501,Honda Civic 2006-2010 1.8 V MT,Kolkata,2009,59000,First,13.5,1799.0,130.0,5.0,4.78 Lakh,2.71,4.78,False,True,True,16,0.20074074074074075
5502,Maruti Zen Estilo LXI BSIII,Hyderabad,2012,59293,First,18.2,998.0,67.1,5.0,4.78 Lakh,2.7,4.78,False,True,True,13,0.14835164835164838
5503,Maruti Swift Dzire VDI,Mumbai,2012,80753,Second,23.4,1248.0,74.0,5.0,4.78 Lakh,4.5,4.78,False,False,True,13,0.19230769230769232
5504,Toyota Fortuner 4x2 Manual,Delhi,2015,40000,Second,13.0,2982.0,168.5,7.0,4.78 Lakh,18.75,4.78,False,False,True,10,1.4423076923076923
5505,Maruti Swift VDI,Pune,2014,103000,Second,28.4,1248.0,74.0,5.0,4.78 Lakh,5.25,4.78,False,False,True,11,0.18485915492957747
5507,Maruti Dzire LDI,Pune,2017,48000,First,28.4,1248.0,73.75,5.0,7.91 Lakh,6.0,7.91,False,False,True,8,0.21126760563380284
5508,Hyundai Grand i10 Asta,Kolkata,2014,41000,First,18.9,1197.0,82.0,5.0,4.78 Lakh,3.14,4.78,False,True,True,11,0.16613756613756617
5509,Renault KWID RXL,Jaipur,2016,26000,First,25.17,799.0,53.3,5.0,3.96 Lakh,2.55,3.96,False,True,True,9,0.10131108462455303
5510,Tata Indigo CS eGLX BS IV,Jaipur,2012,30000,Second,15.64,1193.0,64.08,5.0,4.78 Lakh,2.3,4.78,False,True,True,13,0.14705882352941174
5511,Ford Figo Diesel Titanium,Hyderabad,2014,74624,First,20.0,1399.0,68.05,5.0,4.78 Lakh,5.65,4.78,False,False,True,11,0.28250000000000003
5512,Porsche Cayenne 2009-2014 Diesel,Kochi,2015,47877,First,15.15,2967.0,240.0,5.0,4.78 Lakh,48.22,4.78,False,False,False,10,3.182838283828383
5513,Maruti Alto K10 VXI,Jaipur,2016,35000,First,24.07,998.0,67.1,5.0,4.24 Lakh,3.0,4.24,False,True,True,9,0.12463647694225176
5514,Volkswagen Vento 1.5 TDI Highline,Ahmedabad,2015,52123,First,20.34,1498.0,103.2,5.0,4.78 Lakh,7.5,4.78,False,False,True,10,0.3687315634218289
5515,Mahindra Scorpio 2.6 SLX CRDe,Bangalore,2005,90000,First,10.5,2179.0,120.0,8.0,4.78 Lakh,2.6,4.78,False,False,True,20,0.24761904761904763
5516,BMW X3 xDrive 20d Luxury Line,Mumbai,2018,1400,First,18.56,1995.0,190.0,5.0,70.55 Lakh,61.25,70.55,False,False,False,7,3.30010775862069
5517,Honda City 1.5 V MT,Chennai,2009,122000,Second,17.0,1497.0,118.0,5.0,4.78 Lakh,3.5,4.78,False,True,True,16,0.20588235294117646
5518,Mini Cooper 3 DOOR S,Kochi,2016,21110,First,17.44,1998.0,189.08,4.0,39.27 Lakh,28.95,39.27,False,True,False,9,1.6599770642201834
5519,Mitsubishi Pajero Sport 4X4 AT,Pune,2015,78000,First,13.5,2477.0,175.56,6.0,4.78 Lakh,15.0,4.78,False,False,False,10,1.1111111111111112
5520,Maruti Swift Dzire VDi,Jaipur,2012,72000,First,19.3,1248.0,73.9,5.0,4.78 Lakh,4.25,4.78,False,False,True,13,0.22020725388601037
5521,Bentley Continental Flying Spur,Hyderabad,2006,48000,First,8.6,5998.0,552.0,4.0,4.78 Lakh,59.0,4.78,False,True,False,19,6.86046511627907
5522,Maruti Ertiga VDI,Pune,2013,43486,First,20.77,1248.0,88.76,7.0,4.78 Lakh,6.6,4.78,False,False,True,12,0.3177660086663457
5523,Toyota Innova 2.5 G4 Diesel 7-seater,Hyderabad,2007,199000,Second,12.8,2494.0,102.0,7.0,4.78 Lakh,5.2,4.78,False,False,True,18,0.40625
5524,Mercedes-Benz New C-Class C 200 Kompressor Elegance MT,Chennai,2010,34000,First,11.7,1796.0,178.0,5.0,4.78 Lakh,10.0,4.78,False,True,True,15,0.8547008547008548
5525,Mercedes-Benz New C-Class C 220 CDI BE Avantgare,Bangalore,2016,37944,First,14.84,2143.0,167.62,5.0,4.78 Lakh,35.0,4.78,False,False,False,9,2.358490566037736
5526,Ford Ecosport 1.5 DV5 MT Titanium Optional,Mumbai,2017,30000,First,22.7,1498.0,89.84,5.0,4.78 Lakh,8.75,4.78,False,False,True,8,0.3854625550660793
5527,Toyota Etios Liva 1.2 G,Coimbatore,2015,64005,First,17.71,1197.0,78.9,5.0,6.41 Lakh,4.57,6.41,False,True,True,10,0.25804630152456237
5528,Hyundai i10 Magna 1.2,Delhi,2012,62000,First,20.36,1197.0,78.9,5.0,4.78 Lakh,2.5,4.78,False,True,True,13,0.12278978388998035
5530,Land Rover Freelander 2 SE,Kochi,2014,59885,First,12.39,2179.0,147.51,5.0,4.78 Lakh,20.11,4.78,False,False,False,11,1.6230831315577077
5531,Toyota Innova 2.5 V Diesel 8-seater,Hyderabad,2011,144471,First,12.8,2494.0,102.0,8.0,4.78 Lakh,7.8,4.78,False,False,True,14,0.609375
5532,Hyundai i20 1.2 Magna,Coimbatore,2011,63991,First,18.5,1197.0,80.0,5.0,4.78 Lakh,3.61,4.78,False,True,True,14,0.19513513513513514
5534,Nissan Micra XV CVT,Mumbai,2015,34895,First,19.15,1198.0,75.94,5.0,9.47 Lakh,4.6,9.47,False,True,False,10,0.2402088772845953
5535,BMW X6 xDrive 40d M Sport,Ahmedabad,2015,97003,First,15.87,2993.0,308.43,5.0,4.78 Lakh,85.0,4.78,False,False,False,10,5.356017643352237
5536,Honda City 1.5 V AT,Kolkata,2015,45000,First,16.8,1497.0,118.0,5.0,4.78 Lakh,5.25,4.78,False,True,False,10,0.3125
5537,Honda Amaze E i-Dtech,Delhi,2013,45000,Second,25.8,1498.0,98.6,5.0,4.78 Lakh,3.3,4.78,False,False,True,12,0.12790697674418602
5538,Toyota Fortuner 3.0 Diesel,Bangalore,2013,100000,Second,11.5,2982.0,171.0,7.0,4.78 Lakh,17.75,4.78,False,False,True,12,1.5434782608695652
5539,Land Rover Discovery Sport SD4 HSE Luxury,Delhi,2016,70000,First,12.97,2179.0,187.7,5.0,4.78 Lakh,35.0,4.78,False,False,False,9,2.698535080956052
5540,Hyundai Creta 1.6 CRDi SX,Coimbatore,2016,37023,First,19.67,1582.0,126.2,5.0,4.78 Lakh,13.39,4.78,False,False,True,9,0.6807320793085917
5541,Chevrolet Beat Diesel LT,Chennai,2012,81000,First,25.44,936.0,56.3,5.0,4.78 Lakh,2.5,4.78,False,False,True,13,0.09827044025157232
5542,Toyota Innova Crysta 2.8 GX AT,Kochi,2017,20789,First,11.36,2755.0,171.5,7.0,20.74 Lakh,18.36,20.74,False,False,False,8,1.6161971830985915
5543,Maruti Swift Dzire VDI,Jaipur,2015,68310,First,23.4,1248.0,74.0,5.0,4.78 Lakh,5.95,4.78,False,False,True,10,0.2542735042735043
5544,Hyundai Creta 1.6 CRDi SX Option,Mumbai,2015,47250,Second,19.67,1582.0,126.2,5.0,4.78 Lakh,11.0,4.78,False,False,True,10,0.5592272496187086
5545,Land Rover Range Rover Sport SE,Delhi,2014,47000,Second,12.65,2993.0,255.0,5.0,1.39 Cr,64.75,1.39,False,False,False,11,5.118577075098814
5546,Honda Amaze VX i-DTEC,Hyderabad,2017,128000,First,25.8,1498.0,98.6,5.0,4.78 Lakh,6.3,4.78,False,False,True,8,0.2441860465116279
5547,Hyundai Creta 1.6 SX Plus Dual Tone Petrol,Kochi,2017,17702,First,15.29,1591.0,121.3,5.0,4.78 Lakh,11.94,4.78,False,True,True,8,0.7809025506867233
5548,Volkswagen Vento Sport 1.2 TSI AT,Mumbai,2014,34987,First,18.19,1197.0,103.5,5.0,4.78 Lakh,5.95,4.78,False,True,False,11,0.32710280373831774
5549,Honda City i DTec VX,Ahmedabad,2017,37000,First,26.0,1498.0,98.6,5.0,4.78 Lakh,11.0,4.78,False,False,True,8,0.4230769230769231
5550,Hyundai Creta 1.6 SX Plus Dual Tone Petrol,Coimbatore,2017,38271,First,15.29,1591.0,121.3,5.0,4.78 Lakh,12.53,4.78,False,True,True,8,0.8194898626553303
5551,Ford Figo Diesel Titanium,Bangalore,2012,32510,Second,20.0,1399.0,68.0,5.0,4.78 Lakh,3.75,4.78,False,False,True,13,0.1875
5552,BMW 5 Series 2013-2017 530d M Sport,Pune,2014,88000,First,14.69,2993.0,258.0,5.0,4.78 Lakh,27.0,4.78,False,False,False,11,1.8379850238257318
5553,Mitsubishi Pajero 2.8 SFX 7Str,Pune,2012,116000,First,10.5,2835.0,107.2,6.0,4.78 Lakh,9.95,4.78,False,False,True,13,0.9476190476190476
5554,Renault Duster 85PS Diesel RxL Option,Jaipur,2013,156000,First,19.87,1461.0,83.8,5.0,4.78 Lakh,4.2,4.78,False,False,True,12,0.21137393054856568
5555,Maruti Ritz VXI,Delhi,2010,75319,Second,21.1,1197.0,85.8,5.0,4.78 Lakh,2.0,4.78,False,True,True,15,0.0947867298578199
5556,Hyundai Grand i10 Sportz,Kolkata,2013,28000,First,18.9,1197.0,82.0,5.0,4.78 Lakh,3.25,4.78,False,True,True,12,0.17195767195767198
5557,Mercedes-Benz GLA Class 200 CDI SPORT,Bangalore,2017,16500,First,17.9,2143.0,136.0,5.0,4.78 Lakh,34.0,4.78,False,False,False,8,1.8994413407821231
5558,BMW 5 Series 520d Luxury Line,Coimbatore,2016,75637,First,22.48,1995.0,190.0,5.0,71.82 Lakh,30.37,71.82,False,False,False,9,1.3509786476868328
5559,Hyundai Creta 1.6 SX Plus Petrol Automatic,Kochi,2018,32854,First,13.0,1591.0,121.3,5.0,4.78 Lakh,12.6,4.78,False,True,False,7,0.9692307692307692
5560,Renault KWID RXT Optional,Kochi,2019,6568,First,25.17,799.0,53.3,5.0,4.78 Lakh,5.09,4.78,False,True,True,6,0.20222487087802937
5561,Audi A4 3.0 TDI Quattro,Bangalore,2014,30000,First,14.94,2967.0,241.4,5.0,4.78 Lakh,24.5,4.78,False,False,False,11,1.6398929049531459
5562,Maruti Ciaz VDI SHVS,Kochi,2018,17804,Second,28.09,1248.0,88.5,5.0,4.78 Lakh,7.97,4.78,False,False,True,7,0.28373086507653966
5563,Honda Jazz S,Delhi,2011,69768,First,16.0,1198.0,90.0,5.0,4.78 Lakh,2.9,4.78,False,True,True,14,0.18125
5564,BMW 3 Series 320d Luxury Line,Kochi,2016,62404,First,22.69,1995.0,190.0,5.0,54.43 Lakh,21.33,54.43,False,False,False,9,0.9400617011899514
5565,Hyundai Verna SX CRDi AT,Bangalore,2012,97000,Second,19.08,1582.0,126.32,5.0,4.78 Lakh,6.5,4.78,False,False,False,13,0.3406708595387841
5566,Hyundai Creta 1.4 CRDi S Plus,Coimbatore,2016,55687,First,21.38,1396.0,88.7,5.0,4.78 Lakh,12.15,4.78,False,False,True,9,0.568288119738073
5567,Volkswagen Vento 2013-2015 1.6 Comfortline,Kolkata,2014,17000,First,15.04,1598.0,103.2,5.0,4.78 Lakh,4.25,4.78,False,True,True,11,0.2825797872340426
5568,BMW 3 Series Luxury Line,Coimbatore,2017,34232,First,21.76,1995.0,190.0,5.0,55.07 Lakh,35.84,55.07,False,False,False,8,1.647058823529412
5569,Honda CR-V Petrol 2WD,Chennai,2004,135000,Third,14.4,1997.0,152.0,5.0,33.51 Lakh,3.0,33.51,False,True,False,21,0.20833333333333331
5570,Renault Duster 110PS Diesel RxZ AWD,Chennai,2012,80000,First,19.72,1461.0,108.45,5.0,15.94 Lakh,6.75,15.94,False,False,True,13,0.34229208924949295
5571,Hyundai i20 Asta 1.2,Bangalore,2014,31045,Second,18.6,1197.0,81.83,5.0,4.78 Lakh,5.65,4.78,False,True,True,11,0.30376344086021506
5572,Volkswagen Jetta 2013-2015 2.0L TDI Highline AT,Pune,2013,58000,Second,16.96,1968.0,138.03,5.0,4.78 Lakh,7.5,4.78,False,False,False,12,0.44221698113207547
5573,Hyundai Creta 1.6 SX Plus Diesel,Kochi,2018,35480,First,19.67,1582.0,126.2,5.0,4.78 Lakh,13.34,4.78,False,False,True,7,0.6781901372648703
5574,Maruti Ciaz VDI SHVS,Hyderabad,2016,62287,First,28.09,1248.0,88.5,5.0,4.78 Lakh,7.9,4.78,False,False,True,9,0.28123887504449985
5575,Hyundai i20 Asta 1.4 CRDi,Coimbatore,2015,46162,First,22.54,1396.0,88.73,5.0,4.78 Lakh,6.98,4.78,False,False,True,10,0.3096716947648625
5576,Hyundai Verna 1.6 SX VTVT,Mumbai,2014,9200,First,17.01,1591.0,121.3,5.0,4.78 Lakh,5.75,4.78,False,True,True,11,0.3380364491475602
5577,Volkswagen Polo Diesel Trendline 1.2L,Kolkata,2012,55339,First,22.07,1199.0,73.9,5.0,4.78 Lakh,2.65,4.78,False,False,True,13,0.12007249660172178
5578,Volkswagen Polo Diesel Trendline 1.2L,Kolkata,2011,55476,First,22.07,1199.0,73.9,5.0,4.78 Lakh,2.49,4.78,False,False,True,14,0.11282283642954237
5579,Maruti SX4 Vxi BSIII,Pune,2007,68553,Second,15.0,1586.0,104.68,5.0,4.78 Lakh,1.5,4.78,False,True,True,18,0.1
5580,Honda Mobilio RS Option i DTEC,Kochi,2016,67376,First,24.5,1498.0,98.6,7.0,4.78 Lakh,6.5,4.78,False,False,True,9,0.2653061224489796
5581,Renault Duster 110PS Diesel RxZ Plus,Hyderabad,2013,42000,First,19.64,1461.0,108.45,5.0,4.78 Lakh,8.0,4.78,False,False,True,12,0.40733197556008144
5582,Toyota Fortuner 2.8 2WD AT,Coimbatore,2019,28069,First,12.9,2755.0,174.5,7.0,34.45 Lakh,30.85,34.45,False,False,False,6,2.3914728682170545
5583,Volvo XC60 D4 SUMMUM,Kochi,2014,93144,First,14.7,1984.0,181.0,5.0,4.78 Lakh,17.15,4.78,False,False,False,11,1.1666666666666665
5584,Maruti Celerio VXI AT,Hyderabad,2014,24300,First,23.1,998.0,67.04,5.0,4.78 Lakh,4.55,4.78,False,True,False,11,0.19696969696969696
5585,Maruti Ciaz ZDi Plus,Hyderabad,2015,47883,Second,26.21,1248.0,88.5,5.0,4.78 Lakh,7.4,4.78,False,False,True,10,0.28233498664631823
5586,Audi Q5 2008-2012 2.0 TDI,Kochi,2013,12467,First,12.8,1968.0,167.6,5.0,4.78 Lakh,25.64,4.78,False,False,False,12,2.003125
5587,BMW X1 sDrive 20d Sportline,Kolkata,2013,56683,Second,17.05,1995.0,184.0,5.0,4.78 Lakh,13.5,4.78,False,False,False,12,0.7917888563049853
5588,Ford Figo Petrol ZXI,Bangalore,2013,38000,First,15.6,1196.0,70.0,5.0,4.78 Lakh,3.55,4.78,False,True,True,12,0.22756410256410256
5589,Hyundai Elantra CRDi SX,Ahmedabad,2018,35000,First,22.7,1582.0,126.2,5.0,4.78 Lakh,15.0,4.78,False,False,True,7,0.6607929515418502
5590,Hyundai Verna 1.6 i ABS,Pune,2007,80000,Second,13.9,1599.0,103.2,5.0,4.78 Lakh,1.95,4.78,False,True,True,18,0.14028776978417265
5591,Honda Civic 2006-2010 1.8 S MT,Pune,2006,125000,Second,13.5,1799.0,130.0,5.0,4.78 Lakh,2.3,4.78,False,True,True,19,0.17037037037037037
5592,Toyota Fortuner 4x4 MT,Chennai,2013,123000,Second,12.55,2982.0,168.5,7.0,4.78 Lakh,15.0,4.78,False,False,True,12,1.195219123505976
5593,Hyundai i10 Sportz,Chennai,2012,70000,First,20.36,1197.0,78.9,5.0,4.78 Lakh,3.15,4.78,False,True,True,13,0.15471512770137524
5594,Nissan Sunny 2011-2014 Diesel XL,Hyderabad,2012,87982,First,21.64,1461.0,84.8,5.0,4.78 Lakh,5.0,4.78,False,False,True,13,0.2310536044362292
5595,BMW 5 Series 2013-2017 520d Luxury Line,Jaipur,2013,40714,Second,18.12,1995.0,190.0,5.0,4.78 Lakh,24.75,4.78,False,False,False,12,1.3658940397350992
5596,Chevrolet Optra Magnum 2.0 LT,Pune,2008,83000,Second,16.52,1991.0,123.7,5.0,4.78 Lakh,2.6,4.78,False,False,True,17,0.15738498789346247
5597,Hyundai i10 Asta,Ahmedabad,2011,86000,First,20.36,1197.0,78.9,5.0,4.78 Lakh,3.75,4.78,False,True,True,14,0.18418467583497053
5598,Skoda Laura Ambiente,Ahmedabad,2009,60002,Second,17.5,1896.0,106.0,5.0,4.78 Lakh,4.85,4.78,False,False,True,16,0.27714285714285714
5599,Mercedes-Benz E-Class 2009-2013 E 220 CDI Avantgarde,Jaipur,2013,60000,First,10.0,2148.0,170.0,5.0,4.78 Lakh,27.0,4.78,False,False,False,12,2.7
5600,Honda Amaze SX i-DTEC,Kolkata,2014,84677,First,25.8,1498.0,98.6,5.0,4.78 Lakh,3.0,4.78,False,False,True,11,0.11627906976744186
5601,BMW X1 xDrive 20d xLine,Delhi,2017,23000,First,20.68,1995.0,190.0,5.0,4.78 Lakh,28.75,4.78,False,False,False,8,1.3902321083172147
5602,Toyota Innova 2.5 G (Diesel) 8 Seater,Hyderabad,2016,81424,First,12.99,2494.0,100.6,8.0,4.78 Lakh,14.49,4.78,False,False,True,9,1.115473441108545
5603,Porsche Panamera 2010 2013 Diesel,Delhi,2013,36400,First,7.5,4806.0,394.3,4.0,4.78 Lakh,72.0,4.78,False,False,False,12,9.6
5604,Nissan Sunny XV D,Chennai,2012,70000,Second,22.71,1461.0,84.8,5.0,11.48 Lakh,4.0,11.48,False,False,True,13,0.17613386173491852
5605,Maruti Swift Dzire LDI,Delhi,2015,40000,Second,26.59,1248.0,74.0,5.0,4.78 Lakh,4.5,4.78,False,False,True,10,0.16923655509590071
5606,Maruti Wagon R ZXI AMT 1.2,Mumbai,2019,600,First,21.5,1197.0,81.8,5.0,6.8 Lakh,6.25,6.8,False,True,False,6,0.29069767441860467
5607,Volkswagen Jetta 2013-2015 2.0L TDI Highline AT,Pune,2015,65320,Second,16.96,1968.0,138.03,5.0,4.78 Lakh,11.5,4.78,False,False,False,10,0.6780660377358491
5608,Honda Accord 2.4 Inspire M/T,Pune,2009,79000,Third,9.8,2354.0,180.0,5.0,4.78 Lakh,3.1,4.78,False,True,True,16,0.31632653061224486
5609,Honda City i VTEC V,Mumbai,2018,5000,First,17.8,1497.0,117.3,5.0,4.78 Lakh,10.11,4.78,False,True,True,7,0.5679775280898876
5610,Hyundai Verna 1.6 SX VTVT,Coimbatore,2019,6028,First,17.01,1591.0,121.3,5.0,4.78 Lakh,11.54,4.78,False,True,True,6,0.6784244562022339
5611,Maruti Wagon R LX BSII,Delhi,2006,86000,Second,18.9,998.0,67.1,5.0,4.78 Lakh,1.0,4.78,False,True,True,19,0.052910052910052914
5612,Maruti Swift Dzire Tour LDI,Kolkata,2013,160000,Second,23.4,1248.0,74.0,5.0,4.78 Lakh,2.5,4.78,False,False,True,12,0.10683760683760685
5613,Audi Q5 2008-2012 2.0 TFSI Quattro,Kochi,2011,59967,First,9.74,1984.0,208.0,5.0,4.78 Lakh,18.0,4.78,False,True,False,14,1.8480492813141682
5614,Toyota Etios Cross 1.4 GD,Coimbatore,2018,43127,First,23.59,1364.0,67.04,5.0,4.78 Lakh,6.85,4.78,False,False,True,7,0.2903772785078423
5615,Hyundai i10 Era 1.1 iTech SE,Kochi,2012,65727,First,19.81,1086.0,68.05,5.0,4.78 Lakh,2.97,4.78,False,True,True,13,0.14992428066633015
5616,Hyundai Verna 1.6 VTVT,Pune,2013,70000,First,17.01,1591.0,121.3,5.0,4.78 Lakh,4.75,4.78,False,True,True,12,0.27924750146972366
5617,Volkswagen Polo 1.5 TDI Highline,Coimbatore,2018,39861,First,20.14,1498.0,88.8,5.0,4.78 Lakh,7.38,4.78,False,False,True,7,0.3664349553128103
5618,BMW 5 Series 520d Sport Line,Delhi,2017,16485,First,22.48,1995.0,187.74,5.0,4.78 Lakh,42.75,4.78,False,False,False,8,1.9016903914590746
5619,Hyundai i20 1.4 Asta Optional With Sunroof,Bangalore,2010,77332,Second,23.0,1396.0,90.0,5.0,4.78 Lakh,3.65,4.78,False,False,True,15,0.15869565217391304
5620,Hyundai Grand i10 Asta Option AT,Kochi,2017,17489,First,18.9,1197.0,82.0,5.0,4.78 Lakh,5.99,4.78,False,True,False,8,0.31693121693121695
5621,Toyota Fortuner 4x2 4 Speed AT,Pune,2012,125000,First,11.5,2982.0,169.0,7.0,4.78 Lakh,13.5,4.78,False,False,False,13,1.173913043478261
5622,Maruti Baleno Zeta Automatic,Chennai,2016,35129,First,21.4,1197.0,83.1,5.0,4.78 Lakh,7.0,4.78,False,True,False,9,0.3271028037383178
5623,Hyundai Creta 1.6 SX Plus Petrol Automatic,Hyderabad,2016,22982,First,13.0,1591.0,121.3,5.0,4.78 Lakh,10.95,4.78,False,True,False,9,0.8423076923076922
5624,Hyundai i10 Sportz,Pune,2013,54500,Third,20.36,1197.0,78.9,5.0,4.78 Lakh,2.95,4.78,False,True,True,12,0.14489194499017682
5625,Tata Tigor XE Diesel,Ahmedabad,2017,16235,First,24.7,1047.0,69.0,5.0,7.15 Lakh,5.5,7.15,False,False,True,8,0.22267206477732795
5626,Skoda Superb Style 1.8 TSI AT,Kochi,2017,73641,First,14.67,1798.0,177.46,5.0,33.36 Lakh,17.08,33.36,False,True,False,8,1.1642808452624402
5627,Maruti Swift Dzire VDI,Hyderabad,2015,59572,First,26.59,1248.0,74.0,5.0,4.78 Lakh,6.85,4.78,False,False,True,10,0.2576156449793155
5628,Honda CR-V 2.0 AT,Jaipur,2014,112827,First,13.1,1997.0,141.1,5.0,4.78 Lakh,10.5,4.78,False,True,False,11,0.8015267175572519
5629,Toyota Innova 2.5 G (Diesel) 8 Seater BS IV,Hyderabad,2010,118000,First,12.8,2494.0,102.0,8.0,4.78 Lakh,8.75,4.78,False,False,True,15,0.68359375
5630,Honda City 1.5 V MT,Kolkata,2010,60000,First,17.0,1497.0,118.0,5.0,4.78 Lakh,2.7,4.78,False,True,True,15,0.15882352941176472
5631,Hyundai Verna VTVT 1.6 AT SX Plus,Mumbai,2012,75059,First,17.0,1591.0,121.3,5.0,13.7 Lakh,4.25,13.7,False,True,False,13,0.25
5632,Toyota Etios 1.4 VXD,Pune,2018,3000,First,23.59,1364.0,67.04,5.0,10.63 Lakh,7.9,10.63,False,False,True,7,0.3348876642645189
5633,Skoda Superb Elegance 1.8 TSI AT,Delhi,2011,78000,Second,13.7,1798.0,157.75,5.0,4.78 Lakh,4.5,4.78,False,True,False,14,0.3284671532846716
5634,Nissan Sunny 2011-2014 Diesel XV,Kolkata,2012,47000,First,21.64,1461.0,84.8,5.0,4.78 Lakh,4.0,4.78,False,False,True,13,0.18484288354898337
5635,Honda City 1.5 V MT Exclusive,Delhi,2012,42000,First,17.0,1497.0,118.0,5.0,4.78 Lakh,4.75,4.78,False,True,True,13,0.27941176470588236
5636,Hyundai Elite i20 Diesel Asta Option,Kolkata,2018,6820,First,22.54,1396.0,88.76,5.0,4.78 Lakh,7.65,4.78,False,False,True,7,0.339396628216504
5637,Chevrolet Optra 1.6 LT Royale,Kochi,2013,55176,Second,17.4,1599.0,104.0,5.0,4.78 Lakh,3.47,4.78,False,True,True,12,0.19942528735632187
5638,Honda Amaze S i-Vtech,Kochi,2016,39854,First,18.0,1198.0,86.7,5.0,4.78 Lakh,5.64,4.78,False,True,True,9,0.3133333333333333
5639,Volkswagen Polo Petrol Comfortline 1.2L,Kolkata,2013,24000,First,16.47,1198.0,73.9,5.0,4.78 Lakh,2.95,4.78,False,True,True,12,0.1791135397692775
5640,Maruti Swift VDI,Jaipur,2016,55000,First,22.9,1248.0,74.0,5.0,4.78 Lakh,5.65,4.78,False,False,True,9,0.24672489082969434
5641,Ford Endeavour 3.0L 4X4 AT,Kochi,2012,45840,First,11.4,2953.0,153.86,7.0,4.78 Lakh,8.41,4.78,False,False,False,13,0.737719298245614
5642,Maruti Baleno LXI,Pune,2006,155000,Third,15.4,1590.0,94.0,5.0,4.78 Lakh,0.85,4.78,False,True,True,19,0.05519480519480519
5643,Maruti Wagon R LX,Pune,2003,125000,Second,18.9,998.0,67.1,5.0,4.78 Lakh,0.8,4.78,False,True,True,22,0.04232804232804233
5644,Volkswagen Polo 1.5 TDI Highline,Coimbatore,2014,52951,First,20.14,1498.0,88.0,5.0,10.32 Lakh,5.65,10.32,False,False,True,11,0.28053624627606755
5645,Hyundai Verna 1.6 SX VTVT (O),Kolkata,2013,49000,First,17.1,1591.0,121.3,5.0,4.78 Lakh,4.5,4.78,False,True,True,12,0.2631578947368421
5646,Maruti Ciaz ZDi Plus SHVS,Ahmedabad,2015,52000,First,28.09,1248.0,88.5,5.0,4.78 Lakh,6.9,4.78,False,False,True,10,0.24563901744393024
5648,Nissan Sunny 2011-2014 Diesel XL,Jaipur,2013,120005,First,21.64,1461.0,84.8,5.0,4.78 Lakh,4.0,4.78,False,False,True,12,0.18484288354898337
5649,Skoda Rapid 1.6 MPI Ambition With Alloy Wheel,Mumbai,2015,33000,First,15.0,1598.0,103.52,5.0,4.78 Lakh,5.6,4.78,False,True,True,10,0.3733333333333333
5650,Maruti Eeco 7 Seater Standard,Delhi,2016,126000,First,15.1,1196.0,73.0,7.0,4.43 Lakh,2.2,4.43,False,True,True,9,0.14569536423841062
5651,Skoda Rapid Ultima 1.6 MPI Ambition Plus,Bangalore,2013,66700,First,15.0,1598.0,103.5,5.0,4.78 Lakh,4.0,4.78,False,True,True,12,0.26666666666666666
5652,Toyota Fortuner 4x4 MT,Jaipur,2014,122000,Second,12.55,2982.0,168.5,7.0,4.78 Lakh,16.0,4.78,False,False,True,11,1.2749003984063745
5653,Hyundai Creta 1.6 CRDi SX,Mumbai,2016,29000,First,19.67,1582.0,126.2,5.0,4.78 Lakh,12.6,4.78,False,False,True,9,0.6405693950177935
5654,Hyundai i20 Magna Optional 1.2,Kochi,2014,42315,First,18.5,1197.0,82.9,5.0,4.78 Lakh,4.79,4.78,False,True,True,11,0.25891891891891894
5656,Honda City i DTEC V,Kochi,2016,84580,First,26.0,1498.0,98.6,5.0,4.78 Lakh,6.83,4.78,False,False,True,9,0.26269230769230767
5657,Maruti 800 Std,Jaipur,2002,75000,First,16.1,796.0,37.0,4.0,4.78 Lakh,0.51,4.78,False,True,True,23,0.03167701863354037
5658,Ford Ikon 1.3 Flair,Pune,2006,85000,Second,13.8,1299.0,70.0,5.0,4.78 Lakh,0.69,4.78,False,True,True,19,0.049999999999999996
5659,Maruti Swift Dzire LXI,Delhi,2015,24296,First,20.85,1197.0,83.14,5.0,4.78 Lakh,4.65,4.78,False,True,True,10,0.22302158273381295
5660,Honda City 1.5 V MT Sunroof,Kolkata,2014,40000,First,16.8,1497.0,116.3,5.0,4.78 Lakh,6.49,4.78,False,True,True,11,0.3863095238095238
5661,Hyundai Verna CRDi,Chennai,2009,64514,First,16.8,1493.0,110.0,5.0,4.78 Lakh,2.9,4.78,False,False,True,16,0.17261904761904762
5662,Hyundai Verna 1.6 SX VTVT,Delhi,2016,35000,First,17.01,1591.0,121.3,5.0,4.78 Lakh,7.4,4.78,False,True,True,9,0.4350382128159906
5663,Renault KWID RXT,Bangalore,2016,41000,Second,25.17,799.0,53.3,5.0,4.78 Lakh,3.25,4.78,False,True,True,9,0.12912197059992053
5664,Maruti Wagon R LXI,Ahmedabad,2008,60123,Second,18.9,998.0,67.1,5.0,4.78 Lakh,1.95,4.78,False,True,True,17,0.10317460317460318
5665,Hyundai Grand i10 Sportz,Jaipur,2015,53000,Second,18.9,1197.0,82.0,5.0,4.78 Lakh,4.0,4.78,False,True,True,10,0.21164021164021166
5666,Hyundai i20 1.2 Asta,Delhi,2017,9000,First,18.6,1197.0,81.83,5.0,4.78 Lakh,6.85,4.78,False,True,True,8,0.36827956989247307
5667,Honda Amaze S i-Vtech,Coimbatore,2015,53497,First,18.0,1198.0,86.7,5.0,4.78 Lakh,5.45,4.78,False,True,True,10,0.3027777777777778
5668,Ford Fiesta 1.4 Duratorq ZXI,Hyderabad,2007,68000,First,17.8,1399.0,68.0,5.0,4.78 Lakh,1.99,4.78,False,False,True,18,0.11179775280898877
5669,Hyundai Verna SX CRDi AT,Hyderabad,2014,65000,First,19.08,1582.0,126.32,5.0,4.78 Lakh,8.99,4.78,False,False,False,11,0.4711740041928722
5670,Toyota Etios VD SP,Kolkata,2014,45155,First,23.59,1364.0,67.04,5.0,4.78 Lakh,6.5,4.78,False,False,True,11,0.2755404832556168
5671,Honda Jazz 1.2 V CVT i VTEC,Coimbatore,2018,20026,First,19.0,1199.0,88.7,5.0,4.78 Lakh,9.27,4.78,False,True,False,7,0.4878947368421052
5672,Hyundai Verna 1.6 CRDi SX,Ahmedabad,2015,60000,First,23.9,1582.0,126.2,5.0,4.78 Lakh,6.99,4.78,False,False,True,10,0.29246861924686196
5673,Mercedes-Benz CLA 200 D Sport Edition,Coimbatore,2019,15976,First,17.9,2143.0,136.0,5.0,4.78 Lakh,36.76,4.78,False,False,False,6,2.053631284916201
5674,Skoda Octavia Elegance 1.8 TSI AT,Kochi,2017,30523,First,14.7,1798.0,177.5,5.0,4.78 Lakh,17.08,4.78,False,True,False,8,1.1619047619047618
5675,Chevrolet Beat Diesel LS,Kolkata,2013,26300,First,25.44,936.0,57.6,5.0,4.78 Lakh,2.8,4.78,False,False,True,12,0.110062893081761
5676,Volkswagen Polo Diesel Trendline 1.2L,Kolkata,2011,66000,First,22.07,1199.0,73.9,5.0,4.78 Lakh,2.49,4.78,False,False,True,14,0.11282283642954237
5677,Maruti SX4 S Cross DDiS 200 Zeta,Jaipur,2016,70000,First,23.65,1248.0,88.5,5.0,4.78 Lakh,8.85,4.78,False,False,True,9,0.37420718816067655
5678,Honda City V MT,Ahmedabad,2011,46000,First,16.8,1497.0,116.3,5.0,4.78 Lakh,4.15,4.78,False,True,True,14,0.24702380952380953
5679,Volkswagen Vento 1.5 TDI Highline,Hyderabad,2017,28000,First,20.64,1498.0,108.5,5.0,14.2 Lakh,10.0,14.2,False,False,True,8,0.4844961240310077
5680,Hyundai Grand i10 1.2 Kappa Magna,Delhi,2017,46000,First,18.9,1197.0,81.86,5.0,6.54 Lakh,4.75,6.54,False,True,True,8,0.25132275132275134
5681,Renault KWID AMT RXL,Jaipur,2017,33000,First,24.04,999.0,67.0,5.0,4.78 Lakh,3.2,4.78,False,True,False,8,0.13311148086522465
5682,Maruti Alto 800 LXI,Kochi,2017,27718,First,22.74,796.0,47.3,5.0,4.78 Lakh,3.28,4.78,False,True,True,8,0.1442392260334213
5683,Ford Ecosport 1.5 Ti VCT MT Titanium,Bangalore,2013,58000,First,15.8,1499.0,110.0,5.0,4.78 Lakh,7.5,4.78,False,True,True,12,0.47468354430379744
5684,Maruti Baleno Zeta,Coimbatore,2018,33150,First,21.4,1197.0,83.1,5.0,8.71 Lakh,7.39,8.71,False,True,True,7,0.34532710280373835
5685,Maruti Ritz VDi,Pune,2013,77000,First,23.2,1248.0,73.94,5.0,4.78 Lakh,3.65,4.78,False,False,True,12,0.15732758620689655
5686,Mercedes-Benz E-Class 280 CDI,Chennai,2007,70000,First,11.0,2987.0,198.5,5.0,4.78 Lakh,11.0,4.78,False,False,False,18,1.0
5687,Maruti Ritz VDi,Kolkata,2012,97000,First,23.2,1248.0,73.94,5.0,4.78 Lakh,3.0,4.78,False,False,True,13,0.12931034482758622
5688,Chevrolet Beat Diesel LT,Chennai,2012,75300,Second,25.44,936.0,57.6,5.0,4.78 Lakh,2.25,4.78,False,False,True,13,0.08844339622641509
5689,Maruti SX4 Vxi BSIV,Kochi,2010,69918,First,15.5,1586.0,103.3,5.0,4.78 Lakh,2.83,4.78,False,True,True,15,0.18258064516129033
5690,Maruti Omni 5 Seater BSIV,Coimbatore,2019,4721,First,14.0,796.0,35.0,5.0,4.78 Lakh,4.11,4.78,False,True,True,6,0.2935714285714286
5691,Mitsubishi Pajero Sport Anniversary Edition,Kolkata,2014,39163,First,13.5,2477.0,178.0,7.0,4.78 Lakh,14.7,4.78,False,False,True,11,1.0888888888888888
5692,Mercedes-Benz S Class 2005 2013 S 300 L,Pune,2013,80000,First,13.0,2987.0,210.0,5.0,4.78 Lakh,25.0,4.78,False,True,False,12,1.9230769230769231
5693,Chevrolet Beat Diesel LS,Bangalore,2015,66000,First,25.44,936.0,56.3,5.0,4.78 Lakh,2.35,4.78,False,False,True,10,0.09237421383647798
5694,Ford Figo 2015-2019 1.5D Titanium MT,Coimbatore,2017,36154,Second,25.83,1498.0,99.0,5.0,4.78 Lakh,6.41,4.78,False,False,True,8,0.24816105303910185
5695,Honda City i-VTEC VX,Ahmedabad,2012,34000,First,17.4,1497.0,117.3,5.0,12.68 Lakh,5.75,12.68,False,True,True,13,0.33045977011494254
5696,Mercedes-Benz GLA Class 200 CDI SPORT,Chennai,2016,60000,Second,17.9,2143.0,136.0,5.0,4.78 Lakh,17.55,4.78,False,False,False,9,0.9804469273743018
5697,Hyundai Creta 1.4 CRDi S Plus,Jaipur,2015,32000,First,21.38,1396.0,88.7,5.0,4.78 Lakh,10.25,4.78,False,False,True,10,0.4794200187090739
5698,Ford Fiesta Classic 1.4 Duratorq CLXI,Kochi,2012,79985,First,17.8,1399.0,67.0,5.0,4.78 Lakh,3.16,4.78,False,False,True,13,0.17752808988764046
5699,Audi A4 2.0 TDI,Bangalore,2014,37600,Second,16.55,1968.0,147.51,5.0,4.78 Lakh,22.5,4.78,False,False,False,11,1.3595166163141994
5700,Hyundai i10 Magna 1.1,Kochi,2015,31965,First,19.81,1086.0,68.05,5.0,4.78 Lakh,3.55,4.78,False,True,True,10,0.17920242301867745
5701,BMW 3 Series 320i Sedan,Kochi,2010,70749,First,12.05,1995.0,154.0,5.0,4.78 Lakh,9.86,4.78,False,True,False,15,0.8182572614107883
5702,BMW 7 Series 730Ld,Chennai,2013,38000,First,16.46,2993.0,258.0,5.0,4.78 Lakh,45.0,4.78,False,False,False,12,2.7339003645200486
5703,Hyundai Verna 1.6 SX VTVT,Kochi,2017,41534,First,17.01,1591.0,121.3,5.0,4.78 Lakh,7.99,4.78,False,True,True,8,0.4697236919459141
5704,Volkswagen Ameo 1.5 TDI Comfortline AT,Jaipur,2017,54455,First,22.0,1498.0,108.495,5.0,4.78 Lakh,6.5,4.78,False,False,False,8,0.29545454545454547
5705,Chevrolet Aveo 1.4 LS,Kolkata,2007,42000,First,14.49,1399.0,92.7,5.0,4.78 Lakh,0.75,4.78,False,True,True,18,0.05175983436853002
5706,Chevrolet Cruze LTZ,Coimbatore,2018,52073,Second,18.3,1991.0,147.9,5.0,4.78 Lakh,9.87,4.78,False,False,True,7,0.5393442622950819
5707,Hyundai i20 1.4 Sportz,Kochi,2018,40175,Second,22.54,1396.0,88.73,5.0,4.78 Lakh,6.36,4.78,False,False,True,7,0.2821650399290151
5708,Honda BRV i-VTEC V CVT,Mumbai,2017,16503,First,16.0,1497.0,117.3,7.0,15.02 Lakh,9.5,15.02,False,True,False,8,0.59375
5709,Hyundai Xcent 1.2 Kappa SX,Kochi,2017,15029,First,19.1,1197.0,82.0,5.0,4.78 Lakh,6.05,4.78,False,True,True,8,0.31675392670157065
5711,Hyundai Grand i10 CRDi Sportz,Hyderabad,2015,76362,First,24.0,1120.0,70.0,5.0,4.78 Lakh,5.5,4.78,False,False,True,10,0.22916666666666666
5712,Maruti Alto LXi,Kolkata,2007,18700,Second,19.7,796.0,46.3,5.0,4.78 Lakh,1.25,4.78,False,True,True,18,0.06345177664974619
5713,Toyota Innova 2.5 VX (Diesel) 7 Seater,Coimbatore,2015,67585,First,12.99,2494.0,100.6,7.0,4.78 Lakh,11.99,4.78,False,False,True,10,0.9230177059276367
5714,Hyundai i10 Sportz 1.2 AT,Mumbai,2010,57000,Second,16.95,1197.0,78.9,5.0,4.78 Lakh,2.5,4.78,False,True,False,15,0.14749262536873156
5715,Honda City i-VTEC CVT V,Kochi,2019,22321,First,18.0,1497.0,117.3,5.0,13.4 Lakh,11.66,13.4,False,True,False,6,0.6477777777777778
5716,Maruti Zen LX,Jaipur,1998,95150,Third,17.3,993.0,60.0,5.0,4.78 Lakh,0.53,4.78,False,True,True,27,0.030635838150289016
5717,Maruti Wagon R LXI BS IV,Kolkata,2015,36428,First,20.51,998.0,67.04,5.0,4.78 Lakh,3.1,4.78,False,True,True,10,0.15114578254509994
5718,Ford Figo Diesel Titanium,Hyderabad,2012,73500,Second,20.0,1399.0,68.0,5.0,4.78 Lakh,2.6,4.78,False,False,True,13,0.13
5719,Honda Amaze S i-Vtech,Kochi,2015,47234,First,18.0,1198.0,86.7,5.0,4.78 Lakh,5.09,4.78,False,True,True,10,0.2827777777777778
5720,Hyundai Accent GLE,Hyderabad,2008,62364,First,13.2,1495.0,94.0,5.0,4.78 Lakh,2.3,4.78,False,True,True,17,0.17424242424242423
5721,Hyundai Verna 1.6 SX CRDi (O),Pune,2012,89000,First,22.32,1582.0,126.32,5.0,4.78 Lakh,6.0,4.78,False,False,True,13,0.26881720430107525
5722,Maruti Swift ZDi,Ahmedabad,2013,58653,First,25.2,1248.0,74.0,5.0,4.78 Lakh,4.4,4.78,False,False,True,12,0.17460317460317462
5723,Mercedes-Benz B Class B180,Delhi,2013,30000,Second,14.8,1595.0,120.7,5.0,4.78 Lakh,11.0,4.78,False,True,False,12,0.7432432432432432
5724,Chevrolet Cruze LTZ,Coimbatore,2014,64042,First,17.3,1998.0,163.7,5.0,4.78 Lakh,5.7,4.78,False,False,True,11,0.32947976878612717
5725,Skoda Laura Ambiente 2.0 TDI CR AT,Chennai,2013,120000,First,20.0,1968.0,138.1,5.0,4.78 Lakh,6.95,4.78,False,False,False,12,0.34750000000000003
5726,Mahindra Scorpio VLX 2WD BSIV,Hyderabad,2014,90000,First,12.05,2179.0,120.0,8.0,4.78 Lakh,7.9,4.78,False,False,True,11,0.6556016597510373
5727,BMW X1 xDrive 20d xLine,Kochi,2018,30733,First,20.68,1995.0,190.0,5.0,4.78 Lakh,29.3,4.78,False,False,False,7,1.4168278529980658
5728,Mercedes-Benz E-Class 2009-2013 E350 Petrol,Kolkata,2009,43600,First,10.93,3498.0,272.0,5.0,4.78 Lakh,10.24,4.78,False,True,False,16,0.9368709972552608
5729,Skoda Superb Elegance 1.8 TSI AT,Pune,2010,71473,Second,13.7,1798.0,157.75,5.0,4.78 Lakh,5.35,4.78,False,True,False,15,0.39051094890510946
5730,Honda Brio VX AT,Mumbai,2014,39000,Second,16.5,1198.0,86.8,5.0,4.78 Lakh,3.49,4.78,False,True,False,11,0.21151515151515152
5731,Hyundai i10 Magna 1.2,Hyderabad,2009,84045,First,20.36,1197.0,78.9,5.0,4.78 Lakh,2.85,4.78,False,True,True,16,0.13998035363457761
5732,Honda City i VTEC SV,Mumbai,2014,57004,First,17.4,1497.0,117.3,5.0,4.78 Lakh,5.35,4.78,False,True,True,11,0.3074712643678161
5733,Ford Figo Petrol ZXI,Coimbatore,2012,75464,First,15.6,1196.0,70.0,5.0,4.78 Lakh,3.62,4.78,False,True,True,13,0.23205128205128206
5734,Toyota Innova 2.5 G4 Diesel 7-seater,Hyderabad,2006,142000,First,12.8,2494.0,102.0,7.0,4.78 Lakh,6.25,4.78,False,False,True,19,0.48828125
5735,Mahindra Verito 1.5 D6 BSIV,Kochi,2012,118683,Second,21.0,1461.0,64.1,5.0,4.78 Lakh,3.19,4.78,False,False,True,13,0.1519047619047619
5736,Mahindra KUV 100 G80 K8 Dual Tone,Delhi,2018,42000,First,18.15,1198.0,82.0,6.0,7.96 Lakh,5.5,7.96,False,True,True,7,0.30303030303030304
5737,Hyundai i20 Sportz Option 1.2,Kochi,2019,12800,First,18.6,1197.0,81.83,5.0,4.78 Lakh,7.67,4.78,False,True,True,6,0.41236559139784945
5738,Tata New Safari EX 4x2,Jaipur,2011,80000,First,12.0,2092.0,127.0,7.0,4.78 Lakh,5.5,4.78,False,True,True,14,0.4583333333333333
5739,Maruti Swift Dzire VDi,Hyderabad,2014,76126,First,19.3,1248.0,73.9,5.0,4.78 Lakh,6.6,4.78,False,False,True,11,0.34196891191709844
5740,BMW X5 xDrive 30d M Sport,Chennai,2017,21000,Second,15.97,2993.0,258.0,5.0,4.78 Lakh,55.0,4.78,False,False,False,8,3.443957420162805
5741,Audi A6 2011-2015 2.0 TDI Premium Plus,Pune,2013,85000,First,17.68,1968.0,174.33,5.0,4.78 Lakh,21.0,4.78,False,False,False,12,1.1877828054298643
5742,Maruti Baleno Delta 1.2,Jaipur,2017,27000,First,21.4,1197.0,83.1,5.0,4.78 Lakh,4.5,4.78,False,True,True,8,0.21028037383177572
5743,Hyundai Santa Fe 4WD AT,Coimbatore,2016,45794,First,13.01,2199.0,194.3,7.0,4.78 Lakh,20.67,4.78,False,False,False,9,1.5887778631821676
5744,Chevrolet Cruze LTZ AT,Hyderabad,2013,57352,First,14.39,1998.0,163.7,5.0,4.78 Lakh,6.5,4.78,False,False,False,12,0.45170257123002083
5745,Mercedes-Benz E-Class 2015-2017 E250 Edition E,Coimbatore,2018,41467,First,15.0,2143.0,204.0,5.0,4.78 Lakh,37.98,4.78,False,False,False,7,2.5319999999999996
5746,Hyundai Santro Xing GLS,Mumbai,2009,42000,First,17.92,1086.0,62.1,5.0,4.78 Lakh,1.45,4.78,False,True,True,16,0.08091517857142856
5748,Maruti Ciaz VDi Plus SHVS,Hyderabad,2015,67048,First,28.09,1248.0,88.5,5.0,4.78 Lakh,7.9,4.78,False,False,True,10,0.28123887504449985
5749,Honda City i-VTEC V,Kochi,2018,11732,First,17.4,1497.0,117.3,5.0,11.88 Lakh,10.07,11.88,False,True,True,7,0.5787356321839081
5750,Nissan Terrano XL Plus ICC WT20 SE,Mumbai,2016,37000,First,20.45,1461.0,83.8,5.0,4.78 Lakh,6.5,4.78,False,False,True,9,0.31784841075794623
5751,BMW 3 Series 320d Prestige,Hyderabad,2015,30000,First,18.88,1995.0,184.0,5.0,4.78 Lakh,22.0,4.78,False,False,False,10,1.1652542372881356
5752,Honda City i DTEC V,Hyderabad,2016,53000,First,26.0,1498.0,98.6,5.0,4.78 Lakh,9.75,4.78,False,False,True,9,0.375
5753,Nissan Terrano XL Plus 85 PS,Jaipur,2014,60000,First,20.45,1461.0,83.8,5.0,4.78 Lakh,6.0,4.78,False,False,True,11,0.293398533007335
5754,Hyundai Grand i10 CRDi Sportz,Delhi,2014,65000,First,24.0,1120.0,70.0,5.0,4.78 Lakh,3.99,4.78,False,False,True,11,0.16625
5756,Toyota Fortuner 4x2 AT,Delhi,2015,92000,First,12.55,2982.0,168.5,7.0,4.78 Lakh,19.75,4.78,False,False,False,10,1.5737051792828685
5757,Toyota Innova Crysta 2.4 VX MT,Kolkata,2017,31000,First,13.68,2393.0,147.8,7.0,21.36 Lakh,16.95,21.36,False,False,True,8,1.2390350877192982
5758,Maruti Baleno Zeta 1.2,Chennai,2017,43917,First,21.4,1197.0,83.1,5.0,4.78 Lakh,6.8,4.78,False,True,True,8,0.31775700934579443
5760,Hyundai i10 Sportz 1.1L,Pune,2013,84000,First,19.81,1086.0,68.05,5.0,4.78 Lakh,2.95,4.78,False,True,True,12,0.14891468955073198
5761,Audi Q7 3.0 TDI Quattro Premium Plus,Coimbatore,2015,55662,First,12.07,2967.0,241.4,7.0,4.78 Lakh,42.83,4.78,False,False,False,10,3.5484672742336367
5762,Volvo S60 D4 Momentum,Hyderabad,2014,51000,First,27.03,1969.0,190.0,5.0,45.67 Lakh,21.5,45.67,False,False,False,11,0.7954125046244913
5763,Honda City i VTEC V,Jaipur,2015,24398,First,17.8,1497.0,117.3,5.0,4.78 Lakh,7.9,4.78,False,True,True,10,0.44382022471910115
5764,Maruti Alto K10 2010-2014 VXI,Hyderabad,2011,78000,Second,20.92,998.0,67.1,5.0,4.78 Lakh,2.3,4.78,False,True,True,14,0.10994263862332694
5765,Honda Brio 1.2 S Option MT,Delhi,2012,40315,First,18.5,1198.0,86.8,5.0,5.92 Lakh,2.75,5.92,False,True,True,13,0.14864864864864866
5766,Mahindra Scorpio VLX 2WD AIRBAG BSIV,Jaipur,2011,83000,First,12.05,2179.0,120.0,8.0,4.78 Lakh,6.71,4.78,False,False,True,14,0.5568464730290456
5767,Renault Duster 110PS Diesel RxL AMT,Kochi,2017,58151,First,19.6,1461.0,108.45,5.0,4.78 Lakh,9.6,4.78,False,False,False,8,0.48979591836734687
5768,Hyundai Creta 1.6 CRDi SX,Kochi,2017,30519,First,19.67,1582.0,126.2,5.0,4.78 Lakh,12.81,4.78,False,False,True,8,0.6512455516014235
5769,Tata Tiago 1.2 Revotron XZ,Coimbatore,2019,20712,First,23.84,1199.0,84.0,5.0,6.59 Lakh,6.94,6.59,False,True,True,6,0.2911073825503356
5770,Mahindra XUV500 W6 2WD,Mumbai,2015,48000,First,16.0,2179.0,140.0,7.0,4.78 Lakh,9.45,4.78,False,False,True,10,0.590625
5771,Volkswagen Vento 1.5 TDI Highline,Hyderabad,2015,85000,First,20.34,1498.0,103.2,5.0,4.78 Lakh,6.0,4.78,False,False,True,10,0.2949852507374631
5772,Mercedes-Benz B Class B180,Delhi,2013,32000,First,14.8,1595.0,120.7,5.0,4.78 Lakh,11.0,4.78,False,True,False,12,0.7432432432432432
5773,Maruti SX4 Vxi BSIV,Delhi,2011,52000,First,15.5,1586.0,103.3,5.0,4.78 Lakh,2.6,4.78,False,True,True,14,0.16774193548387098
5774,Hyundai Getz GLE,Hyderabad,2007,58307,First,15.3,1341.0,83.0,5.0,4.78 Lakh,1.95,4.78,False,True,True,18,0.12745098039215685
5775,BMW 6 Series Gran Coupe,Mumbai,2013,30000,First,17.54,2993.0,313.0,4.0,4.78 Lakh,45.0,4.78,False,False,False,12,2.5655644241733184
5776,Audi A4 2.0 TDI 177 Bhp Premium Plus,Chennai,2014,40000,First,17.11,1968.0,174.33,5.0,4.78 Lakh,22.0,4.78,False,False,False,11,1.2857977790765636
5777,Hyundai i20 Asta Option 1.2,Kolkata,2015,36000,First,18.6,1197.0,81.83,5.0,4.78 Lakh,4.9,4.78,False,True,True,10,0.26344086021505375
5778,Nissan Terrano XL D Option,Kochi,2015,58817,First,19.87,1461.0,83.14,5.0,15.06 Lakh,6.25,15.06,False,False,True,10,0.3145445395067941
5779,Volkswagen Vento Konekt Diesel Highline,Chennai,2013,55000,Second,20.54,1598.0,103.6,5.0,4.78 Lakh,6.1,4.78,False,False,True,12,0.29698149951314506
5780,Hyundai i10 Sportz,Mumbai,2011,39000,First,20.36,1197.0,78.9,5.0,4.78 Lakh,2.6,4.78,False,True,True,14,0.12770137524557956
5781,Lamborghini Gallardo Coupe,Delhi,2011,6500,Third,6.4,5204.0,560.0,2.0,4.78 Lakh,120.0,4.78,False,True,False,14,18.75
5782,Jaguar XF 3.0 Litre S Premium Luxury,Hyderabad,2012,35000,First,14.74,2993.0,270.9,5.0,4.78 Lakh,29.0,4.78,False,False,False,13,1.9674355495251017
5783,Maruti Swift Dzire VXi,Pune,2010,49900,Second,17.5,1298.0,85.8,5.0,4.78 Lakh,3.3,4.78,False,True,True,15,0.18857142857142856
5784,Tata Indica Vista Quadrajet VX,Hyderabad,2013,99500,Second,22.3,1248.0,74.0,5.0,4.78 Lakh,3.05,4.78,False,False,True,12,0.13677130044843047
5785,Hyundai i20 Asta 1.4 CRDi,Kolkata,2012,33249,First,21.27,1396.0,88.76,5.0,4.78 Lakh,3.25,4.78,False,False,True,13,0.152797367183827
5786,Hyundai Xcent 1.2 Kappa S Option,Delhi,2014,52000,First,19.1,1197.0,81.86,5.0,4.78 Lakh,3.75,4.78,False,True,True,11,0.1963350785340314
5787,Toyota Innova 2.5 VX (Diesel) 7 Seater,Mumbai,2015,45000,First,12.99,2494.0,100.6,7.0,4.78 Lakh,13.25,4.78,False,False,True,10,1.0200153964588146
5788,Tata Tiago 1.2 Revotron XZ,Hyderabad,2017,22000,First,23.84,1199.0,84.0,5.0,6.42 Lakh,4.8,6.42,False,True,True,8,0.20134228187919462
5789,Renault KWID RXL,Kochi,2019,7858,First,25.17,799.0,53.3,5.0,4.04 Lakh,3.8,4.04,False,True,True,6,0.15097338100913785
5790,Toyota Innova 2.5 V Diesel 7-seater,Pune,2011,112000,First,12.8,2494.0,102.0,7.0,4.78 Lakh,8.5,4.78,False,False,True,14,0.6640625
5791,Mercedes-Benz E-Class 2015-2017 E250 CDI Avantgarde,Coimbatore,2016,41082,First,13.0,2143.0,204.0,5.0,4.78 Lakh,38.76,4.78,False,False,False,9,2.9815384615384612
5792,Honda City 1.5 S AT,Ahmedabad,2009,72000,First,16.8,1497.0,116.4,5.0,4.78 Lakh,3.2,4.78,False,True,False,16,0.19047619047619047
5793,Hyundai i10 Sportz 1.2,Hyderabad,2011,84912,First,20.36,1197.0,78.9,5.0,4.78 Lakh,3.5,4.78,False,True,True,14,0.1719056974459725
5794,Hyundai Creta 1.6 CRDi SX Option,Pune,2015,70000,First,19.67,1582.0,126.2,5.0,4.78 Lakh,12.25,4.78,False,False,True,10,0.6227758007117438
5795,Honda Amaze VX Petrol,Mumbai,2014,21000,First,19.5,1199.0,86.76,5.0,8.99 Lakh,4.75,8.99,False,True,True,11,0.24358974358974358
5796,Volkswagen Polo 1.2 MPI Trendline,Delhi,2016,27000,First,18.78,999.0,74.0,5.0,4.78 Lakh,4.5,4.78,False,True,True,9,0.23961661341853033
5797,Hyundai i10 Magna 1.2,Kolkata,2012,29000,First,20.36,1197.0,78.9,5.0,4.78 Lakh,2.35,4.78,False,True,True,13,0.11542239685658154
5798,Renault Pulse RxL,Hyderabad,2014,48425,First,23.08,1461.0,63.12,5.0,4.78 Lakh,3.4,4.78,False,False,True,11,0.14731369150779897
5799,Volkswagen Vento 1.5 TDI Highline AT,Pune,2016,19000,First,21.5,1498.0,108.5,5.0,15.68 Lakh,10.0,15.68,False,False,False,9,0.46511627906976744
5800,Toyota Innova 2.5 VX (Diesel) 7 Seater BS IV,Hyderabad,2012,210000,First,12.99,2494.0,100.0,7.0,4.78 Lakh,9.0,4.78,False,False,True,13,0.6928406466512702
5801,Toyota Corolla Altis G,Delhi,2013,64000,Second,14.53,1798.0,138.1,5.0,4.78 Lakh,5.2,4.78,False,True,True,12,0.3578802477632485
5802,Hyundai Verna CRDi,Chennai,2006,200000,Second,16.8,1493.0,110.0,5.0,4.78 Lakh,1.85,4.78,False,False,True,19,0.11011904761904762
5803,Mercedes-Benz GL-Class 350 CDI Blue Efficiency,Chennai,2013,100000,Second,11.3,2987.0,254.8,7.0,4.78 Lakh,38.0,4.78,False,False,False,12,3.3628318584070795
5804,Renault Duster 85PS Diesel RxL Optional,Kochi,2013,69140,First,20.46,1461.0,83.8,5.0,4.78 Lakh,5.11,4.78,False,False,True,12,0.24975562072336266
5805,Skoda Rapid 1.6 MPI Ambition,Coimbatore,2019,21214,First,15.41,1598.0,103.52,5.0,12.44 Lakh,9.66,12.44,False,True,True,6,0.6268656716417911
5806,Hyundai i10 Sportz 1.2,Kolkata,2015,28000,First,20.36,1197.0,78.9,5.0,4.78 Lakh,3.4,4.78,False,True,True,10,0.16699410609037327
5807,Mahindra KUV 100 mFALCON G80 K8,Kochi,2017,29085,First,18.15,1198.0,82.0,6.0,4.78 Lakh,5.84,4.78,False,True,True,8,0.32176308539944903
5808,Maruti Celerio VXI AMT,Kolkata,2016,30000,First,23.1,998.0,67.04,5.0,5.77 Lakh,3.8,5.77,False,True,False,9,0.16450216450216448
5809,Maruti A-Star AT VXI,Mumbai,2012,32910,First,16.98,998.0,66.1,5.0,4.78 Lakh,2.5,4.78,False,True,False,13,0.14723203769140164
5810,Honda City i DTEC VX,Kolkata,2015,30000,First,25.1,1498.0,98.6,5.0,4.78 Lakh,6.95,4.78,False,False,True,10,0.27689243027888444
5811,Skoda Superb 1.8 TSI,Pune,2010,35102,First,12.6,1798.0,161.6,5.0,4.78 Lakh,5.5,4.78,False,True,False,15,0.4365079365079365
5812,Hyundai Grand i10 Sportz,Coimbatore,2017,22831,First,18.9,1197.0,82.0,5.0,4.78 Lakh,6.19,4.78,False,True,True,8,0.32751322751322753
5813,Renault Duster 85PS Diesel RxL,Hyderabad,2013,74911,First,20.45,1461.0,83.8,5.0,4.78 Lakh,6.0,4.78,False,False,True,12,0.293398533007335
5814,Hyundai Grand i10 Magna,Pune,2015,21000,First,18.9,1197.0,82.0,5.0,4.78 Lakh,3.75,4.78,False,True,True,10,0.19841269841269843
5815,Ford EcoSport 1.5 TDCi Titanium,Kochi,2018,37160,First,22.77,1498.0,98.59,5.0,4.78 Lakh,9.46,4.78,False,False,True,7,0.4154589371980677
5816,Nissan Sunny 2011-2014 XL,Jaipur,2011,41000,Second,16.95,1498.0,97.7,5.0,4.78 Lakh,3.0,4.78,False,True,True,14,0.17699115044247787
5817,Ford Figo Aspire 1.5 TDCi Titanium,Chennai,2016,37294,First,25.83,1498.0,99.0,5.0,4.78 Lakh,5.75,4.78,False,False,True,9,0.2226093689508324
5818,Honda Civic 2006-2010 1.8 V MT,Coimbatore,2009,56927,First,13.5,1799.0,130.0,5.0,4.78 Lakh,4.41,4.78,False,True,True,16,0.32666666666666666
5819,Renault KWID RXT Optional,Kochi,2017,21954,First,25.17,799.0,53.3,5.0,4.78 Lakh,3.7,4.78,False,True,True,8,0.14700039729837108
5820,Honda Brio EX MT,Kolkata,2014,50000,Second,19.4,1198.0,86.8,5.0,4.78 Lakh,2.5,4.78,False,True,True,11,0.1288659793814433
5821,Maruti Swift ZXI ABS,Coimbatore,2012,78212,First,16.1,1298.0,88.2,5.0,4.78 Lakh,5.35,4.78,False,True,True,13,0.3322981366459627
5822,Hyundai i20 Magna Optional 1.4 CRDi,Delhi,2013,64500,First,21.9,1396.0,88.8,5.0,4.78 Lakh,3.65,4.78,False,False,True,12,0.16666666666666669
5823,Skoda Superb Elegance 2.0 TDI CR AT,Delhi,2014,51000,First,17.2,1968.0,138.03,5.0,4.78 Lakh,13.0,4.78,False,False,False,11,0.7558139534883721
5824,Maruti Wagon R LXI BSII,Delhi,2012,52000,First,18.9,998.0,67.1,5.0,4.78 Lakh,2.45,4.78,False,True,True,13,0.12962962962962965
5825,Volkswagen Vento 1.5 TDI Highline AT,Mumbai,2015,120000,First,21.21,1498.0,103.2,5.0,4.78 Lakh,5.75,4.78,False,False,False,10,0.2710985384252711
5826,Honda City i DTEC S,Coimbatore,2017,65792,First,26.0,1498.0,98.6,5.0,4.78 Lakh,8.11,4.78,False,False,True,8,0.3119230769230769
5827,Hyundai i20 1.4 Sportz,Ahmedabad,2018,30000,First,22.54,1396.0,88.73,5.0,4.78 Lakh,7.75,4.78,False,False,True,7,0.34383318544809227
5828,Nissan Micra XV CVT,Coimbatore,2017,54387,First,19.15,1198.0,75.94,5.0,9.51 Lakh,5.85,9.51,False,True,False,8,0.30548302872062666
5829,Renault KWID RXT Optional,Mumbai,2018,1617,First,25.17,799.0,53.3,5.0,4.78 Lakh,4.29,4.78,False,True,True,7,0.1704410011918951
5830,Honda City i-DTEC SV,Hyderabad,2015,82000,First,25.6,1498.0,98.6,5.0,13.33 Lakh,8.0,13.33,False,False,True,10,0.3125
5831,Toyota Innova Crysta 2.4 G MT 8S,Mumbai,2017,20000,First,13.68,2393.0,147.8,8.0,4.78 Lakh,16.5,4.78,False,False,True,8,1.206140350877193
5832,Maruti Baleno Alpha 1.3,Jaipur,2015,98000,First,27.39,1248.0,74.0,5.0,4.78 Lakh,5.5,4.78,False,False,True,10,0.20080321285140562
5833,Ford EcoSport 1.5 TDCi Trend,Delhi,2015,57000,First,22.77,1498.0,98.59,5.0,4.78 Lakh,6.35,4.78,False,False,True,10,0.27887571365832237
5834,Toyota Innova 2.5 G (Diesel) 8 Seater,Jaipur,2013,250000,Second,12.99,2494.0,100.6,8.0,4.78 Lakh,7.9,4.78,False,False,True,12,0.6081601231716706
5835,Ford Ecosport 1.5 DV5 MT Ambiente,Hyderabad,2014,56549,First,22.7,1498.0,89.84,5.0,4.78 Lakh,7.2,4.78,False,False,True,11,0.31718061674008813
5836,Volkswagen Polo Diesel Comfortline 1.2L,Bangalore,2012,78500,First,22.07,1199.0,73.9,5.0,4.78 Lakh,3.65,4.78,False,False,True,13,0.1653828726778432
5837,Hyundai i20 Sportz 1.4 CRDi,Kochi,2016,55036,First,22.54,1396.0,88.73,5.0,4.78 Lakh,6.35,4.78,False,False,True,9,0.28172138420585624
5838,Renault Duster 85PS Diesel RxL Explore,Pune,2016,55000,First,19.87,1461.0,83.8,5.0,4.78 Lakh,7.8,4.78,False,False,True,9,0.3925515853044791
5839,Ford Ikon 1.3 Flair,Chennai,2007,90000,Second,13.8,1299.0,70.0,5.0,4.78 Lakh,1.4,4.78,False,True,True,18,0.10144927536231883
5840,Ford Endeavour XLT TDCi 4X2,Chennai,2007,155000,First,13.1,2499.0,141.0,7.0,4.78 Lakh,5.5,4.78,False,False,True,18,0.41984732824427484
5841,Maruti Baleno Delta 1.3,Hyderabad,2018,17810,First,27.39,1248.0,74.0,5.0,4.78 Lakh,8.5,4.78,False,False,True,7,0.3103322380430814
5842,Mercedes-Benz New C-Class C 220 CDI Elegance AT,Kochi,2011,42408,First,14.84,2143.0,170.0,5.0,4.78 Lakh,10.48,4.78,False,False,False,14,0.706199460916442
5843,Maruti Esteem Vxi - BSIII,Ahmedabad,2005,81000,Second,15.9,1298.0,85.0,5.0,4.78 Lakh,0.75,4.78,False,True,True,20,0.04716981132075471
5844,Tata Indigo XL Grand Petrol,Pune,2008,52000,Second,12.85,1396.0,99.6,5.0,4.78 Lakh,1.3,4.78,False,True,True,17,0.10116731517509728
5845,BMW 5 Series 525d Sedan,Mumbai,2013,35000,First,16.73,2993.0,218.0,5.0,4.78 Lakh,21.0,4.78,False,False,False,12,1.2552301255230125
5846,Hyundai Santro Xing GL Plus,Delhi,2013,60000,First,17.92,1086.0,62.1,5.0,4.78 Lakh,2.3,4.78,False,True,True,12,0.12834821428571427
5847,Skoda Octavia 2.0 TDI AT Style Plus,Mumbai,2015,27000,First,19.5,1968.0,141.0,5.0,4.78 Lakh,14.95,4.78,False,False,False,10,0.7666666666666666
5848,Audi A6 2011-2015 35 TDI Technology,Coimbatore,2017,55975,Second,17.68,1968.0,174.33,5.0,4.78 Lakh,35.92,4.78,False,False,False,8,2.0316742081447967
5849,Ford Figo 1.5D Trend MT,Pune,2016,115000,First,25.83,1498.0,99.0,5.0,4.78 Lakh,4.5,4.78,False,False,True,9,0.17421602787456447
5850,Mahindra Xylo D4 BS III,Hyderabad,2016,132000,First,14.95,2489.0,93.7,7.0,4.78 Lakh,5.5,4.78,False,False,True,9,0.3678929765886288
5851,Maruti Celerio ZXI AT,Mumbai,2015,40337,First,23.1,998.0,67.04,5.0,4.78 Lakh,4.45,4.78,False,True,False,10,0.19264069264069264
5852,Toyota Innova 2.5 G4 Diesel 8-seater,Chennai,2008,192000,First,12.8,2494.0,102.0,8.0,4.78 Lakh,6.85,4.78,False,False,True,17,0.5351562499999999
5853,Hyundai Grand i10 CRDi Asta,Bangalore,2016,50000,First,24.0,1120.0,70.0,5.0,4.78 Lakh,5.5,4.78,False,False,True,9,0.22916666666666666
5854,Hyundai Grand i10 1.2 Kappa Sportz,Kochi,2016,28147,First,18.9,1197.0,81.86,5.0,6.62 Lakh,5.07,6.62,False,True,True,9,0.2682539682539683
5855,Hyundai Grand i10 Sportz,Mumbai,2015,20000,First,18.9,1197.0,82.0,5.0,4.78 Lakh,3.85,4.78,False,True,True,10,0.20370370370370372
5856,Hyundai Elite i20 Petrol Asta,Chennai,2016,11000,First,18.6,1197.0,81.86,5.0,4.78 Lakh,7.95,4.78,False,True,True,9,0.42741935483870963
5857,Maruti Zen Estilo LXI BSIII,Jaipur,2009,63000,Second,18.2,998.0,67.1,5.0,4.78 Lakh,1.25,4.78,False,True,True,16,0.06868131868131869
5858,Maruti Alto K10 2010-2014 VXI,Kochi,2014,36967,First,20.92,998.0,67.1,5.0,4.78 Lakh,3.64,4.78,False,True,True,11,0.17399617590822178
5859,Toyota Fortuner 4x2 Manual,Jaipur,2016,73053,First,13.0,2982.0,168.5,7.0,4.78 Lakh,20.0,4.78,False,False,True,9,1.5384615384615385
5860,Mahindra Thar CRDe AC,Coimbatore,2019,16392,First,16.55,2498.0,105.0,6.0,4.78 Lakh,10.36,4.78,False,False,True,6,0.6259818731117824
5862,Toyota Etios G,Jaipur,2013,67000,Second,16.78,1496.0,88.73,5.0,4.78 Lakh,4.05,4.78,False,True,True,12,0.24135876042908222
5863,Mercedes-Benz GL-Class 2007 2012 350 CDI Luxury,Mumbai,2015,48600,First,12.0,2987.0,224.0,7.0,4.78 Lakh,48.5,4.78,False,False,False,10,4.041666666666667
5864,Renault Duster 110PS Diesel RxZ,Bangalore,2014,70000,First,19.6,1461.0,108.45,5.0,15.01 Lakh,8.25,15.01,False,False,True,11,0.42091836734693877
5865,Maruti Swift VDI,Pune,2014,84000,First,22.9,1248.0,74.0,5.0,4.78 Lakh,5.25,4.78,False,False,True,11,0.2292576419213974
5866,Volkswagen Vento Magnific 1.6 Comfortline,Mumbai,2013,49106,First,15.04,1598.0,103.2,5.0,4.78 Lakh,4.4,4.78,False,True,True,12,0.29255319148936176
5867,Skoda Superb L&K 2.0 TDI AT,Mumbai,2017,35000,First,18.19,1968.0,174.5,5.0,40.73 Lakh,25.75,40.73,False,False,False,8,1.4156129741616272
5868,BMW 3 Series 330d Convertible,Kochi,2014,51240,First,8.2,2993.0,245.0,4.0,4.78 Lakh,29.52,4.78,False,False,False,11,3.6
5869,Maruti Wagon R VXI BS IV,Kolkata,2011,37000,Second,18.9,998.0,67.1,5.0,4.78 Lakh,2.1,4.78,False,True,True,14,0.11111111111111112
5870,Renault KWID RXT,Kochi,2017,32587,First,25.17,799.0,53.3,5.0,4.78 Lakh,3.71,4.78,False,True,True,8,0.14739769566944774
5871,Ford Endeavour 4x2 XLT Limited Edition,Pune,2009,180000,First,10.9,2499.0,143.0,7.0,4.78 Lakh,7.5,4.78,False,False,True,16,0.6880733944954128
5872,Maruti Vitara Brezza ZDi Plus Dual Tone,Kochi,2017,21248,First,24.3,1248.0,88.5,5.0,11.75 Lakh,9.44,11.75,False,False,True,8,0.388477366255144
5874,Mercedes-Benz E-Class 200 Kompressor Elegance,Delhi,2014,40000,First,10.5,1796.0,157.7,5.0,4.78 Lakh,24.0,4.78,False,True,False,11,2.2857142857142856
5875,Mercedes-Benz C-Class Progressive C 220d,Ahmedabad,2019,4000,First,0.0,1950.0,194.0,5.0,49.14 Lakh,35.0,49.14,False,False,False,6,
5877,Audi A4 2.0 TDI Celebration Edition,Delhi,2011,57000,Second,16.55,1968.0,147.51,5.0,4.78 Lakh,9.75,4.78,False,False,False,14,0.5891238670694864
5878,Hyundai Grand i10 Asta,Kolkata,2014,37000,First,18.9,1197.0,82.0,5.0,4.78 Lakh,3.45,4.78,False,True,True,11,0.18253968253968256
5879,Mitsubishi Pajero Sport 4X4,Jaipur,2014,70000,Second,13.5,2477.0,175.56,7.0,33.21 Lakh,11.85,33.21,False,False,True,11,0.8777777777777778
5880,Mercedes-Benz New C-Class C 250 CDI Avantgarde,Coimbatore,2012,92469,Second,19.71,2143.0,201.15,5.0,4.78 Lakh,16.14,4.78,False,False,False,13,0.8188736681887366
5882,Maruti Alto K10 VXI AGS,Ahmedabad,2017,20000,First,24.07,998.0,67.1,5.0,4.78 Lakh,4.0,4.78,False,True,False,8,0.1661819692563357
5883,Hyundai i20 Sportz 1.2,Delhi,2015,42000,Second,18.6,1197.0,81.83,5.0,4.78 Lakh,5.8,4.78,False,True,True,10,0.31182795698924726
5884,Maruti Swift Dzire VDI,Kolkata,2014,28000,First,23.4,1248.0,74.0,5.0,4.78 Lakh,4.65,4.78,False,False,True,11,0.19871794871794873
5885,Mercedes-Benz R-Class R350 4Matic Long,Pune,2010,93000,Second,11.8,3498.0,272.0,7.0,4.78 Lakh,15.0,4.78,False,True,False,15,1.271186440677966
5886,Ford EcoSport 1.5 Ti VCT AT Titanium,Mumbai,2015,23000,First,15.63,1499.0,110.4,5.0,4.78 Lakh,6.8,4.78,False,True,False,10,0.4350607805502239
5887,Honda City i DTEC VX Option,Bangalore,2016,36000,First,25.1,1498.0,98.6,5.0,4.78 Lakh,10.25,4.78,False,False,True,9,0.4083665338645418
5888,Maruti Alto K10 2010-2014 VXI,Chennai,2014,52000,First,20.92,998.0,67.1,5.0,4.78 Lakh,2.7,4.78,False,True,True,11,0.12906309751434034
5889,Maruti Ertiga ZDI,Hyderabad,2015,59245,First,20.77,1248.0,88.8,7.0,4.78 Lakh,8.5,4.78,False,False,True,10,0.4092441020702937
5890,Hyundai i20 Diesel Asta Option,Pune,2018,31000,First,22.54,1396.0,88.73,5.0,4.78 Lakh,7.75,4.78,False,False,True,7,0.34383318544809227
5891,Tata Indigo CS eGLX BS IV,Pune,2015,83000,First,15.64,1193.0,64.08,5.0,4.78 Lakh,2.7,4.78,False,True,True,10,0.17263427109974425
5892,Maruti Alto Std,Hyderabad,2004,81500,Second,19.7,796.0,46.3,5.0,4.78 Lakh,1.3,4.78,False,True,True,21,0.06598984771573604
5894,Hyundai Creta 1.6 SX,Hyderabad,2018,9900,First,15.8,1591.0,121.3,5.0,14.72 Lakh,13.2,14.72,False,True,True,7,0.8354430379746834
5895,Maruti Wagon R LX,Pune,2004,94000,Second,18.9,998.0,67.1,5.0,4.78 Lakh,1.0,4.78,False,True,True,21,0.052910052910052914
5896,Toyota Etios V,Kochi,2017,27100,First,16.78,1496.0,88.73,5.0,4.78 Lakh,6.37,4.78,False,True,True,8,0.37961859356376637
5897,Toyota Etios V,Kolkata,2015,12000,First,16.78,1496.0,88.73,5.0,4.78 Lakh,4.5,4.78,False,True,True,10,0.268176400476758
5898,Renault Duster 110PS Diesel RXZ Optional with Nav,Mumbai,2013,29000,First,19.01,1461.0,108.45,5.0,4.78 Lakh,6.5,4.78,False,False,True,12,0.34192530247238295
5899,Maruti Swift Dzire Vdi BSIV,Mumbai,2013,65000,Second,19.3,1248.0,73.9,5.0,4.78 Lakh,4.99,4.78,False,False,True,12,0.25854922279792747
5900,Mercedes-Benz GLC 220,Coimbatore,2017,50794,First,17.9,2143.0,170.0,5.0,4.78 Lakh,43.3,4.78,False,False,False,8,2.4189944134078214
5901,Ford Ecosport 1.5 DV5 MT Titanium Optional,Mumbai,2014,59000,First,22.7,1498.0,89.84,5.0,4.78 Lakh,6.5,4.78,False,False,True,11,0.28634361233480177
5903,Maruti Ciaz 1.4 AT Alpha,Hyderabad,2017,15234,First,19.12,1373.0,91.1,5.0,4.78 Lakh,9.95,4.78,False,True,False,8,0.5203974895397488
5904,Ford Ecosport 1.5 DV5 MT Titanium,Mumbai,2015,44000,First,22.7,1498.0,89.84,5.0,4.78 Lakh,7.35,4.78,False,False,True,10,0.3237885462555066
5905,Tata Zest Quadrajet 1.3 75PS XE,Hyderabad,2016,125000,First,22.95,1248.0,74.0,5.0,8.09 Lakh,4.6,8.09,False,False,True,9,0.20043572984749455
5906,Ford Endeavour 3.0L 4X4 AT,Chennai,2011,100000,First,11.4,2953.0,153.86,7.0,4.78 Lakh,8.5,4.78,False,False,False,14,0.7456140350877193
5907,Renault Duster 110PS Diesel RxZ AMT,Coimbatore,2017,34686,First,19.6,1461.0,108.45,5.0,15.05 Lakh,11.86,15.05,False,False,False,8,0.6051020408163265
5908,Nissan X-Trail SLX MT,Pune,2011,98000,First,14.42,1995.0,147.6,5.0,4.78 Lakh,8.0,4.78,False,False,True,14,0.5547850208044383
5909,Toyota Fortuner 4x4 AT,Delhi,2015,90000,First,12.55,2982.0,168.5,7.0,4.78 Lakh,21.5,4.78,False,False,False,10,1.7131474103585655
5910,Chevrolet Aveo U-VA 1.2 LS,Pune,2007,81000,First,15.26,1150.0,74.9,5.0,4.78 Lakh,1.3,4.78,False,True,True,18,0.0851900393184797
5911,Skoda Rapid 1.6 TDI Ambition,Chennai,2012,55000,First,20.5,1598.0,103.5,5.0,4.78 Lakh,5.9,4.78,False,False,True,13,0.2878048780487805
5912,Mahindra XUV500 W8 4WD,Bangalore,2013,52910,Second,15.1,2179.0,140.0,7.0,4.78 Lakh,9.5,4.78,False,False,True,12,0.6291390728476821
5913,Maruti Swift Dzire ZDi,Chennai,2010,100000,First,19.3,1248.0,73.9,5.0,4.78 Lakh,4.5,4.78,False,False,True,15,0.23316062176165803
5914,Skoda Octavia Elegance 1.9 TDI,Hyderabad,2003,132000,First,18.7,1896.0,66.0,5.0,4.78 Lakh,2.25,4.78,False,False,True,22,0.12032085561497327
5915,Chevrolet Enjoy Petrol LS 7 Seater,Mumbai,2014,18000,First,13.7,1399.0,98.82,7.0,4.78 Lakh,3.35,4.78,False,True,True,11,0.24452554744525548
5916,Hyundai Accent GLE,Kolkata,2005,50000,First,13.2,1495.0,94.0,5.0,4.78 Lakh,0.7,4.78,False,True,True,20,0.05303030303030303
5917,Mercedes-Benz New C-Class C 200 CGI,Bangalore,2012,33000,First,14.74,1991.0,184.0,5.0,4.78 Lakh,16.0,4.78,False,True,False,13,1.0854816824966078
5918,Renault Duster 85PS Diesel RxE,Pune,2014,30000,First,20.45,1461.0,83.8,5.0,4.78 Lakh,8.0,4.78,False,False,True,11,0.39119804400978
5919,Jaguar F Type 5.0 V8 S,Hyderabad,2015,8000,First,12.5,5000.0,488.1,2.0,4.78 Lakh,100.0,4.78,False,True,False,10,8.0
5920,Hyundai Verna 1.6 SX,Kochi,2012,58646,First,22.32,1582.0,126.32,5.0,4.78 Lakh,4.74,4.78,False,False,True,13,0.21236559139784947
5921,Mercedes-Benz E-Class 2015-2017 E250 CDI Avantgarde,Mumbai,2016,21000,First,13.0,2143.0,204.0,5.0,4.78 Lakh,36.0,4.78,False,False,False,9,2.769230769230769
5922,Volkswagen Vento Petrol Highline,Kochi,2015,57026,First,15.04,1598.0,103.6,5.0,4.78 Lakh,5.54,4.78,False,True,True,10,0.3683510638297873
5923,Skoda Superb Style 2.0 TDI AT,Mumbai,2017,42000,First,18.19,1968.0,174.5,5.0,36.94 Lakh,22.99,36.94,False,False,False,8,1.2638812534359536
5924,Mahindra Scorpio 1.99 S4 Plus,Kochi,2017,26741,First,15.4,1997.0,120.0,7.0,4.78 Lakh,10.08,4.78,False,False,True,8,0.6545454545454545
5926,Maruti 800 DX BSII,Pune,2000,78000,First,16.1,796.0,37.0,4.0,4.78 Lakh,0.55,4.78,False,True,True,25,0.034161490683229816
5927,Audi Q5 3.0 TDI Quattro Technology,Coimbatore,2018,29091,First,13.22,2967.0,241.4,5.0,4.78 Lakh,45.52,4.78,False,False,False,7,3.443267776096823
5928,Mahindra NuvoSport N6,Coimbatore,2018,37323,Second,17.45,1493.0,100.0,7.0,10.52 Lakh,7.29,10.52,False,False,True,7,0.4177650429799427
5929,Volkswagen Vento Diesel Highline,Chennai,2011,55595,Second,20.54,1598.0,103.6,5.0,4.78 Lakh,4.3,4.78,False,False,True,14,0.20934761441090555
5930,Maruti Swift Dzire VXI Optional,Chennai,2015,49900,First,20.85,1197.0,83.14,5.0,4.78 Lakh,4.8,4.78,False,True,True,10,0.23021582733812948
5931,Maruti Ertiga VXI,Mumbai,2012,52500,Second,16.02,1373.0,93.7,7.0,4.78 Lakh,5.25,4.78,False,True,True,13,0.32771535580524347
5932,Maruti Alto 800 2016-2019 LXI,Chennai,2016,5700,First,24.7,796.0,47.3,5.0,4.78 Lakh,2.8,4.78,False,True,True,9,0.11336032388663968
5933,Hyundai i20 Magna 1.4 CRDi (Diesel),Kochi,2014,53340,First,21.9,1396.0,88.76,5.0,4.78 Lakh,4.35,4.78,False,False,True,11,0.19863013698630136
5934,Ford Ecosport 1.5 DV5 MT Titanium,Kolkata,2014,57000,First,22.7,1498.0,89.84,5.0,4.78 Lakh,5.49,4.78,False,False,True,11,0.24185022026431718
5936,Volkswagen Vento 1.5 TDI Highline,Bangalore,2014,58000,First,20.34,1498.0,103.2,5.0,4.78 Lakh,6.5,4.78,False,False,True,11,0.3195673549655851
5937,Mahindra Scorpio VLX 2WD Airbag BSIII,Bangalore,2011,73000,First,12.05,2179.0,120.0,8.0,4.78 Lakh,6.4,4.78,False,False,True,14,0.5311203319502075
5938,Ford Figo Aspire 1.5 TDCi Titanium Plus,Kochi,2016,33554,First,25.83,1498.0,99.0,5.0,4.78 Lakh,6.22,4.78,False,False,True,9,0.2408052651955091
5939,Toyota Innova 2.5 G (Diesel) 8 Seater,Mumbai,2012,106000,First,12.99,2494.0,100.0,8.0,4.78 Lakh,8.4,4.78,False,False,True,13,0.6466512702078522
5940,Maruti Dzire LDI,Pune,2018,27000,First,28.4,1248.0,73.75,5.0,7.91 Lakh,5.9,7.91,False,False,True,7,0.20774647887323947
5941,Renault KWID RXL,Pune,2018,1000,First,25.17,799.0,53.3,5.0,4.45 Lakh,3.4,4.45,False,True,True,7,0.1350814461660707
5942,Ford Endeavour 2.5L 4X2 MT,Jaipur,2011,119000,Third,13.1,2499.0,141.0,7.0,4.78 Lakh,6.5,4.78,False,False,True,14,0.4961832061068702
5944,Ford EcoSport 1.0 Ecoboost Titanium Plus,Delhi,2015,64000,First,18.88,999.0,123.24,5.0,4.78 Lakh,6.0,4.78,False,True,True,10,0.31779661016949157
5945,Hyundai Creta 1.6 CRDi SX,Hyderabad,2016,63738,First,19.67,1582.0,126.2,5.0,4.78 Lakh,11.9,4.78,False,False,True,9,0.6049822064056939
5946,BMW 5 Series 2013-2017 530d M Sport,Bangalore,2016,16000,First,14.69,2993.0,258.0,5.0,4.78 Lakh,48.0,4.78,False,False,False,9,3.2675289312457454
5947,Maruti Ertiga VXI AT Petrol,Mumbai,2017,28000,First,18.69,1462.0,103.0,7.0,10.65 Lakh,8.0,10.65,False,True,False,8,0.4280363830925628
5948,Skoda Laura L and K AT,Hyderabad,2007,91000,Second,15.6,1896.0,106.0,5.0,4.78 Lakh,2.45,4.78,False,False,False,18,0.15705128205128208
5949,Chevrolet Beat LS,Kolkata,2013,25000,First,18.6,1199.0,79.4,5.0,4.78 Lakh,1.75,4.78,False,True,True,12,0.09408602150537634
5950,Audi Q3 2.0 TDI,Bangalore,2014,65630,First,15.73,1968.0,174.33,5.0,4.78 Lakh,21.75,4.78,False,False,False,11,1.3827082008900191
5951,Honda City 1.5 V MT,Pune,2014,48094,First,17.0,1497.0,118.0,5.0,4.78 Lakh,7.25,4.78,False,True,True,11,0.4264705882352941
5952,Maruti Swift Lxi BSIII,Pune,2009,90456,Second,16.1,1298.0,88.2,5.0,4.78 Lakh,3.0,4.78,False,True,True,16,0.18633540372670807
5953,Ford Figo Diesel EXI,Jaipur,2012,140000,First,20.0,1399.0,68.0,5.0,4.78 Lakh,2.51,4.78,False,False,True,13,0.1255
5954,Toyota Fortuner 4x4 AT,Chennai,2015,95000,First,12.55,2982.0,168.5,7.0,4.78 Lakh,19.6,4.78,False,False,False,10,1.5617529880478087
5955,Mercedes-Benz New C-Class 200 CDI Classic,Pune,2013,79000,Second,15.8,2148.0,170.0,5.0,4.78 Lakh,15.5,4.78,False,False,True,12,0.9810126582278481
5956,Toyota Innova 2.5 GX (Diesel) 7 Seater,Chennai,2012,96000,First,12.99,2494.0,100.0,7.0,4.78 Lakh,11.5,4.78,False,False,True,13,0.8852963818321786
5957,Honda City 1.5 EXI,Coimbatore,2004,186679,Second,13.0,1493.0,100.0,5.0,4.78 Lakh,1.76,4.78,False,True,True,21,0.13538461538461538
5958,Honda Amaze S i-Dtech,Jaipur,2015,91000,First,25.8,1498.0,98.6,5.0,4.78 Lakh,4.68,4.78,False,False,True,10,0.18139534883720929
5959,Toyota Corolla Altis 1.8 G CVT,Delhi,2010,109703,Second,14.28,1798.0,138.03,5.0,20.46 Lakh,4.0,20.46,False,True,False,15,0.2801120448179272
5960,Tata Indica Vista Quadrajet VX,Hyderabad,2012,110000,First,22.3,1248.0,74.0,5.0,4.78 Lakh,2.8,4.78,False,False,True,13,0.12556053811659193
5961,Mahindra XUV500 W8 2WD,Mumbai,2012,35000,First,16.0,2179.0,140.0,7.0,4.78 Lakh,8.25,4.78,False,False,True,13,0.515625
5962,Maruti Ritz VDi,Kolkata,2010,47722,First,21.1,1248.0,73.9,5.0,4.78 Lakh,1.7,4.78,False,False,True,15,0.08056872037914692
5963,Mercedes-Benz New C-Class C 200 AVANTGARDE,Mumbai,2013,25000,First,14.74,1991.0,181.04,5.0,4.78 Lakh,14.85,4.78,False,True,False,12,1.007462686567164
5964,Hyundai Verna VTVT 1.6 AT SX Option,Mumbai,2018,8000,First,17.0,1591.0,121.3,5.0,15.14 Lakh,12.85,15.14,False,True,False,7,0.7558823529411764
5965,Mercedes-Benz New C-Class C 250 CDI Elegance,Hyderabad,2012,65000,First,14.94,2143.0,204.0,5.0,4.78 Lakh,16.0,4.78,False,False,False,13,1.07095046854083
5966,Maruti Wagon R VXI BS IV,Hyderabad,2018,1048,First,18.9,998.0,67.1,5.0,4.78 Lakh,4.7,4.78,False,True,True,7,0.24867724867724872
5967,Maruti Ertiga VXI,Bangalore,2014,42000,Second,16.02,1373.0,93.7,7.0,4.78 Lakh,5.94,4.78,False,True,True,11,0.3707865168539326
5968,Skoda Rapid Ultima 1.6 TDI Elegance,Hyderabad,2013,55000,First,20.5,1598.0,103.5,5.0,4.78 Lakh,8.0,4.78,False,False,True,12,0.3902439024390244
5969,Toyota Innova 2.5 V Diesel 8-seater,Delhi,2010,72000,First,12.8,2494.0,102.0,8.0,4.78 Lakh,5.45,4.78,False,False,True,15,0.42578125
5970,Mercedes-Benz GLA Class 200 Sport,Kochi,2018,17773,First,13.7,1991.0,183.0,5.0,39.22 Lakh,26.76,39.22,False,True,False,7,1.953284671532847
5971,Volkswagen Polo 1.5 TDI Highline,Hyderabad,2013,65000,Second,20.14,1498.0,88.0,5.0,10.15 Lakh,3.5,10.15,False,False,True,12,0.17378351539225423
5972,Hyundai Santro Xing GL,Mumbai,2008,65000,Second,0.0,1086.0,62.0,5.0,4.78 Lakh,1.39,4.78,False,True,True,17,
5973,Hyundai Verna 1.6 CRDi EX MT,Kolkata,2013,53280,First,22.32,1582.0,126.3,5.0,4.78 Lakh,4.7,4.78,False,False,True,12,0.21057347670250898
5974,Volkswagen Ameo 1.2 MPI Highline,Ahmedabad,2016,34005,First,17.0,1198.0,73.75,5.0,8.09 Lakh,5.75,8.09,False,True,True,9,0.3382352941176471
5975,Hyundai i20 Asta Option 1.2,Coimbatore,2017,14618,First,18.6,1197.0,81.83,5.0,4.78 Lakh,8.11,4.78,False,True,True,8,0.43602150537634404
5976,Maruti Wagon R LX BSIII,Delhi,2006,65771,Second,17.3,1061.0,64.0,5.0,4.78 Lakh,0.75,4.78,False,True,True,19,0.04335260115606936
5977,Tata Indica LEI,Pune,2006,78000,Second,13.5,1405.0,60.0,5.0,4.78 Lakh,1.0,4.78,False,True,True,19,0.07407407407407407
5978,Mahindra Xylo D4,Hyderabad,2016,105545,First,14.0,2498.0,112.0,7.0,4.78 Lakh,5.3,4.78,False,False,True,9,0.37857142857142856
5979,ISUZU D-MAX V-Cross 4X4,Jaipur,2017,25000,First,12.4,2499.0,134.0,5.0,4.78 Lakh,8.0,4.78,False,False,True,8,0.6451612903225806
5980,Hyundai i20 2015-2017 Magna,Pune,2010,80561,First,18.5,1197.0,80.0,5.0,4.78 Lakh,2.74,4.78,False,True,True,15,0.14810810810810812
5981,Maruti Baleno Alpha,Mumbai,2017,6000,First,21.4,1197.0,83.1,5.0,8.78 Lakh,7.5,8.78,False,True,True,8,0.3504672897196262
5982,Tata Hexa XTA,Jaipur,2016,39000,First,17.6,2179.0,153.86,7.0,21 Lakh,13.5,21.0,False,False,False,9,0.7670454545454545
5983,Volkswagen Polo Petrol Comfortline 1.2L,Kolkata,2011,55001,First,16.47,1198.0,73.9,5.0,4.78 Lakh,2.2,4.78,False,True,True,14,0.13357619914996965
5984,Mercedes-Benz New C-Class C 200 CGI Elegance,Mumbai,2012,63720,First,11.74,1796.0,186.0,5.0,4.78 Lakh,13.25,4.78,False,True,False,13,1.1286201022146507
5986,Hyundai Getz GLS,Jaipur,2005,100000,Second,15.3,1341.0,83.0,5.0,4.78 Lakh,0.85,4.78,False,True,True,20,0.05555555555555555
5987,Tata Tiago 1.2 Revotron XT,Kochi,2017,15386,First,23.84,1199.0,84.0,5.0,5.56 Lakh,5.11,5.56,False,True,True,8,0.21434563758389263
5988,Renault Duster 85PS Diesel RxL Option,Mumbai,2013,102486,First,19.87,1461.0,83.8,5.0,4.78 Lakh,4.25,4.78,False,False,True,12,0.21389028686462003
5989,Audi A4 35 TDI Premium Plus,Coimbatore,2013,58629,Second,18.25,1968.0,187.74,5.0,53.14 Lakh,16.52,53.14,False,False,False,12,0.9052054794520548
5990,Tata New Safari DICOR 2.2 VX 4x2,Pune,2008,86000,Third,13.93,2179.0,138.0,7.0,4.78 Lakh,0.6,4.78,False,False,True,17,0.043072505384063174
5991,Maruti Swift VDI,Hyderabad,2012,68238,First,22.9,1248.0,74.0,5.0,4.78 Lakh,4.8,4.78,False,False,True,13,0.20960698689956334
5992,Skoda Superb Elegance 1.8 TSI AT,Mumbai,2011,42036,First,13.7,1798.0,157.75,5.0,4.78 Lakh,6.25,4.78,False,True,False,14,0.4562043795620438
5993,Hyundai Elantra SX,Mumbai,2014,55619,First,16.3,1797.0,147.5,5.0,4.78 Lakh,8.3,4.78,False,True,True,11,0.5092024539877301
5994,Honda City 1.5 E MT,Pune,2009,60000,Third,17.0,1497.0,118.0,5.0,4.78 Lakh,3.25,4.78,False,True,True,16,0.19117647058823528
5995,Renault Duster 85PS Diesel RxL Explore,Pune,2015,30000,First,19.87,1461.0,83.8,5.0,4.78 Lakh,7.75,4.78,False,False,True,10,0.39003522898842474
5996,Jaguar XF 2.2 Litre Luxury,Kochi,2016,31150,First,16.36,2179.0,187.7,5.0,4.78 Lakh,30.54,4.78,False,False,False,9,1.8667481662591687
5998,Volkswagen Polo IPL II 1.2 Petrol Highline,Pune,2010,70290,Second,17.24,1198.0,73.9,5.0,4.78 Lakh,2.96,4.78,False,True,True,15,0.17169373549883993
5999,Tata Bolt Revotron XT,Chennai,2016,10000,First,17.57,1193.0,88.7,5.0,7.77 Lakh,4.0,7.77,False,True,True,9,0.22766078542970972
6000,Hyundai i20 Sportz 1.2,Bangalore,2014,68010,Second,18.5,1197.0,82.85,5.0,4.78 Lakh,5.25,4.78,False,True,True,11,0.28378378378378377
6001,Audi A6 2011-2015 2.0 TDI,Kochi,2013,91903,First,17.68,1968.0,174.33,5.0,4.78 Lakh,17.56,4.78,False,False,False,12,0.9932126696832578
6002,Volkswagen Vento 1.6 Highline,Mumbai,2011,38000,First,16.09,1598.0,103.5,5.0,11.91 Lakh,3.25,11.91,False,True,True,14,0.20198881292728402
6003,Maruti Celerio VXI,Bangalore,2015,67600,First,23.1,998.0,67.04,5.0,4.78 Lakh,4.0,4.78,False,True,True,10,0.17316017316017315
6004,Hyundai Getz GLE,Coimbatore,2007,66800,First,15.3,1341.0,83.0,5.0,4.78 Lakh,2.2,4.78,False,True,True,18,0.14379084967320263
6005,Maruti Vitara Brezza VDi,Pune,2016,37208,First,24.3,1248.0,88.5,5.0,9.93 Lakh,7.43,9.93,False,False,True,9,0.30576131687242797
6006,Mercedes-Benz M-Class ML 320 CDI,Mumbai,2009,102002,First,8.7,2987.0,224.34,5.0,4.78 Lakh,10.75,4.78,False,False,False,16,1.2356321839080462
6007,Maruti Swift Dzire Vdi BSIV,Delhi,2011,68000,First,19.3,1248.0,73.9,5.0,4.78 Lakh,2.75,4.78,False,False,True,14,0.14248704663212436
6008,Porsche Panamera Diesel,Hyderabad,2013,40000,Second,17.85,2967.0,300.0,4.0,4.78 Lakh,45.0,4.78,False,False,False,12,2.5210084033613445
6009,Toyota Camry Hybrid,Mumbai,2015,33500,First,19.16,2494.0,158.2,5.0,4.78 Lakh,19.75,4.78,False,True,False,10,1.0307933194154488
6010,Honda Brio 1.2 VX MT,Delhi,2013,33746,First,18.5,1198.0,86.8,5.0,6.63 Lakh,3.2,6.63,False,True,True,12,0.17297297297297298
6011,Skoda Superb 3.6 V6 FSI,Hyderabad,2009,53000,First,0.0,3597.0,262.6,5.0,4.78 Lakh,4.75,4.78,False,True,False,16,
6012,Toyota Innova 2.5 V Diesel 7-seater,Coimbatore,2011,45004,First,12.8,2494.0,102.0,7.0,4.78 Lakh,9.48,4.78,False,False,True,14,0.740625
6013,Honda Amaze VX i-DTEC,Coimbatore,2015,70602,First,25.8,1498.0,98.6,5.0,4.78 Lakh,4.83,4.78,False,False,True,10,0.1872093023255814
6014,Maruti Swift VDI,Delhi,2014,27365,First,28.4,1248.0,74.0,5.0,7.88 Lakh,4.75,7.88,False,False,True,11,0.16725352112676056
6015,Hyundai Xcent 1.1 CRDi S,Jaipur,2015,100000,First,24.4,1120.0,71.0,5.0,4.78 Lakh,4.0,4.78,False,False,True,10,0.1639344262295082
6016,Mahindra Xylo D4 BSIV,Jaipur,2012,55000,Second,14.0,2498.0,112.0,8.0,4.78 Lakh,2.9,4.78,False,False,True,13,0.20714285714285713
6017,Maruti Wagon R VXI,Kolkata,2013,46000,First,18.9,998.0,67.1,5.0,4.78 Lakh,2.65,4.78,False,True,True,12,0.1402116402116402
6018,Chevrolet Beat Diesel,Hyderabad,2011,47000,First,25.44,936.0,57.6,5.0,4.78 Lakh,2.5,4.78,False,False,True,14,0.09827044025157232
